track,date,number,car_title,result,group,entrant,bodywork,engine,drivers,sponsor,colour,tyre,updated,contributor,make,model,chassis,suffix,result_raw,result_txt,result_status,grid,grid_time,finish_gap,dnf_reason,thumb_url,photo_url,make_url,model_url,chassis_url,suffix_url
zolder,1977-03-13,52,Porsche 935 #930 770 0905 - Porsche 930/72; no:0677 2904 F6 2v SOHC 2808 cc 1xKKK,1,Div.I,Jägermeister Max-Moritz-Team (D),Closed bodywork,Rear-engined,Manfred Schurti (FL),Jägermeister,orange,Dunlop,31/08/2017,Pierre de Marneffe and Frans Oestlandt,Porsche,935,#930 770 0905,NA,Result: winner in race Div.I - (158.935 kph) - margin: 1s9Grid: 1st in Div.I race (1:34.5000),winner in race Div.I - (158.935 kph) - margin: 1s9Grid: 1st in Div.I race (1:34.5000),finished,1,NA,158.935 kph,NA,https://www.racingsportscars.com/tn/photo/1977/TN_Zolder-1977-03-13-052.jpg,https://www.racingsportscars.com/photo/1977/Zolder-1977-03-13-052.jpg,https://www.racingsportscars.com/make/photo/Porsche.html,https://www.racingsportscars.com/type/photo/Porsche/935.html,https://www.racingsportscars.com/chassis/photo/930%20770%200905.html,NA
zolder,1977-03-13,12,BMW 320 #E21-R1-22? - BMW M12/7 L4 4v DOHC 1991 cc N/A,1,Div.II,BMW Junior Team (D),Closed bodywork,Front-engined,Marc Surer (CH),BMW-Junior-Team/Castrol,white/blue (+red),Goodyear,29/11/2006,Frans Oestlandt,BMW,320,#E21-R1-22?,NA,Result: winner in race Div.II - (152.264 kph) - margin: 4s7Grid: 1st in Div.II race (1:39.0000),winner in race Div.II - (152.264 kph) - margin: 4s7Grid: 1st in Div.II race (1:39.0000),finished,1,NA,152.264 kph,NA,https://www.racingsportscars.com/tn/photo/1977/TN_Zolder-1977-03-13-012.jpg,https://www.racingsportscars.com/photo/1977/Zolder-1977-03-13-012.jpg,https://www.racingsportscars.com/make/photo/BMW.html,https://www.racingsportscars.com/type/photo/BMW/320.html,https://www.racingsportscars.com/chassis/photo/E21-R1-22.html,NA
zolder,1977-03-13,51,Porsche 935 #930 770 0903 - Porsche 930/72; no:677 2902 F6 2v SOHC 2808 cc 1xKKK,2,Div.I,Vaillant Kremer Team (D),Closed bodywork,Rear-engined,Bob Wollek (F),Vaillant/PORSCHE-KREMER,white (+orange/red),Goodyear,31/08/2017,Pierre de Marneffe and Frans Oestlandt,Porsche,935,#930 770 0903,NA,Result: 2nd in race Div.I (1s9 behind the winner)Grid: 2nd in Div.I race (1:34.8000),2nd in race Div.I (1s9 behind the winner)Grid: 2nd in Div.I race (1:34.8000),finished,2,NA,1s9 behind the winner,NA,https://www.racingsportscars.com/tn/photo/1977/TN_Zolder-1977-03-13-051.jpg,https://www.racingsportscars.com/photo/1977/Zolder-1977-03-13-051.jpg,https://www.racingsportscars.com/make/photo/Porsche.html,https://www.racingsportscars.com/type/photo/Porsche/935.html,https://www.racingsportscars.com/chassis/photo/930%20770%200903.html,NA
zolder,1977-03-13,1,Ford Escort II RS 1800 #ZAK-E23/75 - Ford Cosworth BDG/Zakspeed L4 4v DOHC 1975 cc N/A,2,Div.II,Mampe-Ford Zakspeed (D),Closed bodywork,Front-engined,Hans Heyer (D),Mampe/Castrol,black/yellow (+red),Goodyear,31/08/2017,Pierre de Marneffe and Frans Oestlandt,Ford,Escort,#ZAK-E23/75,II RS 1800,Result: 2nd in race Div.II (4s7 behind the winner)Grid: 2nd in Div.II race (1:39.8000),2nd in race Div.II (4s7 behind the winner)Grid: 2nd in Div.II race (1:39.8000),finished,2,NA,4s7 behind the winner,NA,https://www.racingsportscars.com/tn/photo/1977/TN_Zolder-1977-03-13-001.jpg,https://www.racingsportscars.com/photo/1977/Zolder-1977-03-13-001.jpg,https://www.racingsportscars.com/make/photo/Ford.html,https://www.racingsportscars.com/type/photo/Ford/Escort.html,https://www.racingsportscars.com/chassis/photo/ZAK-E23__75.html,https://www.racingsportscars.com/suffix/photo/Ford/Escort/II%20RS%201800.html
zolder,1977-03-13,54,Porsche 935 #930 770 0907 - Porsche 930/72; no:677 2905 F6 2v SOHC 2808 cc 1xKKK,3,Div.I,Brambring Racing (D),Closed bodywork,Rear-engined,Jürgen Neuhaus (D),Möbel-Franz/BRAMBRING,white (+red),Dunlop,31/08/2017,Pierre de Marneffe,Porsche,935,#930 770 0907,NA,Result: 3rd in race Div.I (1m34s2 behind the winner)Grid: 3rd in Div.I race (1:37.6000),3rd in race Div.I (1m34s2 behind the winner)Grid: 3rd in Div.I race (1:37.6000),finished,3,NA,1m34s2 behind the winner,NA,https://www.racingsportscars.com/tn/photo/1977/TN_Zolder-1977-03-13-054.jpg,https://www.racingsportscars.com/photo/1977/Zolder-1977-03-13-054.jpg,https://www.racingsportscars.com/make/photo/Porsche.html,https://www.racingsportscars.com/type/photo/Porsche/935.html,https://www.racingsportscars.com/chassis/photo/930%20770%200907.html,NA
zolder,1977-03-13,13,BMW 320 #E21-R1-10 - BMW M12/7 L4 4v DOHC 1991 cc N/A,3,Div.II,BMW Junior Team (D),Closed bodywork,Front-engined,Manfred Winkelhock (D),BMW-Junior-Team/WÜRTH,white/blue (+red),Goodyear,29/07/2025,Classic and Vintage BMW and Frans Oestlandt,BMW,320,#E21-R1-10,NA,Result: 3rd in race Div.II (9s2 behind the winner)Grid: 7th in Div.II race (1:40.9000),3rd in race Div.II (9s2 behind the winner)Grid: 7th in Div.II race (1:40.9000),finished,7,NA,9s2 behind the winner,NA,https://www.racingsportscars.com/tn/photo/1977/TN_Zolder-1977-03-13-013.jpg,https://www.racingsportscars.com/photo/1977/Zolder-1977-03-13-013.jpg,https://www.racingsportscars.com/make/photo/BMW.html,https://www.racingsportscars.com/type/photo/BMW/320.html,https://www.racingsportscars.com/chassis/photo/E21-R1-10.html,NA
zolder,1977-03-13,14,BMW 320 #E21-R1-06 - BMW M12/7/Faltz L4 4v DOHC 1991 cc N/A,4,Div.II,Jägermeister BMW-Faltz (D),Closed bodywork,Front-engined,/Harald Grohs (D),Jägermeister,orange,Goodyear,31/08/2017,Pierre de Marneffe and Frans Oestlandt,BMW,320,#E21-R1-06,NA,Result: 4th in race Div.II (10s9 behind the winner)Grid: 4th in Div.II race (1:40.1000),4th in race Div.II (10s9 behind the winner)Grid: 4th in Div.II race (1:40.1000),finished,4,NA,10s9 behind the winner,NA,https://www.racingsportscars.com/tn/photo/1977/TN_Zolder-1977-03-13-014.jpg,https://www.racingsportscars.com/photo/1977/Zolder-1977-03-13-014.jpg,https://www.racingsportscars.com/make/photo/BMW.html,https://www.racingsportscars.com/type/photo/BMW/320.html,https://www.racingsportscars.com/chassis/photo/E21-R1-06.html,NA
zolder,1977-03-13,58,Porsche 935 K #006 00019-K1 - Porsche F6 2v SOHC Turbo,4,Div.I,Kannacher Racing (D),Closed bodywork,Rear-engined,Franz Konrad (A),KANNACHER GT/Mobil,red,NA,31/08/2017,Pierre de Marneffe and Frans Oestlandt,Porsche,935,#006 00019-K1,K,Result: 4th in race Div.I (1 lap behind the winner)Grid: 4th in Div.I race (1:39.8000),4th in race Div.I (1 lap behind the winner)Grid: 4th in Div.I race (1:39.8000),finished,4,NA,1 lap behind the winner,NA,https://www.racingsportscars.com/tn/photo/1977/TN_Zolder-1977-03-13-058.jpg,https://www.racingsportscars.com/photo/1977/Zolder-1977-03-13-058.jpg,https://www.racingsportscars.com/make/photo/Porsche.html,https://www.racingsportscars.com/type/photo/Porsche/935.html,https://www.racingsportscars.com/chassis/photo/006%2000019-K1.html,https://www.racingsportscars.com/suffix/photo/Porsche/935/K.html
zolder,1977-03-13,NA,BMW 320 #E21-R1-12 - BMW M12/7 L4 4v DOHC 1991 cc N/A,5,Div.II,BMW Junior Team (D),Closed bodywork,Front-engined,Eddie Cheever (USA),Castrol,white/blue (+red),Goodyear,31/08/2017,Pierre de Marneffe and Frans Oestlandt,BMW,320,#E21-R1-12,NA,Result: 5th in race Div.II (25s9 behind the winner)Grid: 5th in Div.II race (1:40.4000),5th in race Div.II (25s9 behind the winner)Grid: 5th in Div.II race (1:40.4000),finished,5,NA,25s9 behind the winner,NA,https://www.racingsportscars.com/tn/photo/1977/TN_Zolder-1977-03-13-011_T.jpg,https://www.racingsportscars.com/photo/1977/Zolder-1977-03-13-011_T.jpg,https://www.racingsportscars.com/make/photo/BMW.html,https://www.racingsportscars.com/type/photo/BMW/320.html,https://www.racingsportscars.com/chassis/photo/E21-R1-12.html,NA
zolder,1977-03-13,56,Porsche 935 #930 770 0904 - Porsche 930/72; no:677 2903 F6 2v SOHC 2808 cc 1xKKK,5,Div.I,Kannacher Racing (D),Closed bodywork,Rear-engined,Jürgen Kannacher (D),KANNACHER GT/BULER Uhren,red (+yellow),NA,31/08/2017,Pierre de Marneffe,Porsche,935,#930 770 0904,NA,Result: 5th in race Div.I (1 lap behind the winner)Grid: 6th in Div.I race (1:42.6000),5th in race Div.I (1 lap behind the winner)Grid: 6th in Div.I race (1:42.6000),finished,6,NA,1 lap behind the winner,NA,https://www.racingsportscars.com/tn/photo/1977/TN_Zolder-1977-03-13-056.jpg,https://www.racingsportscars.com/photo/1977/Zolder-1977-03-13-056.jpg,https://www.racingsportscars.com/make/photo/Porsche.html,https://www.racingsportscars.com/type/photo/Porsche/935.html,https://www.racingsportscars.com/chassis/photo/930%20770%200904.html,NA
zolder,1977-03-13,10,Ford Escort II RS 1800 # - Ford Cosworth BDG/Grab L4 4v DOHC 1975 cc N/A,6,Div.II,Ford Grab-Weisberg (D),Closed bodywork,Front-engined,Toine Hezemans (NL),WEISBERG/GRAB,white (+blue/red),Goodyear,31/08/2017,Frans Oestlandt and Pierre de Marneffe,Ford,Escort,#,II RS 1800,Result: 6th in race Div.II (1m07s9 behind the winner)Grid: 6th in Div.II race (1:40.7000),6th in race Div.II (1m07s9 behind the winner)Grid: 6th in Div.II race (1:40.7000),finished,6,NA,1m07s9 behind the winner,NA,https://www.racingsportscars.com/tn/photo/1977/TN_Zolder-1977-03-13-010.jpg,https://www.racingsportscars.com/photo/1977/Zolder-1977-03-13-010.jpg,https://www.racingsportscars.com/make/photo/Ford.html,https://www.racingsportscars.com/type/photo/Ford/Escort.html,https://www.racingsportscars.com/chassis/photo/Escort-G5-Grab%23.html,https://www.racingsportscars.com/suffix/photo/Ford/Escort/II%20RS%201800.html
zolder,1977-03-13,53,Porsche 934/5 #930 670 0168 - Porsche F6 2v SOHC Turbo,6,Div.I,Max Moritz GmbH (D),Closed bodywork,Rear-engined,Edgar Dören (D),VALVOLINE/ROMULUS Werkzeuge/MAX MORITZ PORSCHE,white/blue/red,Dunlop,31/08/2017,Frans Oestlandt and Pierre de Marneffe,Porsche,934,#930 670 0168,/5,Result: 6th in race Div.I (1 lap behind the winner)Grid: 5th in Div.I race (1:42.2000),6th in race Div.I (1 lap behind the winner)Grid: 5th in Div.I race (1:42.2000),finished,5,NA,1 lap behind the winner,NA,https://www.racingsportscars.com/tn/photo/1977/TN_Zolder-1977-03-13-053.jpg,https://www.racingsportscars.com/photo/1977/Zolder-1977-03-13-053.jpg,https://www.racingsportscars.com/make/photo/Porsche.html,https://www.racingsportscars.com/type/photo/Porsche/934.html,https://www.racingsportscars.com/chassis/photo/930%20670%200168.html,https://www.racingsportscars.com/suffix/photo/Porsche/934/__5.html
zolder,1977-03-13,2,Ford Escort II RS 1800 # - Ford Cosworth BDG/Zakspeed L4 4v DOHC 1975 cc N/A,7,Div.II,Mampe-Ford Zakspeed (D),Closed bodywork,Front-engined,/Armin Hahne (D),Mampe/Shell,black/yellow (+red),Goodyear,29/11/2006,Frans Oestlandt,Ford,Escort,#,II RS 1800,Result: 7th in race Div.II (1m10s2 behind the winner)Grid: 8th in Div.II race (1:42.6000),7th in race Div.II (1m10s2 behind the winner)Grid: 8th in Div.II race (1:42.6000),finished,8,NA,1m10s2 behind the winner,NA,https://www.racingsportscars.com/tn/photo/1977/TN_Zolder-1977-03-13-002.jpg,https://www.racingsportscars.com/photo/1977/Zolder-1977-03-13-002.jpg,https://www.racingsportscars.com/make/photo/Ford.html,https://www.racingsportscars.com/type/photo/Ford/Escort.html,https://www.racingsportscars.com/chassis/photo/Escort-G5-Zakspeed-Hahne%23.html,https://www.racingsportscars.com/suffix/photo/Ford/Escort/II%20RS%201800.html
zolder,1977-03-13,61,Porsche 934 #930 670 0158 - Porsche F6 2v SOHC Turbo,7,Div.I,Dieter Schornstein (D),Closed bodywork,Rear-engined,Dieter Schornstein (D),NA,NA,NA,NA,NA,Porsche,934,#930 670 0158,NA,Result: 7th in race Div.I (2 laps behind the winner)Grid: 8th in Div.I race (1:44.6000),7th in race Div.I (2 laps behind the winner)Grid: 8th in Div.I race (1:44.6000),finished,8,NA,2 laps behind the winner,NA,https://www.racingsportscars.com/images/car_no_photo.png,https://www.racingsportscars.com/about.html#contrib,https://www.racingsportscars.com/make/photo/Porsche.html,https://www.racingsportscars.com/type/photo/Porsche/934.html,https://www.racingsportscars.com/chassis/photo/930%20670%200158.html,NA
zolder,1977-03-13,20,BMW 320 # - BMW M12/7/HAT L4 4v DOHC 1991 cc N/A,8,Div.II,Hohmann-Auto-Technik (D),Closed bodywork,Front-engined,Peter Bienefeld (D),HAT,white,NA,NA,NA,BMW,320,#,NA,Result: 8th in race Div.II (1m28s1 behind the winner)Grid: 10th in Div.II race (1:43.2000),8th in race Div.II (1m28s1 behind the winner)Grid: 10th in Div.II race (1:43.2000),finished,10,NA,1m28s1 behind the winner,NA,https://www.racingsportscars.com/images/car_no_photo.png,https://www.racingsportscars.com/about.html#contrib,https://www.racingsportscars.com/make/photo/BMW.html,https://www.racingsportscars.com/type/photo/BMW/320.html,https://www.racingsportscars.com/chassis/photo/320-Gr5-HAT-01%23.html,NA
zolder,1977-03-13,62,De Tomaso Pantera # - Ford V8 2v OHV 5763 cc N/A,8,Div.I,Team Willeme (B),Closed bodywork,Mid-engined,René Tricot (B),DE TOMASO/TEAM VILLEME,red (+black),NA,31/08/2017,Pierre de Marneffe and Frans Oestlandt,De Tomaso,Pantera,#,NA,Result: 8th in race Div.I (2 laps behind the winner)Grid: 9th in Div.I race (1:44.9000),8th in race Div.I (2 laps behind the winner)Grid: 9th in Div.I race (1:44.9000),finished,9,NA,2 laps behind the winner,NA,https://www.racingsportscars.com/tn/photo/1977/TN_Zolder-1977-03-13-062.jpg,https://www.racingsportscars.com/photo/1977/Zolder-1977-03-13-062.jpg,https://www.racingsportscars.com/make/photo/De%20Tomaso.html,https://www.racingsportscars.com/type/photo/De%20Tomaso/Pantera.html,https://www.racingsportscars.com/chassis/photo/Pantera-Tricot%23.html,NA
zolder,1977-03-13,4,BMW 320 # - BMW M12/7/GS L4 4v DOHC 1991 cc N/A,9,Div.II,Warsteiner GS-Tuning (D),Closed bodywork,Front-engined,Jörg Obermoser (D),Warsteiner/GS-TUNING,gold (+black),Goodyear,31/08/2017,Pierre de Marneffe and Frans Oestlandt,BMW,320,#,NA,Result: 9th in race Div.II (2 laps behind the winner)Grid: 12th in Div.II race (1:46.2000),9th in race Div.II (2 laps behind the winner)Grid: 12th in Div.II race (1:46.2000),finished,12,NA,2 laps behind the winner,NA,https://www.racingsportscars.com/tn/photo/1977/TN_Zolder-1977-03-13-004.jpg,https://www.racingsportscars.com/photo/1977/Zolder-1977-03-13-004.jpg,https://www.racingsportscars.com/make/photo/BMW.html,https://www.racingsportscars.com/type/photo/BMW/320.html,https://www.racingsportscars.com/chassis/photo/320-Gr5-GS%23.html,NA
zolder,1977-03-13,66,Porsche 911 Carrera RSR # - Porsche F6 2v SOHC N/A,9,Div.I,Hahn Sportwagen (D),Closed bodywork,Rear-engined,Klaus Utz (D),DINKEL ACKER,white,NA,31/08/2017,Pierre de Marneffe and Frans Oestlandt,Porsche,911 Carrera,#,RSR,Result: 9th in race Div.I (2 laps behind the winner)Grid: 10th in Div.I race (1:49.1000),9th in race Div.I (2 laps behind the winner)Grid: 10th in Div.I race (1:49.1000),finished,10,NA,2 laps behind the winner,NA,https://www.racingsportscars.com/tn/photo/1977/TN_Zolder-1977-03-13-066.jpg,https://www.racingsportscars.com/photo/1977/Zolder-1977-03-13-066.jpg,https://www.racingsportscars.com/make/photo/Porsche.html,https://www.racingsportscars.com/type/photo/Porsche/911%20Carrera.html,https://www.racingsportscars.com/chassis/photo/911RSR-Hahn%23.html,https://www.racingsportscars.com/suffix/photo/Porsche/911%20Carrera/RSR.html
zolder,1977-03-13,5,BMW 2002 # - BMW L4 2v SOHC N/A,10,Div.II,Warsteiner GS-Tuning (D),Closed bodywork,Front-engined,Thomas Betzler (D),Warsteiner,NA,NA,NA,NA,BMW,2002,#,NA,Result: 10th in race Div.II (2 laps behind the winner)Grid: 14th in Div.II race (1:50.6000),10th in race Div.II (2 laps behind the winner)Grid: 14th in Div.II race (1:50.6000),finished,14,NA,2 laps behind the winner,NA,https://www.racingsportscars.com/images/car_no_photo.png,https://www.racingsportscars.com/about.html#contrib,https://www.racingsportscars.com/make/photo/BMW.html,https://www.racingsportscars.com/type/photo/BMW/2002.html,https://www.racingsportscars.com/chassis/photo/2002-GS-02%23.html,NA
zolder,1977-03-13,59,Porsche 934/5 #930 670 0540 - Porsche F6 2v SOHC Turbo,10,Div.I,Kannacher Racing (D),Closed bodywork,Rear-engined,Alberto Zirkel (D),KANNACHER GT,red (+gold/blue),NA,31/08/2017,Pierre de Marneffe and Frans Oestlandt,Porsche,934,#930 670 0540,/5,Result: 10th in race Div.I (3 laps behind the winner)Grid: 12th in Div.I race (1:52.0000),10th in race Div.I (3 laps behind the winner)Grid: 12th in Div.I race (1:52.0000),finished,12,NA,3 laps behind the winner,NA,https://www.racingsportscars.com/tn/photo/1977/TN_Zolder-1977-03-13-059.jpg,https://www.racingsportscars.com/photo/1977/Zolder-1977-03-13-059.jpg,https://www.racingsportscars.com/make/photo/Porsche.html,https://www.racingsportscars.com/type/photo/Porsche/934.html,https://www.racingsportscars.com/chassis/photo/930%20670%200540.html,https://www.racingsportscars.com/suffix/photo/Porsche/934/__5.html
zolder,1977-03-13,31,BMW 2002 # - BMW L4 2v SOHC 1990 cc N/A,11,Div.II,Hannes Pennartz (D),Closed bodywork,Front-engined,Hannes Pennartz (D),-,black/yellow/orange,NA,31/08/2017,Pierre de Marneffe and Frans Oestlandt,BMW,2002,#,NA,Result: 11th in race Div.II (3 laps behind the winner)Grid: 18th in Div.II race (1:54.6000),11th in race Div.II (3 laps behind the winner)Grid: 18th in Div.II race (1:54.6000),finished,18,NA,3 laps behind the winner,NA,https://www.racingsportscars.com/tn/photo/1977/TN_Zolder-1977-03-13-031.jpg,https://www.racingsportscars.com/photo/1977/Zolder-1977-03-13-031.jpg,https://www.racingsportscars.com/make/photo/BMW.html,https://www.racingsportscars.com/type/photo/BMW/2002.html,https://www.racingsportscars.com/chassis/photo/2002-G5-Pennartz%23.html,NA
zolder,1977-03-13,33,Porsche 914/6 #914 043 0165 - Porsche F6 2v SOHC 2000 cc N/A,12,Div.II,Bergischer Motor-Club (D),-,Mid-engined,Hans-Günther Agosti (D),NA,NA,NA,NA,NA,Porsche,914,#914 043 0165,/6,Result: 12th in race Div.II (3 laps behind the winner)Grid: 19th in Div.II race (1:57.8000),12th in race Div.II (3 laps behind the winner)Grid: 19th in Div.II race (1:57.8000),finished,19,NA,3 laps behind the winner,NA,https://www.racingsportscars.com/images/car_no_photo.png,https://www.racingsportscars.com/about.html#contrib,https://www.racingsportscars.com/make/photo/Porsche.html,https://www.racingsportscars.com/type/photo/Porsche/914.html,https://www.racingsportscars.com/chassis/photo/914%20043%200165.html,https://www.racingsportscars.com/suffix/photo/Porsche/914/__6.html
zolder,1977-03-13,32,BMW 2002 # - BMW L4 2v SOHC N/A,13,Div.II,Rudolf Gülker (D),Closed bodywork,Front-engined,Rudolf Gülker (D),NA,NA,NA,NA,NA,BMW,2002,#,NA,Result: 13th in race Div.II (5 laps behind the winner)Grid: 20th in Div.II race (2:01.2000),13th in race Div.II (5 laps behind the winner)Grid: 20th in Div.II race (2:01.2000),finished,20,NA,5 laps behind the winner,NA,https://www.racingsportscars.com/images/car_no_photo.png,https://www.racingsportscars.com/about.html#contrib,https://www.racingsportscars.com/make/photo/BMW.html,https://www.racingsportscars.com/type/photo/BMW/2002.html,https://www.racingsportscars.com/chassis/photo/2002-Gulker%23.html,NA
zolder,1977-03-13,7,BMW 2002 Turbo # - BMW /Schnitzer L4 1428 cc Turbo,14,Div.II,Optische Werke Rodenstock (D),Closed bodywork,Front-engined,Harald Ertl (A),Rodenstock,red/yellow/blue,Dunlop,31/08/2017,Ralph Krüger and Pierre de Marneffe,BMW,2002,#,Turbo,Result: 14th in race Div.II - did not finish (Accident)Grid: 3rd in Div.II race (1:39.9000),14th in race Div.II - did not finish (Accident)Grid: 3rd in Div.II race (1:39.9000),finished,3,NA,NA,NA,https://www.racingsportscars.com/tn/photo/1977/TN_Zolder-1977-03-13-007.jpg,https://www.racingsportscars.com/photo/1977/Zolder-1977-03-13-007.jpg,https://www.racingsportscars.com/make/photo/BMW.html,https://www.racingsportscars.com/type/photo/BMW/2002.html,https://www.racingsportscars.com/chassis/photo/2002-G5-Schnitzer-02%23.html,https://www.racingsportscars.com/suffix/photo/BMW/2002/Turbo.html
zolder,1977-03-13,6,BMW 2002 Turbo # - BMW /Schnitzer L4 1428 cc Turbo,15,Div.II,Optische Werke Rodenstock (D),Closed bodywork,Front-engined,Albrecht Krebs (D),Rodenstock,blue/yellow/red,Dunlop,31/08/2017,Frans Oestlandt and Pierre de Marneffe,BMW,2002,#,Turbo,Result: 15th in race Div.II - did not finish (Turbo)Grid: 9th in Div.II race (1:42.7000),15th in race Div.II - did not finish (Turbo)Grid: 9th in Div.II race (1:42.7000),finished,9,NA,NA,NA,https://www.racingsportscars.com/tn/photo/1977/TN_Zolder-1977-03-13-006.jpg,https://www.racingsportscars.com/photo/1977/Zolder-1977-03-13-006.jpg,https://www.racingsportscars.com/make/photo/BMW.html,https://www.racingsportscars.com/type/photo/BMW/2002.html,https://www.racingsportscars.com/chassis/photo/2002-G5-Schnitzer-01%23.html,https://www.racingsportscars.com/suffix/photo/BMW/2002/Turbo.html
zolder,1977-03-13,24,Fiat X1/9 # - Fiat N/A,NA,Div.II,Wolfgang Wolf (D),Closed bodywork,Mid-engined,Wolfgang Wolf (D),Castrol,white,NA,29/11/2006,Frans Oestlandt,Fiat,X1/9,#,NA,Result: did not finish (Oil)Grid: 13th in Div.II race (1:48.8000),did not finish (Oil)Grid: 13th in Div.II race (1:48.8000),not_finished,13,NA,NA,Oil,https://www.racingsportscars.com/tn/photo/1977/TN_Zolder-1977-03-13-024.jpg,https://www.racingsportscars.com/photo/1977/Zolder-1977-03-13-024.jpg,https://www.racingsportscars.com/make/photo/Fiat.html,https://www.racingsportscars.com/type/photo/Fiat/X1__9.html,https://www.racingsportscars.com/chassis/photo/X1__9-Wolf%23.html,NA
zolder,1977-03-13,60,Porsche 934/5 #930 670 0172 - Porsche F6 2v SOHC Turbo,NA,Div.I,IRS Firestone Racemaster (D),Closed bodywork,Rear-engined,Volkert Merl (D),FIRESTONE RACEMASTER,light,Firestone,29/11/2006,Frans Oestlandt,Porsche,934,#930 670 0172,/5,Result: did not finishGrid: 7th in Div.I race (1:42.6000),did not finishGrid: 7th in Div.I race (1:42.6000),not_finished,7,NA,NA,1:42.6000,https://www.racingsportscars.com/tn/photo/1977/TN_Zolder-1977-03-13-060.jpg,https://www.racingsportscars.com/photo/1977/Zolder-1977-03-13-060.jpg,https://www.racingsportscars.com/make/photo/Porsche.html,https://www.racingsportscars.com/type/photo/Porsche/934.html,https://www.racingsportscars.com/chassis/photo/930%20670%200172.html,https://www.racingsportscars.com/suffix/photo/Porsche/934/__5.html
zolder,1977-03-13,34,BMW 2002 # - BMW L4 2v SOHC 1990 cc N/A,NA,Div.II,Valvoline Renngemeinschaft (D),Closed bodywork,Front-engined,Franz-Josef Otten (D),NA,dark blue (+orange/red/white),NA,31/08/2017,Pierre de Marneffe,BMW,2002,#,NA,Result: did not finishGrid: 16th in Div.II race (1:54.3000),did not finishGrid: 16th in Div.II race (1:54.3000),not_finished,16,NA,NA,1:54.3000,https://www.racingsportscars.com/tn/photo/1977/TN_Zolder-1977-03-13-034.jpg,https://www.racingsportscars.com/photo/1977/Zolder-1977-03-13-034.jpg,https://www.racingsportscars.com/make/photo/BMW.html,https://www.racingsportscars.com/type/photo/BMW/2002.html,https://www.racingsportscars.com/chassis/photo/2002-Otten%23.html,NA
zolder,1977-03-13,8,BMW 320 # - BMW M12/7/Heidegger L4 4v DOHC 1991 cc N/A,NA,Div.II,Fruit of the Loom Team (D),Closed bodywork,Front-engined,Peter Schneeberger (D),FRUITS OF THE LOOM/Herrenwäsche,NA,NA,29/11/2006,Frans Oestlandt,BMW,320,#,NA,Result: did not finishGrid: 21st in Div.II race (2:16.4000),did not finishGrid: 21st in Div.II race (2:16.4000),not_finished,21,NA,NA,2:16.4000,https://www.racingsportscars.com/tn/photo/1977/TN_Zolder-1977-03-13-008.jpg,https://www.racingsportscars.com/photo/1977/Zolder-1977-03-13-008.jpg,https://www.racingsportscars.com/make/photo/BMW.html,https://www.racingsportscars.com/type/photo/BMW/320.html,https://www.racingsportscars.com/chassis/photo/320-G5-Heidegger__77%23.html,NA
zolder,1977-03-13,28,BMW 2002 # - BMW L4 2v SOHC N/A,NA,Div.II,Günther Hildenbrand (D),Closed bodywork,Front-engined,Günther Hildenbrand (D),NA,NA,NA,NA,NA,BMW,2002,#,NA,Result: did not finishGrid: 17th in Div.II race (1:54.5000),did not finishGrid: 17th in Div.II race (1:54.5000),not_finished,17,NA,NA,1:54.5000,https://www.racingsportscars.com/images/car_no_photo.png,https://www.racingsportscars.com/about.html#contrib,https://www.racingsportscars.com/make/photo/BMW.html,https://www.racingsportscars.com/type/photo/BMW/2002.html,https://www.racingsportscars.com/chassis/photo/2002-Hildenbrand%23.html,NA
zolder,1977-03-13,18,BMW 320 # - BMW M12/7/Heidegger L4 4v DOHC 1991 cc N/A,NA,Div.II,Andreas Schall (D),Closed bodywork,Front-engined,Andreas Schall (D),LIQUI MOLY,black,NA,NA,NA,BMW,320,#,NA,Result: did not finishGrid: 11th in Div.II race (1:43.4000),did not finishGrid: 11th in Div.II race (1:43.4000),not_finished,11,NA,NA,1:43.4000,https://www.racingsportscars.com/images/car_no_photo.png,https://www.racingsportscars.com/about.html#contrib,https://www.racingsportscars.com/make/photo/BMW.html,https://www.racingsportscars.com/type/photo/BMW/320.html,https://www.racingsportscars.com/chassis/photo/320-Gr5-Schall%23.html,NA
zolder,1977-03-13,23,VW Scirocco - VW L4 1596 cc N/A,NA,Div.II,Bernhard Schulte-Oversohl (D),Closed bodywork,Front-engined,Bernd Schulte-Oversohl (D),NA,NA,NA,NA,NA,VW,Scirocco,NA,NA,Result: did not finishGrid: 15th in Div.II race (1:53.3000),did not finishGrid: 15th in Div.II race (1:53.3000),not_finished,15,NA,NA,1:53.3000,https://www.racingsportscars.com/images/car_no_photo.png,https://www.racingsportscars.com/about.html#contrib,https://www.racingsportscars.com/make/photo/VW.html,https://www.racingsportscars.com/type/photo/VW/Scirocco.html,NA,NA
zolder,1977-03-13,11,BMW 320 #E21-R1-17 - BMW M12/7 L4 4v DOHC 1991 cc N/A,NA,Div.II,BMW Junior Team (D),Closed bodywork,Front-engined,Eddie Cheever (USA),Castrol,white/blue (+red),Goodyear,NA,NA,BMW,320,#E21-R1-17,NA,Result: practiced only (Accident in practice)Grid: T-car,practiced only (Accident in practice)Grid: T-car,other,NA,NA,NA,Accident in practice,https://www.racingsportscars.com/images/car_no_photo.png,https://www.racingsportscars.com/about.html#contrib,https://www.racingsportscars.com/make/photo/BMW.html,https://www.racingsportscars.com/type/photo/BMW/320.html,https://www.racingsportscars.com/chassis/photo/E21-R1-17.html,NA
zolder,1977-03-13,25,Ford Escort I 1300 - Ford BDA L4 4v DOHC 1298 cc N/A,NA,Div.III,Heinz-Jügen Ochsenfort (D),Closed bodywork,Front-engined,Heinz Ochsenfort (D),Castrol,blue (+white),Goodyear,14/02/2013,Frans Oestlandt,Ford,Escort,NA,I 1300,Result:,,other,NA,NA,NA,NA,https://www.racingsportscars.com/tn/photo/1977/TN_Zolder-1977-03-13-025.jpg,https://www.racingsportscars.com/photo/1977/Zolder-1977-03-13-025.jpg,https://www.racingsportscars.com/make/photo/Ford.html,https://www.racingsportscars.com/type/photo/Ford/Escort.html,NA,https://www.racingsportscars.com/suffix/photo/Ford/Escort/I%201300.html
zolder,1977-03-13,27,Ford Escort II 1300 - Ford DBA L4 1298 cc N/A,NA,Div.III,Team Sonnenschein Batterien (D),Closed bodywork,Front-engined,Bernd Ringshausen (D),Sonnenschein Batterien,blue/red,NA,14/02/2013,Frans Oestlandt,Ford,Escort,NA,II 1300,Result:,,other,NA,NA,NA,NA,https://www.racingsportscars.com/tn/photo/1977/TN_Zolder-1977-03-13-027.jpg,https://www.racingsportscars.com/photo/1977/Zolder-1977-03-13-027.jpg,https://www.racingsportscars.com/make/photo/Ford.html,https://www.racingsportscars.com/type/photo/Ford/Escort.html,NA,https://www.racingsportscars.com/suffix/photo/Ford/Escort/II%201300.html
zolder,1977-03-13,NA,NSU 1200 TT # - NSU /Spiess L4 1296 cc N/A,NA,Div.III,Spiess Tuning (D),Closed bodywork,Rear-engined,Udo Wagenhäuser (D),SACHS/Spiess,white (+red/green),NA,14/02/2013,Frans Oestlandt,NSU,1200 TT,#,NA,Result:,,other,NA,NA,NA,NA,https://www.racingsportscars.com/tn/photo/1977/TN_Zolder-1977-03-13-031_A.jpg,https://www.racingsportscars.com/photo/1977/Zolder-1977-03-13-031_A.jpg,https://www.racingsportscars.com/make/photo/NSU.html,https://www.racingsportscars.com/type/photo/NSU/1200%20TT.html,https://www.racingsportscars.com/chassis/photo/TT-Wagenhauser%23.html,NA
