track,date,number,car_title,result,group,entrant,bodywork,engine,drivers,sponsor,colour,tyre,updated,contributor,make,model,suffix,result_raw,result_txt,result_status,grid,grid_time,finish_gap,dnf_reason,thumb_url,photo_url,make_url,model_url,suffix_url
nurburgring,1997-06-08,28,BMW M3 - BMW,1,Class 3,Scuderia Augustusburg Brühl e. V. im ADAC,Closed bodywork,Front-engined,Johannes Scheid (D)/Sabine Reck/Hans-Jürgen Tiemann (D)/Peter Zakowski (D),NA,blue,NA,NA,NA,BMW,M3,NA,Result: winner - (132.200 kph) - margin: 1 lapGrid:,winner - (132.200 kph) - margin: 1 lapGrid:,finished,NA,NA,132.200 kph,NA,https://www.racingsportscars.com/images/car_no_photo.png,https://www.racingsportscars.com/about.html#contrib,https://www.racingsportscars.com/make/photo/BMW.html,https://www.racingsportscars.com/type/photo/BMW/M3.html,NA
nurburgring,1997-06-08,170,VW Golf TDi - VW,2,Class 14,Volkswagen Motorsport,-,-,Kris Nissen (DK)/Christian Abt (D)/Jürgen Hohenester (D),VW TDI,silver (+blue),NA,NA,NA,VW,Golf,TDi,Result: 2nd 1st in Class 14 (1 lap behind the winner)Grid:,2nd 1st in Class 14 (1 lap behind the winner)Grid:,finished,NA,NA,1 lap behind the winner,NA,https://www.racingsportscars.com/images/car_no_photo.png,https://www.racingsportscars.com/about.html#contrib,https://www.racingsportscars.com/make/photo/VW.html,https://www.racingsportscars.com/type/photo/VW/Golf.html,https://www.racingsportscars.com/suffix/photo/VW/Golf/TDi.html
nurburgring,1997-06-08,38,BMW M3 - BMW,3,Class 3,East Belgian Racing Team/Baugnee,Closed bodywork,Front-engined,Etienne Baugnee (B)/Damien Chaballe (B)/Pierre Fermine (B)/Bruno Thiry (B),NA,NA,NA,NA,NA,BMW,M3,NA,Result: 3rd (4 laps behind the winner)Grid:,3rd (4 laps behind the winner)Grid:,finished,NA,NA,4 laps behind the winner,NA,https://www.racingsportscars.com/images/car_no_photo.png,https://www.racingsportscars.com/about.html#contrib,https://www.racingsportscars.com/make/photo/BMW.html,https://www.racingsportscars.com/type/photo/BMW/M3.html,NA
nurburgring,1997-06-08,75,Opel Astra GSi - Opel,4,Class 5,Mühlner Motorsport GmbH,-,-,Wolfgang Savelsbergh (D)/Heinz-Josef Bermes (D)/Eric Neve (B),NA,NA,NA,NA,NA,Opel,Astra,GSi,Result: 4th 1st in Class 5 (6 laps behind the winner)Grid:,4th 1st in Class 5 (6 laps behind the winner)Grid:,finished,NA,NA,6 laps behind the winner,NA,https://www.racingsportscars.com/images/car_no_photo.png,https://www.racingsportscars.com/about.html#contrib,https://www.racingsportscars.com/make/photo/Opel.html,https://www.racingsportscars.com/type/photo/Opel/Astra.html,https://www.racingsportscars.com/suffix/photo/Opel/Astra/GSi.html
nurburgring,1997-06-08,5,VW Golf GTI - VW,5,Class 1,ADAC Niedersachsen/Sachsen-Anhalt e. V.,-,-,Florian Billen/Edgar Dören (D)/Bertram Schäfer (D)/Otto Hofmayer,NA,NA,NA,NA,NA,VW,Golf,GTI,Result: 5th 1st in Class 1 (7 laps behind the winner)Grid:,5th 1st in Class 1 (7 laps behind the winner)Grid:,finished,NA,NA,7 laps behind the winner,NA,https://www.racingsportscars.com/images/car_no_photo.png,https://www.racingsportscars.com/about.html#contrib,https://www.racingsportscars.com/make/photo/VW.html,https://www.racingsportscars.com/type/photo/VW/Golf.html,https://www.racingsportscars.com/suffix/photo/VW/Golf/GTI.html
nurburgring,1997-06-08,31,BMW M3 - BMW,6,Class 3,,Closed bodywork,Front-engined,Michael Tischner (D)/Wilfried Thal/Gerold Ried (D)/Matthias Tischner (D),NA,NA,NA,NA,NA,BMW,M3,NA,Result: 6th (7 laps behind the winner)Grid:,6th (7 laps behind the winner)Grid:,finished,NA,NA,7 laps behind the winner,NA,https://www.racingsportscars.com/images/car_no_photo.png,https://www.racingsportscars.com/about.html#contrib,https://www.racingsportscars.com/make/photo/BMW.html,https://www.racingsportscars.com/type/photo/BMW/M3.html,NA
nurburgring,1997-06-08,40,BMW M3 - BMW,7,Class 3,,Closed bodywork,Front-engined,Ralf-Peter Bonk (D)/Michael Bonk (D)/Reinhold Renger (D)/Helmut Hennes (D),NA,NA,NA,NA,NA,BMW,M3,NA,Result: 7th (8 laps behind the winner)Grid:,7th (8 laps behind the winner)Grid:,finished,NA,NA,8 laps behind the winner,NA,https://www.racingsportscars.com/images/car_no_photo.png,https://www.racingsportscars.com/about.html#contrib,https://www.racingsportscars.com/make/photo/BMW.html,https://www.racingsportscars.com/type/photo/BMW/M3.html,NA
nurburgring,1997-06-08,16,BMW M3 - BMW,8,Class 2,East Belgian Racing Team/Schröder Motorsport,Closed bodywork,Front-engined,Klaus Bügler (D)/Ian Khan (GB)/Michel Luxen (B)/Stéphane van Dyck (NL),NA,NA,NA,NA,NA,BMW,M3,NA,Result: 8th 1st in Class 2 (8 laps behind the winner)Grid:,8th 1st in Class 2 (8 laps behind the winner)Grid:,finished,NA,NA,8 laps behind the winner,NA,https://www.racingsportscars.com/images/car_no_photo.png,https://www.racingsportscars.com/about.html#contrib,https://www.racingsportscars.com/make/photo/BMW.html,https://www.racingsportscars.com/type/photo/BMW/M3.html,NA
nurburgring,1997-06-08,76,Opel Astra GSi - Opel,9,Class 5,Mühlner Motorsport GmbH,-,-,Peter Wyss (CH)/Frank Klaas/Arno Wester (D)/Jo Albig,NA,NA,NA,NA,NA,Opel,Astra,GSi,Result: 9th (10 laps behind the winner)Grid:,9th (10 laps behind the winner)Grid:,finished,NA,NA,10 laps behind the winner,NA,https://www.racingsportscars.com/images/car_no_photo.png,https://www.racingsportscars.com/about.html#contrib,https://www.racingsportscars.com/make/photo/Opel.html,https://www.racingsportscars.com/type/photo/Opel/Astra.html,https://www.racingsportscars.com/suffix/photo/Opel/Astra/GSi.html
nurburgring,1997-06-08,4,VW Golf GTI - VW,10,Class 1,ADAC Niedersachsen/Sachsen-Anhalt e. V.,-,-,Michael Dernedde/Ludwig Damminger/Mario Merten (D)/Florian Billen,NA,NA,NA,NA,NA,VW,Golf,GTI,Result: 10th (11 laps behind the winner)Grid:,10th (11 laps behind the winner)Grid:,finished,NA,NA,11 laps behind the winner,NA,https://www.racingsportscars.com/images/car_no_photo.png,https://www.racingsportscars.com/about.html#contrib,https://www.racingsportscars.com/make/photo/VW.html,https://www.racingsportscars.com/type/photo/VW/Golf.html,https://www.racingsportscars.com/suffix/photo/VW/Golf/GTI.html
nurburgring,1997-06-08,57,Opel Astra GSi - Opel,11,Class 5,,-,-,Andreas Praschma/Ludger Henrich/Volker Strycek (D)/Karl Mauer (D),NA,NA,NA,NA,NA,Opel,Astra,GSi,Result: 11th (11 laps behind the winner)Grid:,11th (11 laps behind the winner)Grid:,finished,NA,NA,11 laps behind the winner,NA,https://www.racingsportscars.com/images/car_no_photo.png,https://www.racingsportscars.com/about.html#contrib,https://www.racingsportscars.com/make/photo/Opel.html,https://www.racingsportscars.com/type/photo/Opel/Astra.html,https://www.racingsportscars.com/suffix/photo/Opel/Astra/GSi.html
nurburgring,1997-06-08,96,Honda Civic - Honda,12,Class 6,MSC Ruhrblitz e. V. im ADAC,-,-,Andreas Mäder/Dino Drössiger (D)/Beat Ammacher/Heinz-Josef Bermes (D),NA,NA,NA,NA,NA,Honda,Civic,NA,Result: 12th 1st in Class 6 (11 laps behind the winner)Grid:,12th 1st in Class 6 (11 laps behind the winner)Grid:,finished,NA,NA,11 laps behind the winner,NA,https://www.racingsportscars.com/images/car_no_photo.png,https://www.racingsportscars.com/about.html#contrib,https://www.racingsportscars.com/make/photo/Honda.html,https://www.racingsportscars.com/type/photo/Honda/Civic.html,NA
nurburgring,1997-06-08,42,BMW M3 - BMW,13,Class 3,,Closed bodywork,Front-engined,Uwe Springer/Maik Kralik/Manfred Anspann (D)/Karl Jacobs (B),NA,NA,NA,NA,NA,BMW,M3,NA,Result: 13th (12 laps behind the winner)Grid:,13th (12 laps behind the winner)Grid:,finished,NA,NA,12 laps behind the winner,NA,https://www.racingsportscars.com/images/car_no_photo.png,https://www.racingsportscars.com/about.html#contrib,https://www.racingsportscars.com/make/photo/BMW.html,https://www.racingsportscars.com/type/photo/BMW/M3.html,NA
nurburgring,1997-06-08,1,BMW 320i - BMW,14,Class 1,,Closed bodywork,Front-engined,Georg Severich (D)/Harald Grohs (D)/Werner Kather (D)/Manfred Wollgarten (D),NA,NA,NA,NA,NA,BMW,320i,NA,Result: 14th (12 laps behind the winner)Grid:,14th (12 laps behind the winner)Grid:,finished,NA,NA,12 laps behind the winner,NA,https://www.racingsportscars.com/images/car_no_photo.png,https://www.racingsportscars.com/about.html#contrib,https://www.racingsportscars.com/make/photo/BMW.html,https://www.racingsportscars.com/type/photo/BMW/320i.html,NA
nurburgring,1997-06-08,107,Peugeot 106 Rallye - Peugeot,15,Class 7,,-,-,Frank Gittke/Hubert Nacken (D)/Kai Riemer (D),NA,NA,NA,NA,NA,Peugeot,106,Rallye,Result: 15th 1st in Class 7 (13 laps behind the winner)Grid:,15th 1st in Class 7 (13 laps behind the winner)Grid:,finished,NA,NA,13 laps behind the winner,NA,https://www.racingsportscars.com/images/car_no_photo.png,https://www.racingsportscars.com/about.html#contrib,https://www.racingsportscars.com/make/photo/Peugeot.html,https://www.racingsportscars.com/type/photo/Peugeot/106.html,https://www.racingsportscars.com/suffix/photo/Peugeot/106/Rallye.html
nurburgring,1997-06-08,14,BMW 320i - BMW,16,Class 2,,Closed bodywork,Front-engined,Michael Bäder/Tobias Hagenmeyer (D)/Reinhard Schall (D)/Andy Bovensiepen (D),NA,NA,NA,NA,NA,BMW,320i,NA,Result: 16th (13 laps behind the winner)Grid:,16th (13 laps behind the winner)Grid:,finished,NA,NA,13 laps behind the winner,NA,https://www.racingsportscars.com/images/car_no_photo.png,https://www.racingsportscars.com/about.html#contrib,https://www.racingsportscars.com/make/photo/BMW.html,https://www.racingsportscars.com/type/photo/BMW/320i.html,NA
nurburgring,1997-06-08,18,Fiat Coupé 16V Turbo - Fiat L4 4v Turbo,17,Class 2,Ecurie La Meute (F),Closed bodywork,Front-engined,John Salmona (F)/Regis Laplana (F)/Michel Dunand/Stefan Lüscher (CH),NA,NA,NA,NA,NA,Fiat,Coupé,16V Turbo,Result: 17th (13 laps behind the winner)Grid:,17th (13 laps behind the winner)Grid:,finished,NA,NA,13 laps behind the winner,NA,https://www.racingsportscars.com/images/car_no_photo.png,https://www.racingsportscars.com/about.html#contrib,https://www.racingsportscars.com/make/photo/Fiat.html,https://www.racingsportscars.com/type/photo/Fiat/Coup%c3%a9.html,https://www.racingsportscars.com/suffix/photo/Fiat/Coup%c3%a9/16V%20Turbo.html
nurburgring,1997-06-08,68,VW Golf GTI - VW,18,Class 5,,-,-,Thomas Reissert/Thomas Müller (D)/Peter Seikel (D),NA,NA,NA,NA,NA,VW,Golf,GTI,Result: 18th (13 laps behind the winner)Grid:,18th (13 laps behind the winner)Grid:,finished,NA,NA,13 laps behind the winner,NA,https://www.racingsportscars.com/images/car_no_photo.png,https://www.racingsportscars.com/about.html#contrib,https://www.racingsportscars.com/make/photo/VW.html,https://www.racingsportscars.com/type/photo/VW/Golf.html,https://www.racingsportscars.com/suffix/photo/VW/Golf/GTI.html
nurburgring,1997-06-08,103,Honda Civic - Honda,19,Class 6,,-,-,Pierre Deltour (B)/Thomas Wagenstetter (D)/Stefan Van Campenhoudt (B)/Olivier Prignon (B),NA,NA,NA,NA,NA,Honda,Civic,NA,Result: 19th (13 laps behind the winner)Grid:,19th (13 laps behind the winner)Grid:,finished,NA,NA,13 laps behind the winner,NA,https://www.racingsportscars.com/images/car_no_photo.png,https://www.racingsportscars.com/about.html#contrib,https://www.racingsportscars.com/make/photo/Honda.html,https://www.racingsportscars.com/type/photo/Honda/Civic.html,NA
nurburgring,1997-06-08,85,VW Golf GTI - VW,20,Class 5,MSC Adenau e. V. im ADAC,-,-,Frank Löhr/Fritz Tschirschwitz/Alexander von Canal/Bert Flossbach,NA,NA,NA,NA,NA,VW,Golf,GTI,Result: 20th (14 laps behind the winner)Grid:,20th (14 laps behind the winner)Grid:,finished,NA,NA,14 laps behind the winner,NA,https://www.racingsportscars.com/images/car_no_photo.png,https://www.racingsportscars.com/about.html#contrib,https://www.racingsportscars.com/make/photo/VW.html,https://www.racingsportscars.com/type/photo/VW/Golf.html,https://www.racingsportscars.com/suffix/photo/VW/Golf/GTI.html
nurburgring,1997-06-08,125,Ford Escort Cosworth - Ford,21,Class 8,AC Bergisch-Land e. V. im AvD,Closed bodywork,Front-engined,Michael Prym (A)/Ulrich Gallade (D),NA,NA,NA,NA,NA,Ford,Escort,Cosworth,Result: 21st 1st in Class 8 (14 laps behind the winner)Grid:,21st 1st in Class 8 (14 laps behind the winner)Grid:,finished,NA,NA,14 laps behind the winner,NA,https://www.racingsportscars.com/images/car_no_photo.png,https://www.racingsportscars.com/about.html#contrib,https://www.racingsportscars.com/make/photo/Ford.html,https://www.racingsportscars.com/type/photo/Ford/Escort.html,https://www.racingsportscars.com/suffix/photo/Ford/Escort/Cosworth.html
nurburgring,1997-06-08,148,Renault Clio - Renault,22,Class 11,,-,-,Holger Butterbach/Michael Abendroth,NA,NA,NA,NA,NA,Renault,Clio,NA,Result: 22nd 1st in Class 11 (14 laps behind the winner)Grid:,22nd 1st in Class 11 (14 laps behind the winner)Grid:,finished,NA,NA,14 laps behind the winner,NA,https://www.racingsportscars.com/images/car_no_photo.png,https://www.racingsportscars.com/about.html#contrib,https://www.racingsportscars.com/make/photo/Renault.html,https://www.racingsportscars.com/type/photo/Renault/Clio.html,NA
nurburgring,1997-06-08,8,Volvo 850 T5 - Volvo Turbo,23,Class 2,Heico Motorsport,Closed bodywork,Front-engined,Karl-Heinz Wlazik (D)/Guido Thierfelder/Andy Middendorf (D),NA,NA,NA,NA,NA,Volvo,850,T5,Result: 23rd (14 laps behind the winner)Grid:,23rd (14 laps behind the winner)Grid:,finished,NA,NA,14 laps behind the winner,NA,https://www.racingsportscars.com/images/car_no_photo.png,https://www.racingsportscars.com/about.html#contrib,https://www.racingsportscars.com/make/photo/Volvo.html,https://www.racingsportscars.com/type/photo/Volvo/850.html,https://www.racingsportscars.com/suffix/photo/Volvo/850/T5.html
nurburgring,1997-06-08,15,BMW M3 - BMW,24,Class 2,East Belgian Racing Team/Schröder Motorsport,Closed bodywork,Front-engined,Michel Plennevaux (B)/Martin Henderson (GB)/Jonathan Baker (GB)/Stéphane van Dyck (NL),NA,NA,NA,NA,NA,BMW,M3,NA,Result: 24th (15 laps behind the winner)Grid:,24th (15 laps behind the winner)Grid:,finished,NA,NA,15 laps behind the winner,NA,https://www.racingsportscars.com/images/car_no_photo.png,https://www.racingsportscars.com/about.html#contrib,https://www.racingsportscars.com/make/photo/BMW.html,https://www.racingsportscars.com/type/photo/BMW/M3.html,NA
nurburgring,1997-06-08,50,BMW 325i - BMW,25,Class 4,(D),-,-,Jens Lührsen/Günter Lüttecke (D)/Nicole Lüttecke (D)/Meik Utsch (D),NA,NA,NA,NA,NA,BMW,325i,NA,Result: 25th 1st in Class 4 (15 laps behind the winner)Grid:,25th 1st in Class 4 (15 laps behind the winner)Grid:,finished,NA,NA,15 laps behind the winner,NA,https://www.racingsportscars.com/images/car_no_photo.png,https://www.racingsportscars.com/about.html#contrib,https://www.racingsportscars.com/make/photo/BMW.html,https://www.racingsportscars.com/type/photo/BMW/325i.html,NA
nurburgring,1997-06-08,137,VW Golf GTI - VW,26,Class 11,,-,-,Norbert Rattunde/Helmut Bolz (D)/Wayne Moore (NZ),NA,NA,NA,NA,NA,VW,Golf,GTI,Result: 26th (15 laps behind the winner)Grid:,26th (15 laps behind the winner)Grid:,finished,NA,NA,15 laps behind the winner,NA,https://www.racingsportscars.com/images/car_no_photo.png,https://www.racingsportscars.com/about.html#contrib,https://www.racingsportscars.com/make/photo/VW.html,https://www.racingsportscars.com/type/photo/VW/Golf.html,https://www.racingsportscars.com/suffix/photo/VW/Golf/GTI.html
nurburgring,1997-06-08,94,Citroën Saxo - Citroën,27,Class 6,,-,-,Willi Obermann (D)/Dirk Obermann (D)/Paul Hulverscheid (D)/Kai Lutterbach,NA,NA,NA,NA,NA,Citroën,Saxo,NA,Result: 27th (15 laps behind the winner)Grid:,27th (15 laps behind the winner)Grid:,finished,NA,NA,15 laps behind the winner,NA,https://www.racingsportscars.com/images/car_no_photo.png,https://www.racingsportscars.com/about.html#contrib,https://www.racingsportscars.com/make/photo/Citro%c3%abn.html,https://www.racingsportscars.com/type/photo/Citro%c3%abn/Saxo.html,NA
nurburgring,1997-06-08,17,BMW M3 - BMW,28,Class 2,,Closed bodywork,Front-engined,Edi Orioli (I)/Luca Cappellari (I)/Josef Robl (D),NA,NA,NA,NA,NA,BMW,M3,NA,Result: 28th (15 laps behind the winner)Grid:,28th (15 laps behind the winner)Grid:,finished,NA,NA,15 laps behind the winner,NA,https://www.racingsportscars.com/images/car_no_photo.png,https://www.racingsportscars.com/about.html#contrib,https://www.racingsportscars.com/make/photo/BMW.html,https://www.racingsportscars.com/type/photo/BMW/M3.html,NA
nurburgring,1997-06-08,154,Honda Civic - Honda,29,Class 12,,-,-,Ove Midtsjö/Roger Mön (N)/Thor-Christian Ebbesvik (N)/Ragnar Johnsröd,NA,NA,NA,NA,NA,Honda,Civic,NA,Result: 29th 1st in Class 12 (15 laps behind the winner)Grid:,29th 1st in Class 12 (15 laps behind the winner)Grid:,finished,NA,NA,15 laps behind the winner,NA,https://www.racingsportscars.com/images/car_no_photo.png,https://www.racingsportscars.com/about.html#contrib,https://www.racingsportscars.com/make/photo/Honda.html,https://www.racingsportscars.com/type/photo/Honda/Civic.html,NA
nurburgring,1997-06-08,56,Opel Astra - Opel,30,Class 5,MSC Rallyefreunde Niederndorf e. V.,-,-,Uwe Grossfeld/Burghard Neufurth/Andreas Kreuziger/Thomas Kuschnitzki,NA,NA,NA,NA,NA,Opel,Astra,NA,Result: 30th (16 laps behind the winner)Grid:,30th (16 laps behind the winner)Grid:,finished,NA,NA,16 laps behind the winner,NA,https://www.racingsportscars.com/images/car_no_photo.png,https://www.racingsportscars.com/about.html#contrib,https://www.racingsportscars.com/make/photo/Opel.html,https://www.racingsportscars.com/type/photo/Opel/Astra.html,NA
nurburgring,1997-06-08,162,Peugeot 106 Rallye - Peugeot,31,Class 13,AC Rübenach e. V. im ADAC,-,-,Martin Tschornia (D)/Klaus-Dieter Häckel/Andreas Kramer (CH)/Martin Becker,NA,NA,NA,NA,NA,Peugeot,106,Rallye,Result: 31st 1st in Class 13 (16 laps behind the winner)Grid:,31st 1st in Class 13 (16 laps behind the winner)Grid:,finished,NA,NA,16 laps behind the winner,NA,https://www.racingsportscars.com/images/car_no_photo.png,https://www.racingsportscars.com/about.html#contrib,https://www.racingsportscars.com/make/photo/Peugeot.html,https://www.racingsportscars.com/type/photo/Peugeot/106.html,https://www.racingsportscars.com/suffix/photo/Peugeot/106/Rallye.html
nurburgring,1997-06-08,35,BMW M3 - BMW,32,Class 3,Moore International Motorsport,Closed bodywork,Front-engined,Willie Moore (GB)/Stephen Warburton (GB)/David O'Dell (GB),NA,NA,NA,NA,NA,BMW,M3,NA,Result: 32nd (16 laps behind the winner)Grid:,32nd (16 laps behind the winner)Grid:,finished,NA,NA,16 laps behind the winner,NA,https://www.racingsportscars.com/images/car_no_photo.png,https://www.racingsportscars.com/about.html#contrib,https://www.racingsportscars.com/make/photo/BMW.html,https://www.racingsportscars.com/type/photo/BMW/M3.html,NA
nurburgring,1997-06-08,70,Renault Clio I Williams - Renault,33,Class 5,,-,-,Uwe Reich (D)/Jürgen Wiesemann/Carsten Welschar (D)/Frank Haack,NA,NA,NA,NA,NA,Renault,Clio,I Williams,Result: 33rd (16 laps behind the winner)Grid:,33rd (16 laps behind the winner)Grid:,finished,NA,NA,16 laps behind the winner,NA,https://www.racingsportscars.com/images/car_no_photo.png,https://www.racingsportscars.com/about.html#contrib,https://www.racingsportscars.com/make/photo/Renault.html,https://www.racingsportscars.com/type/photo/Renault/Clio.html,https://www.racingsportscars.com/suffix/photo/Renault/Clio/I%20Williams.html
nurburgring,1997-06-08,48,Mercedes-Benz 190 E 2.3-16 - Mercedes-Benz L4 4v 2323 cc N/A,34,Class 4,,Closed bodywork,Front-engined,Hans-Helmut Gail (D)/Bernd Küpper (D)/Jürgen Kremerskothen (D),NA,NA,NA,NA,NA,Mercedes-Benz,190 E,2.3-16,Result: 34th (16 laps behind the winner)Grid:,34th (16 laps behind the winner)Grid:,finished,NA,NA,16 laps behind the winner,NA,https://www.racingsportscars.com/images/car_no_photo.png,https://www.racingsportscars.com/about.html#contrib,https://www.racingsportscars.com/make/photo/Mercedes-Benz.html,https://www.racingsportscars.com/type/photo/Mercedes-Benz/190%20E.html,https://www.racingsportscars.com/suffix/photo/Mercedes-Benz/190%20E/2.3-16.html
nurburgring,1997-06-08,59,Opel Astra GSi - Opel,35,Class 5,,-,-,Thomas Schultz/Uwe Fleissner/Guido Fleissner/Paul-Martin Dose (D),NA,NA,NA,NA,NA,Opel,Astra,GSi,Result: 35th (16 laps behind the winner)Grid:,35th (16 laps behind the winner)Grid:,finished,NA,NA,16 laps behind the winner,NA,https://www.racingsportscars.com/images/car_no_photo.png,https://www.racingsportscars.com/about.html#contrib,https://www.racingsportscars.com/make/photo/Opel.html,https://www.racingsportscars.com/type/photo/Opel/Astra.html,https://www.racingsportscars.com/suffix/photo/Opel/Astra/GSi.html
nurburgring,1997-06-08,69,Renault Clio - Renault,36,Class 5,,-,-,Hans-Werner Schüller/Helmut Lauer/Eric Sungs/Wolfgang Mayr,NA,NA,NA,NA,NA,Renault,Clio,NA,Result: 36th (17 laps behind the winner)Grid:,36th (17 laps behind the winner)Grid:,finished,NA,NA,17 laps behind the winner,NA,https://www.racingsportscars.com/images/car_no_photo.png,https://www.racingsportscars.com/about.html#contrib,https://www.racingsportscars.com/make/photo/Renault.html,https://www.racingsportscars.com/type/photo/Renault/Clio.html,NA
nurburgring,1997-06-08,150,Opel Astra - Opel,37,Class 11,ADAC Ortsclub Königstein e. V.,-,-,Ludger Henrich/Heinz Kilp (D)/Stefan Sengl/Dirk Büsgen,NA,NA,NA,NA,NA,Opel,Astra,NA,Result: 37th (18 laps behind the winner)Grid:,37th (18 laps behind the winner)Grid:,finished,NA,NA,18 laps behind the winner,NA,https://www.racingsportscars.com/images/car_no_photo.png,https://www.racingsportscars.com/about.html#contrib,https://www.racingsportscars.com/make/photo/Opel.html,https://www.racingsportscars.com/type/photo/Opel/Astra.html,NA
nurburgring,1997-06-08,73,Peugeot 205 GTi - Peugeot,38,Class 5,Rheydter Club für Motorsport e. V. im DMV,-,-,Dagmar Niemeyer/Theo Lasarzewski/Karl-Eduard Reinders (D),NA,NA,NA,NA,NA,Peugeot,205,GTi,Result: 38th (18 laps behind the winner)Grid:,38th (18 laps behind the winner)Grid:,finished,NA,NA,18 laps behind the winner,NA,https://www.racingsportscars.com/images/car_no_photo.png,https://www.racingsportscars.com/about.html#contrib,https://www.racingsportscars.com/make/photo/Peugeot.html,https://www.racingsportscars.com/type/photo/Peugeot/205.html,https://www.racingsportscars.com/suffix/photo/Peugeot/205/GTi.html
nurburgring,1997-06-08,47,Mercedes-Benz 190 E 2.3-16 - Mercedes-Benz L4 4v 2323 cc N/A,39,Class 4,,Closed bodywork,Front-engined,Arnd Winkelkötter/Jürgen Stüwe/Arnold Weck/Jan Fatthauer,NA,NA,NA,NA,NA,Mercedes-Benz,190 E,2.3-16,Result: 39th (18 laps behind the winner)Grid:,39th (18 laps behind the winner)Grid:,finished,NA,NA,18 laps behind the winner,NA,https://www.racingsportscars.com/images/car_no_photo.png,https://www.racingsportscars.com/about.html#contrib,https://www.racingsportscars.com/make/photo/Mercedes-Benz.html,https://www.racingsportscars.com/type/photo/Mercedes-Benz/190%20E.html,https://www.racingsportscars.com/suffix/photo/Mercedes-Benz/190%20E/2.3-16.html
nurburgring,1997-06-08,117,Suzuki Swift - Suzuki,40,Class 7,ADAC Niedersachsen/Sachsen-Anhalt e. V.,-,-,"Matthias Ellendt/Thomas Ehrhardt (D)/""Schmidtchen Schleicher""",NA,NA,NA,NA,NA,Suzuki,Swift,NA,Result: 40th (18 laps behind the winner)Grid:,40th (18 laps behind the winner)Grid:,finished,NA,NA,18 laps behind the winner,NA,https://www.racingsportscars.com/images/car_no_photo.png,https://www.racingsportscars.com/about.html#contrib,https://www.racingsportscars.com/make/photo/Suzuki.html,https://www.racingsportscars.com/type/photo/Suzuki/Swift.html,NA
nurburgring,1997-06-08,49,BMW 325i - BMW,41,Class 4,AC Bergisch-Land e. V. im AvD,-,-,Ray Gulson (AUS)/Marc Schramer/Rainer von Klier,NA,NA,NA,NA,NA,BMW,325i,NA,Result: 41st (18 laps behind the winner)Grid:,41st (18 laps behind the winner)Grid:,finished,NA,NA,18 laps behind the winner,NA,https://www.racingsportscars.com/images/car_no_photo.png,https://www.racingsportscars.com/about.html#contrib,https://www.racingsportscars.com/make/photo/BMW.html,https://www.racingsportscars.com/type/photo/BMW/325i.html,NA
nurburgring,1997-06-08,19,BMW M3 - BMW,42,Class 2,(L),Closed bodywork,Front-engined,/Frédéric Schmit (F)/Robert Benoy (L)/Romain Wolf (L)/Nico Demuth (L),NA,NA,NA,NA,NA,BMW,M3,NA,Result: 42nd (18 laps behind the winner)Grid:,42nd (18 laps behind the winner)Grid:,finished,NA,NA,18 laps behind the winner,NA,https://www.racingsportscars.com/images/car_no_photo.png,https://www.racingsportscars.com/about.html#contrib,https://www.racingsportscars.com/make/photo/BMW.html,https://www.racingsportscars.com/type/photo/BMW/M3.html,NA
nurburgring,1997-06-08,100,Honda Civic - Honda,43,Class 6,,-,-,Pierre Chaudoir (B)/Damien Coens (B)/Olivier de Wilde (B)/Thierry Wilmotte,NA,NA,NA,NA,NA,Honda,Civic,NA,Result: 43rd (18 laps behind the winner)Grid:,43rd (18 laps behind the winner)Grid:,finished,NA,NA,18 laps behind the winner,NA,https://www.racingsportscars.com/images/car_no_photo.png,https://www.racingsportscars.com/about.html#contrib,https://www.racingsportscars.com/make/photo/Honda.html,https://www.racingsportscars.com/type/photo/Honda/Civic.html,NA
nurburgring,1997-06-08,141,Peugeot 205 - Peugeot,44,Class 11,,-,-,Franck Thouvenel/Mathias Thouvenel,NA,NA,NA,NA,NA,Peugeot,205,NA,Result: 44th (19 laps behind the winner)Grid:,44th (19 laps behind the winner)Grid:,finished,NA,NA,19 laps behind the winner,NA,https://www.racingsportscars.com/images/car_no_photo.png,https://www.racingsportscars.com/about.html#contrib,https://www.racingsportscars.com/make/photo/Peugeot.html,https://www.racingsportscars.com/type/photo/Peugeot/205.html,NA
nurburgring,1997-06-08,136,Nissan Sunny GTi - Nissan,45,Class 11,Automobil- und Motorsportclub 1927 Lünen e. V.,-,-,Jörg Guthmann/Gerd Flentje/Rod Hicks (NZ)/Kevin Bell (NZ),NA,NA,NA,NA,NA,Nissan,Sunny,GTi,Result: 45th (19 laps behind the winner)Grid:,45th (19 laps behind the winner)Grid:,finished,NA,NA,19 laps behind the winner,NA,https://www.racingsportscars.com/images/car_no_photo.png,https://www.racingsportscars.com/about.html#contrib,https://www.racingsportscars.com/make/photo/Nissan.html,https://www.racingsportscars.com/type/photo/Nissan/Sunny.html,https://www.racingsportscars.com/suffix/photo/Nissan/Sunny/GTi.html
nurburgring,1997-06-08,55,Peugeot 405 MI 16 - Peugeot,46,Class 5,Dürener Motorsportclub e. V.,-,-,Peter Herberg/Karl Schestak/Jochen Krumbach (D)/Stefan Kinkartz,NA,NA,NA,NA,NA,Peugeot,405,MI 16,Result: 46th (19 laps behind the winner)Grid:,46th (19 laps behind the winner)Grid:,finished,NA,NA,19 laps behind the winner,NA,https://www.racingsportscars.com/images/car_no_photo.png,https://www.racingsportscars.com/about.html#contrib,https://www.racingsportscars.com/make/photo/Peugeot.html,https://www.racingsportscars.com/type/photo/Peugeot/405.html,https://www.racingsportscars.com/suffix/photo/Peugeot/405/MI%2016.html
nurburgring,1997-06-08,36,BMW M3 - BMW,47,Class 3,,Closed bodywork,Front-engined,Gérard Tremblay (F)/Willy Maljean (B)/Pierre Bos (F)/Jean-Louis Probst (F),NA,NA,NA,NA,NA,BMW,M3,NA,Result: 47th (19 laps behind the winner)Grid:,47th (19 laps behind the winner)Grid:,finished,NA,NA,19 laps behind the winner,NA,https://www.racingsportscars.com/images/car_no_photo.png,https://www.racingsportscars.com/about.html#contrib,https://www.racingsportscars.com/make/photo/BMW.html,https://www.racingsportscars.com/type/photo/BMW/M3.html,NA
nurburgring,1997-06-08,24,BMW M3 - BMW,48,Class 2,,Closed bodywork,Front-engined,Christian Kohlhaas (D)/Dirk Riebensahm (D)/Wilfried Mennel/Fritz Wegerer (A),NA,NA,NA,NA,NA,BMW,M3,NA,Result: 48th (19 laps behind the winner)Grid:,48th (19 laps behind the winner)Grid:,finished,NA,NA,19 laps behind the winner,NA,https://www.racingsportscars.com/images/car_no_photo.png,https://www.racingsportscars.com/about.html#contrib,https://www.racingsportscars.com/make/photo/BMW.html,https://www.racingsportscars.com/type/photo/BMW/M3.html,NA
nurburgring,1997-06-08,163,Peugeot 106 XSI - Peugeot,49,Class 13,AC Rübenach e. V. im ADAC,-,-,Ingrid Wirtgen/Michael Oberdries/Michael Faber/Jürgen Eckel,NA,NA,NA,NA,NA,Peugeot,106,XSI,Result: 49th (19 laps behind the winner)Grid:,49th (19 laps behind the winner)Grid:,finished,NA,NA,19 laps behind the winner,NA,https://www.racingsportscars.com/images/car_no_photo.png,https://www.racingsportscars.com/about.html#contrib,https://www.racingsportscars.com/make/photo/Peugeot.html,https://www.racingsportscars.com/type/photo/Peugeot/106.html,https://www.racingsportscars.com/suffix/photo/Peugeot/106/XSI.html
nurburgring,1997-06-08,156,Honda Civic - Honda,50,Class 12,,-,-,Frank Totz/Jörg Totz/Wolf-Dieter Feuerlein (D)/Werner Blum,NA,NA,NA,NA,NA,Honda,Civic,NA,Result: 50th (20 laps behind the winner)Grid:,50th (20 laps behind the winner)Grid:,finished,NA,NA,20 laps behind the winner,NA,https://www.racingsportscars.com/images/car_no_photo.png,https://www.racingsportscars.com/about.html#contrib,https://www.racingsportscars.com/make/photo/Honda.html,https://www.racingsportscars.com/type/photo/Honda/Civic.html,NA
nurburgring,1997-06-08,133,BMW 325i - BMW,51,Class 10,MK-Motorsport,-,-,Michael Krankenberg (D)/Jürgen Weis (D)/Jürgen Baumgarten/Horst von Saurma-Jeltsch (D),NA,NA,NA,NA,NA,BMW,325i,NA,Result: 51st 1st in Class 10 (20 laps behind the winner)Grid:,51st 1st in Class 10 (20 laps behind the winner)Grid:,finished,NA,NA,20 laps behind the winner,NA,https://www.racingsportscars.com/images/car_no_photo.png,https://www.racingsportscars.com/about.html#contrib,https://www.racingsportscars.com/make/photo/BMW.html,https://www.racingsportscars.com/type/photo/BMW/325i.html,NA
nurburgring,1997-06-08,58,Opel Calibra 16V - Opel,52,Class 5,,Closed bodywork,Front-engined,Andreas Wacker/Thomas Hellmich/Meinhard Hellweg,NA,NA,NA,NA,NA,Opel,Calibra,16V,Result: 52nd (20 laps behind the winner)Grid:,52nd (20 laps behind the winner)Grid:,finished,NA,NA,20 laps behind the winner,NA,https://www.racingsportscars.com/images/car_no_photo.png,https://www.racingsportscars.com/about.html#contrib,https://www.racingsportscars.com/make/photo/Opel.html,https://www.racingsportscars.com/type/photo/Opel/Calibra.html,https://www.racingsportscars.com/suffix/photo/Opel/Calibra/16V.html
nurburgring,1997-06-08,116,Peugeot 205 Rallye - Peugeot,53,Class 7,,-,-,Guido Michels/Daniel Lenn/Christopher Stahl,NA,NA,NA,NA,NA,Peugeot,205,Rallye,Result: 53rd (20 laps behind the winner)Grid:,53rd (20 laps behind the winner)Grid:,finished,NA,NA,20 laps behind the winner,NA,https://www.racingsportscars.com/images/car_no_photo.png,https://www.racingsportscars.com/about.html#contrib,https://www.racingsportscars.com/make/photo/Peugeot.html,https://www.racingsportscars.com/type/photo/Peugeot/205.html,https://www.racingsportscars.com/suffix/photo/Peugeot/205/Rallye.html
nurburgring,1997-06-08,39,BMW M3 - BMW,54,Class 3,German Assistance Team MST Wiesmann,Closed bodywork,Front-engined,Stefan Oberndorfer (D)/Martin Wagenstetter (D)/Philippe Adams (B)/Stefan Neuberger (D),NA,NA,NA,NA,NA,BMW,M3,NA,Result: 54th (20 laps behind the winner)Grid:,54th (20 laps behind the winner)Grid:,finished,NA,NA,20 laps behind the winner,NA,https://www.racingsportscars.com/images/car_no_photo.png,https://www.racingsportscars.com/about.html#contrib,https://www.racingsportscars.com/make/photo/BMW.html,https://www.racingsportscars.com/type/photo/BMW/M3.html,NA
nurburgring,1997-06-08,104,Honda Civic - Honda,55,Class 6,,-,-,Pascal Vandeput (B)/Alain Servais (B)/Christophe d'Ansembourg (B),NA,NA,NA,NA,NA,Honda,Civic,NA,Result: 55th (20 laps behind the winner)Grid:,55th (20 laps behind the winner)Grid:,finished,NA,NA,20 laps behind the winner,NA,https://www.racingsportscars.com/images/car_no_photo.png,https://www.racingsportscars.com/about.html#contrib,https://www.racingsportscars.com/make/photo/Honda.html,https://www.racingsportscars.com/type/photo/Honda/Civic.html,NA
nurburgring,1997-06-08,153,Honda Civic - Honda,56,Class 12,,-,-,Kotaro Yamamoto (J)/Ramon Casellas/Christoph Karger/Eric Duhamel (F),NA,NA,NA,NA,NA,Honda,Civic,NA,Result: 56th (21 laps behind the winner)Grid:,56th (21 laps behind the winner)Grid:,finished,NA,NA,21 laps behind the winner,NA,https://www.racingsportscars.com/images/car_no_photo.png,https://www.racingsportscars.com/about.html#contrib,https://www.racingsportscars.com/make/photo/Honda.html,https://www.racingsportscars.com/type/photo/Honda/Civic.html,NA
nurburgring,1997-06-08,126,Ford Falcon - Ford,57,Class 8,,-,-,Llynden Riethmüller (AUS)/Ian Green/Michael Glynn,NA,NA,NA,NA,NA,Ford,Falcon,NA,Result: 57th (21 laps behind the winner)Grid:,57th (21 laps behind the winner)Grid:,finished,NA,NA,21 laps behind the winner,NA,https://www.racingsportscars.com/images/car_no_photo.png,https://www.racingsportscars.com/about.html#contrib,https://www.racingsportscars.com/make/photo/Ford.html,https://www.racingsportscars.com/type/photo/Ford/Falcon.html,NA
nurburgring,1997-06-08,139,Peugeot 306 S16 - Peugeot,58,Class 13,Schirra Motoring,-,-,Michael Harter (D)/Reinhard Sesterheim/Roman Colin/Bruce Reid,NA,NA,NA,NA,NA,Peugeot,306,S16,Result: 58th (21 laps behind the winner)Grid:,58th (21 laps behind the winner)Grid:,finished,NA,NA,21 laps behind the winner,NA,https://www.racingsportscars.com/images/car_no_photo.png,https://www.racingsportscars.com/about.html#contrib,https://www.racingsportscars.com/make/photo/Peugeot.html,https://www.racingsportscars.com/type/photo/Peugeot/306.html,https://www.racingsportscars.com/suffix/photo/Peugeot/306/S16.html
nurburgring,1997-06-08,142,Opel Astra GSi - Opel,59,Class 11,Kissling Motorsport,-,-,Matthias Rüthlein/Hans Rohm/Armin Kremer/Heinz Dietrich,NA,NA,NA,NA,NA,Opel,Astra,GSi,Result: 59th (22 laps behind the winner)Grid:,59th (22 laps behind the winner)Grid:,finished,NA,NA,22 laps behind the winner,NA,https://www.racingsportscars.com/images/car_no_photo.png,https://www.racingsportscars.com/about.html#contrib,https://www.racingsportscars.com/make/photo/Opel.html,https://www.racingsportscars.com/type/photo/Opel/Astra.html,https://www.racingsportscars.com/suffix/photo/Opel/Astra/GSi.html
nurburgring,1997-06-08,165,Peugeot 106 XSI - Peugeot,60,Class 13,,-,-,Peter Schüller/Renato Favro/Bernhard Wagener,NA,NA,NA,NA,NA,Peugeot,106,XSI,Result: 60th (22 laps behind the winner)Grid:,60th (22 laps behind the winner)Grid:,finished,NA,NA,22 laps behind the winner,NA,https://www.racingsportscars.com/images/car_no_photo.png,https://www.racingsportscars.com/about.html#contrib,https://www.racingsportscars.com/make/photo/Peugeot.html,https://www.racingsportscars.com/type/photo/Peugeot/106.html,https://www.racingsportscars.com/suffix/photo/Peugeot/106/XSI.html
nurburgring,1997-06-08,82,Renault 19 16V - Renault,61,Class 5,,-,-,Dietmar Lorken-Korte/Thomas Rosenbach/Hans Albert Schäfer/Winfried Kordel,NA,NA,NA,NA,NA,Renault,19,16V,Result: 61st (22 laps behind the winner)Grid:,61st (22 laps behind the winner)Grid:,finished,NA,NA,22 laps behind the winner,NA,https://www.racingsportscars.com/images/car_no_photo.png,https://www.racingsportscars.com/about.html#contrib,https://www.racingsportscars.com/make/photo/Renault.html,https://www.racingsportscars.com/type/photo/Renault/19.html,https://www.racingsportscars.com/suffix/photo/Renault/19/16V.html
nurburgring,1997-06-08,173,Audi A3 Diesel - Audi,62,Class 14,,-,-,"Paul-Martin Dose (D)/Friedrich Ney/Horst von Saurma-Jeltsch (D)/Wolfgang Mayr, Jr.",NA,NA,NA,NA,NA,Audi,A3,Diesel,Result: 62nd (22 laps behind the winner)Grid:,62nd (22 laps behind the winner)Grid:,finished,NA,NA,22 laps behind the winner,NA,https://www.racingsportscars.com/images/car_no_photo.png,https://www.racingsportscars.com/about.html#contrib,https://www.racingsportscars.com/make/photo/Audi.html,https://www.racingsportscars.com/type/photo/Audi/A3.html,https://www.racingsportscars.com/suffix/photo/Audi/A3/Diesel.html
nurburgring,1997-06-08,112,Fiat Cinquecento Sport - Fiat,63,Class 7,Fiat Cinquecento Trofeo,-,-,Jörg Walz/Holger Eckhardt (D)/Dirk Vincken/Kurt Lotz,NA,NA,NA,NA,NA,Fiat,Cinquecento,Sport,Result: 63rd (22 laps behind the winner)Grid:,63rd (22 laps behind the winner)Grid:,finished,NA,NA,22 laps behind the winner,NA,https://www.racingsportscars.com/images/car_no_photo.png,https://www.racingsportscars.com/about.html#contrib,https://www.racingsportscars.com/make/photo/Fiat.html,https://www.racingsportscars.com/type/photo/Fiat/Cinquecento.html,https://www.racingsportscars.com/suffix/photo/Fiat/Cinquecento/Sport.html
nurburgring,1997-06-08,46,Mercedes-Benz 190 E 2.3-16 - Mercedes-Benz L4 4v 2323 cc N/A,64,Class 4,,Closed bodywork,Front-engined,Ekkehard Sieg (D)/Claudia Stockmeyer/Hans Jürgen Wetter/Harald Demuth,NA,NA,NA,NA,NA,Mercedes-Benz,190 E,2.3-16,Result: 64th (22 laps behind the winner)Grid:,64th (22 laps behind the winner)Grid:,finished,NA,NA,22 laps behind the winner,NA,https://www.racingsportscars.com/images/car_no_photo.png,https://www.racingsportscars.com/about.html#contrib,https://www.racingsportscars.com/make/photo/Mercedes-Benz.html,https://www.racingsportscars.com/type/photo/Mercedes-Benz/190%20E.html,https://www.racingsportscars.com/suffix/photo/Mercedes-Benz/190%20E/2.3-16.html
nurburgring,1997-06-08,32,BMW M3 - BMW,65,Class 3,Super Challenge S.R.L. (I),Closed bodywork,Front-engined,Massimiliano Gatto (I)/Marco Spinelli (I)/Maurizio Frigerio (I)/Gabriele Sabatini (I),NA,NA,NA,NA,NA,BMW,M3,NA,Result: 65th (23 laps behind the winner)Grid:,65th (23 laps behind the winner)Grid:,finished,NA,NA,23 laps behind the winner,NA,https://www.racingsportscars.com/images/car_no_photo.png,https://www.racingsportscars.com/about.html#contrib,https://www.racingsportscars.com/make/photo/BMW.html,https://www.racingsportscars.com/type/photo/BMW/M3.html,NA
nurburgring,1997-06-08,72,Alfa Romeo 145 2.0 - Alfa Romeo,66,Class 5,Alfa Romeo Scuola Sportiva,-,-,Jochen Kruse/Hermann Reil/Christian Peruzzi/Gunnar Beer (D),NA,NA,NA,NA,NA,Alfa Romeo,145,2.0,Result: 66th (23 laps behind the winner)Grid:,66th (23 laps behind the winner)Grid:,finished,NA,NA,23 laps behind the winner,NA,https://www.racingsportscars.com/images/car_no_photo.png,https://www.racingsportscars.com/about.html#contrib,https://www.racingsportscars.com/make/photo/Alfa%20Romeo.html,https://www.racingsportscars.com/type/photo/Alfa%20Romeo/145.html,https://www.racingsportscars.com/suffix/photo/Alfa%20Romeo/145/2.0.html
nurburgring,1997-06-08,88,Alfa Romeo 33 - Alfa Romeo,67,Class 5,,-,-,Jürgen Möhle (D)/Erwin Derichs (D)/Andreas Pellens/Ingo Franz,NA,NA,NA,NA,NA,Alfa Romeo,33,NA,Result: 67th (24 laps behind the winner)Grid:,67th (24 laps behind the winner)Grid:,finished,NA,NA,24 laps behind the winner,NA,https://www.racingsportscars.com/images/car_no_photo.png,https://www.racingsportscars.com/about.html#contrib,https://www.racingsportscars.com/make/photo/Alfa%20Romeo.html,https://www.racingsportscars.com/type/photo/Alfa%20Romeo/33.html,NA
nurburgring,1997-06-08,30,Opel Omega 3000 - Opel,68,Class 3,Superchallenge die Roberto Ragazzi (I),-,-,Roberto Ragazzi (I)/Gianni Biava (I)/Pierluigi Grassetto (I)/Luca Mulas (I),NA,NA,NA,NA,NA,Opel,Omega,3000,Result: 68th (24 laps behind the winner)Grid:,68th (24 laps behind the winner)Grid:,finished,NA,NA,24 laps behind the winner,NA,https://www.racingsportscars.com/images/car_no_photo.png,https://www.racingsportscars.com/about.html#contrib,https://www.racingsportscars.com/make/photo/Opel.html,https://www.racingsportscars.com/type/photo/Opel/Omega.html,https://www.racingsportscars.com/suffix/photo/Opel/Omega/3000.html
nurburgring,1997-06-08,143,Seat Ibiza Cupra - Seat,69,Class 11,MSC Ruhrblitz e. V. im ADAC,-,-,Michael Marsani/Jörg Viebahn (D)/Michael Pingel/Rolf Jülich,NA,NA,NA,NA,NA,Seat,Ibiza,Cupra,Result: 69th (25 laps behind the winner)Grid:,69th (25 laps behind the winner)Grid:,finished,NA,NA,25 laps behind the winner,NA,https://www.racingsportscars.com/images/car_no_photo.png,https://www.racingsportscars.com/about.html#contrib,https://www.racingsportscars.com/make/photo/Seat.html,https://www.racingsportscars.com/type/photo/Seat/Ibiza.html,https://www.racingsportscars.com/suffix/photo/Seat/Ibiza/Cupra.html
nurburgring,1997-06-08,147,Renault Clio - Renault,70,Class 11,AMC Duisburg e. V. im DMV,-,-,Heino Lutz/Robert Lünsmann,NA,NA,NA,NA,NA,Renault,Clio,NA,Result: 70th (25 laps behind the winner)Grid:,70th (25 laps behind the winner)Grid:,finished,NA,NA,25 laps behind the winner,NA,https://www.racingsportscars.com/images/car_no_photo.png,https://www.racingsportscars.com/about.html#contrib,https://www.racingsportscars.com/make/photo/Renault.html,https://www.racingsportscars.com/type/photo/Renault/Clio.html,NA
nurburgring,1997-06-08,161,Suzuki Swift - Suzuki,71,Class 7,Rothschmidt Racing Team e. V.,-,-,Iris Hoffmann/Frank Breidenstein/Michael Krämer/Heinz Franzmann,NA,NA,NA,NA,NA,Suzuki,Swift,NA,Result: 71st (26 laps behind the winner)Grid:,71st (26 laps behind the winner)Grid:,finished,NA,NA,26 laps behind the winner,NA,https://www.racingsportscars.com/images/car_no_photo.png,https://www.racingsportscars.com/about.html#contrib,https://www.racingsportscars.com/make/photo/Suzuki.html,https://www.racingsportscars.com/type/photo/Suzuki/Swift.html,NA
nurburgring,1997-06-08,63,Opel Astra - Opel,72,Class 5,,-,-,Stefan Capla/Uwe Pfeifer/Horst Werner (D)/Oliver Hermansky,NA,NA,NA,NA,NA,Opel,Astra,NA,Result: 72nd (26 laps behind the winner)Grid:,72nd (26 laps behind the winner)Grid:,finished,NA,NA,26 laps behind the winner,NA,https://www.racingsportscars.com/images/car_no_photo.png,https://www.racingsportscars.com/about.html#contrib,https://www.racingsportscars.com/make/photo/Opel.html,https://www.racingsportscars.com/type/photo/Opel/Astra.html,NA
nurburgring,1997-06-08,113,Fiat Cinquecento Sport - Fiat,73,Class 7,Fiat Cinquecento Trofeo,-,-,Kurt Lotz/Volker Dressel/Carsten Paulun/Jutta Kleinschmidt (D),NA,NA,NA,NA,NA,Fiat,Cinquecento,Sport,Result: 73rd (27 laps behind the winner)Grid:,73rd (27 laps behind the winner)Grid:,finished,NA,NA,27 laps behind the winner,NA,https://www.racingsportscars.com/images/car_no_photo.png,https://www.racingsportscars.com/about.html#contrib,https://www.racingsportscars.com/make/photo/Fiat.html,https://www.racingsportscars.com/type/photo/Fiat/Cinquecento.html,https://www.racingsportscars.com/suffix/photo/Fiat/Cinquecento/Sport.html
nurburgring,1997-06-08,160,Peugeot 106 Rallye - Peugeot,74,Class 13,,-,-,Michael Ruhnau/Thomas Kleinwächte/Andre Timmers/Axel Freudenreich,NA,NA,NA,NA,NA,Peugeot,106,Rallye,Result: 74th (27 laps behind the winner)Grid:,74th (27 laps behind the winner)Grid:,finished,NA,NA,27 laps behind the winner,NA,https://www.racingsportscars.com/images/car_no_photo.png,https://www.racingsportscars.com/about.html#contrib,https://www.racingsportscars.com/make/photo/Peugeot.html,https://www.racingsportscars.com/type/photo/Peugeot/106.html,https://www.racingsportscars.com/suffix/photo/Peugeot/106/Rallye.html
nurburgring,1997-06-08,118,Suzuki Swift - Suzuki,75,Class 7,ADAC Niedersachsen/Sachsen-Anhalt e. V.,-,-,Christian Schmidt/Wieland Unnasch/Thomas Ehrhardt (D),NA,NA,NA,NA,NA,Suzuki,Swift,NA,Result: 75th (28 laps behind the winner)Grid:,75th (28 laps behind the winner)Grid:,finished,NA,NA,28 laps behind the winner,NA,https://www.racingsportscars.com/images/car_no_photo.png,https://www.racingsportscars.com/about.html#contrib,https://www.racingsportscars.com/make/photo/Suzuki.html,https://www.racingsportscars.com/type/photo/Suzuki/Swift.html,NA
nurburgring,1997-06-08,93,Honda Civic - Honda,76,Class 6,Scuderia Offenbach e. V. im AvD,-,-,Andreas Rottstedt/Andreas Teichmann (D)/Peter McKay (AUS)/Chris Smith (USA),NA,NA,NA,NA,NA,Honda,Civic,NA,Result: 76th (28 laps behind the winner)Grid:,76th (28 laps behind the winner)Grid:,finished,NA,NA,28 laps behind the winner,NA,https://www.racingsportscars.com/images/car_no_photo.png,https://www.racingsportscars.com/about.html#contrib,https://www.racingsportscars.com/make/photo/Honda.html,https://www.racingsportscars.com/type/photo/Honda/Civic.html,NA
nurburgring,1997-06-08,77,Renault Clio I Williams - Renault N/A,77,Class 5,East Belgian Racing Team,Closed bodywork,Front-engined,Jacky Delvaux (B)/Didier Noirhomme (B)/Stephane Clepkens/Luc Verhulst (B),NA,NA,NA,NA,NA,Renault,Clio,I Williams,Result: 77th (28 laps behind the winner)Grid:,77th (28 laps behind the winner)Grid:,finished,NA,NA,28 laps behind the winner,NA,https://www.racingsportscars.com/images/car_no_photo.png,https://www.racingsportscars.com/about.html#contrib,https://www.racingsportscars.com/make/photo/Renault.html,https://www.racingsportscars.com/type/photo/Renault/Clio.html,https://www.racingsportscars.com/suffix/photo/Renault/Clio/I%20Williams.html
nurburgring,1997-06-08,37,BMW M3 - BMW,78,Class 3,(GB),Closed bodywork,Front-engined,Guy Povey (GB)/Dave Cox (GB)/James Prochersky/Mark Peters (GB),NA,NA,NA,NA,NA,BMW,M3,NA,Result: 78th (28 laps behind the winner)Grid:,78th (28 laps behind the winner)Grid:,finished,NA,NA,28 laps behind the winner,NA,https://www.racingsportscars.com/images/car_no_photo.png,https://www.racingsportscars.com/about.html#contrib,https://www.racingsportscars.com/make/photo/BMW.html,https://www.racingsportscars.com/type/photo/BMW/M3.html,NA
nurburgring,1997-06-08,78,Renault Mégane - Renault,79,Class 5,Loca Rallye,-,-,Didier De Saeger (B)/Xavier De Saeger (B)/Bruno Ilien (F),NA,NA,NA,NA,NA,Renault,Mégane,NA,Result: 79th (29 laps behind the winner)Grid:,79th (29 laps behind the winner)Grid:,finished,NA,NA,29 laps behind the winner,NA,https://www.racingsportscars.com/images/car_no_photo.png,https://www.racingsportscars.com/about.html#contrib,https://www.racingsportscars.com/make/photo/Renault.html,https://www.racingsportscars.com/type/photo/Renault/M%c3%a9gane.html,NA
nurburgring,1997-06-08,144,Seat Toledo GT - Seat,80,Class 11,MSC Ruhrblitz e. V. im ADAC,-,-,Rolf Jülich/Horst Philipp/Norbert Reitert,NA,NA,NA,NA,NA,Seat,Toledo,GT,Result: 80th (29 laps behind the winner)Grid:,80th (29 laps behind the winner)Grid:,finished,NA,NA,29 laps behind the winner,NA,https://www.racingsportscars.com/images/car_no_photo.png,https://www.racingsportscars.com/about.html#contrib,https://www.racingsportscars.com/make/photo/Seat.html,https://www.racingsportscars.com/type/photo/Seat/Toledo.html,https://www.racingsportscars.com/suffix/photo/Seat/Toledo/GT.html
nurburgring,1997-06-08,51,Renault Clio 16V - Renault,81,Class 5,,-,-,Ralf-Udo Blöding/Jens Kaiser/Christopher Peters (D),NA,NA,NA,NA,NA,Renault,Clio,16V,Result: 81st (29 laps behind the winner)Grid:,81st (29 laps behind the winner)Grid:,finished,NA,NA,29 laps behind the winner,NA,https://www.racingsportscars.com/images/car_no_photo.png,https://www.racingsportscars.com/about.html#contrib,https://www.racingsportscars.com/make/photo/Renault.html,https://www.racingsportscars.com/type/photo/Renault/Clio.html,https://www.racingsportscars.com/suffix/photo/Renault/Clio/16V.html
nurburgring,1997-06-08,87,Opel Astra - Opel,82,Class 5,,-,-,Rüdiger Klos/Frank Lohmann (D)/Georg Berlandy (D)/Michael Freyand,NA,NA,NA,NA,NA,Opel,Astra,NA,Result: 82nd (29 laps behind the winner)Grid:,82nd (29 laps behind the winner)Grid:,finished,NA,NA,29 laps behind the winner,NA,https://www.racingsportscars.com/images/car_no_photo.png,https://www.racingsportscars.com/about.html#contrib,https://www.racingsportscars.com/make/photo/Opel.html,https://www.racingsportscars.com/type/photo/Opel/Astra.html,NA
nurburgring,1997-06-08,81,Opel Calibra - Opel,83,Class 5,,Closed bodywork,Front-engined,Ralf Zensen (D)/Mario Moranelli/Armin Holz (D)/Marco Polani (I),NA,NA,NA,NA,NA,Opel,Calibra,NA,Result: 83rd (30 laps behind the winner)Grid:,83rd (30 laps behind the winner)Grid:,finished,NA,NA,30 laps behind the winner,NA,https://www.racingsportscars.com/images/car_no_photo.png,https://www.racingsportscars.com/about.html#contrib,https://www.racingsportscars.com/make/photo/Opel.html,https://www.racingsportscars.com/type/photo/Opel/Calibra.html,NA
nurburgring,1997-06-08,86,Renault Clio - Renault,84,Class 5,,-,-,Walter Kast/Walter Storm/Wilfried Schwertfeger (D)/Bernhard Pfälzer,NA,NA,NA,NA,NA,Renault,Clio,NA,Result: 84th (30 laps behind the winner)Grid:,84th (30 laps behind the winner)Grid:,finished,NA,NA,30 laps behind the winner,NA,https://www.racingsportscars.com/images/car_no_photo.png,https://www.racingsportscars.com/about.html#contrib,https://www.racingsportscars.com/make/photo/Renault.html,https://www.racingsportscars.com/type/photo/Renault/Clio.html,NA
nurburgring,1997-06-08,64,Opel Astra - Opel,85,Class 5,,-,-,Frank Hecker/Olaf Altenheimer/Dieter Herrmann/Georg Berlandy (D),NA,NA,NA,NA,NA,Opel,Astra,NA,Result: 85th (32 laps behind the winner)Grid:,85th (32 laps behind the winner)Grid:,finished,NA,NA,32 laps behind the winner,NA,https://www.racingsportscars.com/images/car_no_photo.png,https://www.racingsportscars.com/about.html#contrib,https://www.racingsportscars.com/make/photo/Opel.html,https://www.racingsportscars.com/type/photo/Opel/Astra.html,NA
nurburgring,1997-06-08,108,Rover Mini Cooper - Rover,86,Class 7,,-,-,Wolfgang Förster/Guido Janzen/Hans-Martin Irnich/Andreas Stöhr,NA,NA,NA,NA,NA,Rover,Mini Cooper,NA,Result: 86th (32 laps behind the winner)Grid:,86th (32 laps behind the winner)Grid:,finished,NA,NA,32 laps behind the winner,NA,https://www.racingsportscars.com/images/car_no_photo.png,https://www.racingsportscars.com/about.html#contrib,https://www.racingsportscars.com/make/photo/Rover.html,https://www.racingsportscars.com/type/photo/Rover/Mini%20Cooper.html,NA
nurburgring,1997-06-08,54,Opel Astra - Opel,87,Class 5,Automobilclub München e. V.,-,-,Maurice O'Reilly (NZ)/Ray Lintott (AUS)/Andrew Bagnall (NZ),NA,NA,NA,NA,NA,Opel,Astra,NA,Result: 87th (33 laps behind the winner)Grid:,87th (33 laps behind the winner)Grid:,finished,NA,NA,33 laps behind the winner,NA,https://www.racingsportscars.com/images/car_no_photo.png,https://www.racingsportscars.com/about.html#contrib,https://www.racingsportscars.com/make/photo/Opel.html,https://www.racingsportscars.com/type/photo/Opel/Astra.html,NA
nurburgring,1997-06-08,109,Peugeot 106 XSI - Peugeot,88,Class 7,,-,-,David Rinössl/Kurt Hommes/Franz Claer/Andre Krumbach (D),NA,NA,NA,NA,NA,Peugeot,106,XSI,Result: 88th (34 laps behind the winner)Grid:,88th (34 laps behind the winner)Grid:,finished,NA,NA,34 laps behind the winner,NA,https://www.racingsportscars.com/images/car_no_photo.png,https://www.racingsportscars.com/about.html#contrib,https://www.racingsportscars.com/make/photo/Peugeot.html,https://www.racingsportscars.com/type/photo/Peugeot/106.html,https://www.racingsportscars.com/suffix/photo/Peugeot/106/XSI.html
nurburgring,1997-06-08,140,VW Golf GTI - VW,89,Class 11,,-,-,Peter Schleifer/Eugen Sing/Volker Döffinger/Karlheinz Grüner (D),NA,NA,NA,NA,NA,VW,Golf,GTI,Result: 89th (36 laps behind the winner)Grid:,89th (36 laps behind the winner)Grid:,finished,NA,NA,36 laps behind the winner,NA,https://www.racingsportscars.com/images/car_no_photo.png,https://www.racingsportscars.com/about.html#contrib,https://www.racingsportscars.com/make/photo/VW.html,https://www.racingsportscars.com/type/photo/VW/Golf.html,https://www.racingsportscars.com/suffix/photo/VW/Golf/GTI.html
nurburgring,1997-06-08,102,Honda Civic - Honda,90,Class 6,,-,-,James G. Elliot/George W. Stillwell/Toni Ruokonen (FIN),NA,NA,NA,NA,NA,Honda,Civic,NA,Result: 90th (36 laps behind the winner)Grid:,90th (36 laps behind the winner)Grid:,finished,NA,NA,36 laps behind the winner,NA,https://www.racingsportscars.com/images/car_no_photo.png,https://www.racingsportscars.com/about.html#contrib,https://www.racingsportscars.com/make/photo/Honda.html,https://www.racingsportscars.com/type/photo/Honda/Civic.html,NA
nurburgring,1997-06-08,80,Renault Clio I Williams - Renault N/A,91,Class 5,East Belgian Racing Team,Closed bodywork,Front-engined,Marc Lander (B)/Jean-Yves Close/Jacky Delvaux (B)/Luc Verhulst (B),NA,NA,NA,NA,NA,Renault,Clio,I Williams,Result: 91st (36 laps behind the winner)Grid:,91st (36 laps behind the winner)Grid:,finished,NA,NA,36 laps behind the winner,NA,https://www.racingsportscars.com/images/car_no_photo.png,https://www.racingsportscars.com/about.html#contrib,https://www.racingsportscars.com/make/photo/Renault.html,https://www.racingsportscars.com/type/photo/Renault/Clio.html,https://www.racingsportscars.com/suffix/photo/Renault/Clio/I%20Williams.html
nurburgring,1997-06-08,11,BMW M3 - BMW,92,Class 2,,Closed bodywork,Front-engined,Alfred Wolfsgruber/Michael Gehring/Daniel Pfrommer/Marc Gindorf (D),NA,NA,NA,NA,NA,BMW,M3,NA,Result: 92nd (37 laps behind the winner)Grid:,92nd (37 laps behind the winner)Grid:,finished,NA,NA,37 laps behind the winner,NA,https://www.racingsportscars.com/images/car_no_photo.png,https://www.racingsportscars.com/about.html#contrib,https://www.racingsportscars.com/make/photo/BMW.html,https://www.racingsportscars.com/type/photo/BMW/M3.html,NA
nurburgring,1997-06-08,111,Fiat Cinquecento Sport - Fiat,93,Class 7,Fiat Cinquecento Trofeo,-,-,Sabine Köhne/Jutta Kleinschmidt (D)/Nicole Lüttecke (D)/Stefania Braggiotti,NA,NA,NA,NA,NA,Fiat,Cinquecento,Sport,Result: 93rd (37 laps behind the winner)Grid:,93rd (37 laps behind the winner)Grid:,finished,NA,NA,37 laps behind the winner,NA,https://www.racingsportscars.com/images/car_no_photo.png,https://www.racingsportscars.com/about.html#contrib,https://www.racingsportscars.com/make/photo/Fiat.html,https://www.racingsportscars.com/type/photo/Fiat/Cinquecento.html,https://www.racingsportscars.com/suffix/photo/Fiat/Cinquecento/Sport.html
nurburgring,1997-06-08,145,Opel Vectra - Opel,94,Class 11,Rothschmidt Racing Team e. V.,-,-,Kornelius Hoffmann (D)/Torsten Adler/Werner Schlehecker (D)/Theo Schorn,NA,NA,NA,NA,NA,Opel,Vectra,NA,Result: 94th (39 laps behind the winner)Grid:,94th (39 laps behind the winner)Grid:,finished,NA,NA,39 laps behind the winner,NA,https://www.racingsportscars.com/images/car_no_photo.png,https://www.racingsportscars.com/about.html#contrib,https://www.racingsportscars.com/make/photo/Opel.html,https://www.racingsportscars.com/type/photo/Opel/Vectra.html,NA
nurburgring,1997-06-08,114,Rover Mini Cooper - Rover,95,Class 7,,-,-,Georg Weber (D)/Michael Hess (D)/Burkhard Bechtel/Marc Walz (D),NA,NA,NA,NA,NA,Rover,Mini Cooper,NA,Result: 95th (42 laps behind the winner)Grid:,95th (42 laps behind the winner)Grid:,finished,NA,NA,42 laps behind the winner,NA,https://www.racingsportscars.com/images/car_no_photo.png,https://www.racingsportscars.com/about.html#contrib,https://www.racingsportscars.com/make/photo/Rover.html,https://www.racingsportscars.com/type/photo/Rover/Mini%20Cooper.html,NA
nurburgring,1997-06-08,53,Vauxhall GSi - Vauxhall,NA,Class 5,(GB),-,-,John Bateman (GB)/Julian Bateman (GB)/Robert Bishop/Kelvin May,NA,NA,NA,NA,NA,Vauxhall,GSi,NA,Result: did not finishGrid:,did not finishGrid:,not_finished,NA,NA,NA,NA,https://www.racingsportscars.com/images/car_no_photo.png,https://www.racingsportscars.com/about.html#contrib,https://www.racingsportscars.com/make/photo/Vauxhall.html,https://www.racingsportscars.com/type/photo/Vauxhall/GSi.html,NA
nurburgring,1997-06-08,71,Alfa Romeo 145 2.0 - Alfa Romeo,NA,Class 5,Alfa Romeo Scuola Sportiva,-,-,Jörg Richter/Wolfgang Mache/Herbert Schürg (D)/Frank Wörndl,NA,NA,NA,NA,NA,Alfa Romeo,145,2.0,Result: did not finishGrid:,did not finishGrid:,not_finished,NA,NA,NA,NA,https://www.racingsportscars.com/images/car_no_photo.png,https://www.racingsportscars.com/about.html#contrib,https://www.racingsportscars.com/make/photo/Alfa%20Romeo.html,https://www.racingsportscars.com/type/photo/Alfa%20Romeo/145.html,https://www.racingsportscars.com/suffix/photo/Alfa%20Romeo/145/2.0.html
nurburgring,1997-06-08,3,Seat Cupra RS - Seat,NA,Class 1,MSC Bonn-Duisdorf e. V. im ADAC,-,-,Ulli Packeisen (D)/Bernd Knott,NA,NA,NA,NA,NA,Seat,Cupra,RS,Result: did not finishGrid:,did not finishGrid:,not_finished,NA,NA,NA,NA,https://www.racingsportscars.com/images/car_no_photo.png,https://www.racingsportscars.com/about.html#contrib,https://www.racingsportscars.com/make/photo/Seat.html,https://www.racingsportscars.com/type/photo/Seat/Cupra.html,https://www.racingsportscars.com/suffix/photo/Seat/Cupra/RS.html
nurburgring,1997-06-08,33,BMW M3 - BMW,NA,Class 2,German Assistance Team MST Wiesmann,Closed bodywork,Front-engined,Stefan Neuberger (D)/Franz Dufter (D)/Hans Widmann (D)/Wolfgang Leufgen,NA,NA,NA,NA,NA,BMW,M3,NA,Result: did not finishGrid:,did not finishGrid:,not_finished,NA,NA,NA,NA,https://www.racingsportscars.com/images/car_no_photo.png,https://www.racingsportscars.com/about.html#contrib,https://www.racingsportscars.com/make/photo/BMW.html,https://www.racingsportscars.com/type/photo/BMW/M3.html,NA
nurburgring,1997-06-08,172,BMW 318 tds - BMW,NA,Class 14,Scuderia Augustusburg Brühl e. V. im ADAC,-,-,Christian Menzel (D)/Walter Haupt/Marc Duez (B)/Theo Martin (D),NA,NA,NA,NA,NA,BMW,318,tds,Result: did not finishGrid:,did not finishGrid:,not_finished,NA,NA,NA,NA,https://www.racingsportscars.com/images/car_no_photo.png,https://www.racingsportscars.com/about.html#contrib,https://www.racingsportscars.com/make/photo/BMW.html,https://www.racingsportscars.com/type/photo/BMW/318.html,https://www.racingsportscars.com/suffix/photo/BMW/318/tds.html
nurburgring,1997-06-08,12,Ford Escort Cosworth - Ford,NA,Class 2,,Closed bodywork,Front-engined,Kevin Maxted/Graham Coomes (GB)/Nick Starkey/Ian Donaldson (GB),NA,NA,NA,NA,NA,Ford,Escort,Cosworth,Result: did not finishGrid:,did not finishGrid:,not_finished,NA,NA,NA,NA,https://www.racingsportscars.com/images/car_no_photo.png,https://www.racingsportscars.com/about.html#contrib,https://www.racingsportscars.com/make/photo/Ford.html,https://www.racingsportscars.com/type/photo/Ford/Escort.html,https://www.racingsportscars.com/suffix/photo/Ford/Escort/Cosworth.html
nurburgring,1997-06-08,115,Rover Mini Cooper - Rover,NA,Class 7,,-,-,Jochen Übler (D)/Guido Naumann (D)/Michael Podlogar/Jo Busse,NA,NA,NA,NA,NA,Rover,Mini Cooper,NA,Result: did not finishGrid:,did not finishGrid:,not_finished,NA,NA,NA,NA,https://www.racingsportscars.com/images/car_no_photo.png,https://www.racingsportscars.com/about.html#contrib,https://www.racingsportscars.com/make/photo/Rover.html,https://www.racingsportscars.com/type/photo/Rover/Mini%20Cooper.html,NA
nurburgring,1997-06-08,65,Renault Clio - Renault,NA,Class 5,,-,-,Carsten Meurer (D)/Alec Arho,NA,NA,NA,NA,NA,Renault,Clio,NA,Result: did not finishGrid:,did not finishGrid:,not_finished,NA,NA,NA,NA,https://www.racingsportscars.com/images/car_no_photo.png,https://www.racingsportscars.com/about.html#contrib,https://www.racingsportscars.com/make/photo/Renault.html,https://www.racingsportscars.com/type/photo/Renault/Clio.html,NA
nurburgring,1997-06-08,62,Vauxhall Astra - Vauxhall,NA,Class 5,,-,-,Kevin Maxted/Jack Gratton (GB)/Nils Baker (GB)/Peter Morss (GB),NA,NA,NA,NA,NA,Vauxhall,Astra,NA,Result: did not finishGrid:,did not finishGrid:,not_finished,NA,NA,NA,NA,https://www.racingsportscars.com/images/car_no_photo.png,https://www.racingsportscars.com/about.html#contrib,https://www.racingsportscars.com/make/photo/Vauxhall.html,https://www.racingsportscars.com/type/photo/Vauxhall/Astra.html,NA
nurburgring,1997-06-08,66,VW Golf GTI - VW,NA,Class 5,H&R Spezialfedern,-,-,Heinz Remmen/Peter Reuter (D)/Wilfried Selbach/Jürgen Gerspacher,NA,NA,NA,NA,NA,VW,Golf,GTI,Result: did not finishGrid:,did not finishGrid:,not_finished,NA,NA,NA,NA,https://www.racingsportscars.com/images/car_no_photo.png,https://www.racingsportscars.com/about.html#contrib,https://www.racingsportscars.com/make/photo/VW.html,https://www.racingsportscars.com/type/photo/VW/Golf.html,https://www.racingsportscars.com/suffix/photo/VW/Golf/GTI.html
nurburgring,1997-06-08,2,Opel Astra - Opel,NA,Class 1,Mühlner Motorsport GmbH,-,-,Eric Neve (B)/Volker Strycek (D)/Dirk Adorf (D)/Peter Oberndorfer (D),NA,NA,NA,NA,NA,Opel,Astra,NA,Result: did not finishGrid:,did not finishGrid:,not_finished,NA,NA,NA,NA,https://www.racingsportscars.com/images/car_no_photo.png,https://www.racingsportscars.com/about.html#contrib,https://www.racingsportscars.com/make/photo/Opel.html,https://www.racingsportscars.com/type/photo/Opel/Astra.html,NA
nurburgring,1997-06-08,67,Opel Astra - Opel,NA,Class 5,,-,-,Roland Senge/Günter Werner/Uwe Unteroberdörster,NA,NA,NA,NA,NA,Opel,Astra,NA,Result: did not finishGrid:,did not finishGrid:,not_finished,NA,NA,NA,NA,https://www.racingsportscars.com/images/car_no_photo.png,https://www.racingsportscars.com/about.html#contrib,https://www.racingsportscars.com/make/photo/Opel.html,https://www.racingsportscars.com/type/photo/Opel/Astra.html,NA
nurburgring,1997-06-08,84,Opel Astra - Opel,NA,Class 5,MSC Adenau e. V. im ADAC,-,-,Bert Flossbach/Fred Flossbach/Heinrich Kaltwasser/Wolfgang Henkel,NA,NA,NA,NA,NA,Opel,Astra,NA,Result: did not finishGrid:,did not finishGrid:,not_finished,NA,NA,NA,NA,https://www.racingsportscars.com/images/car_no_photo.png,https://www.racingsportscars.com/about.html#contrib,https://www.racingsportscars.com/make/photo/Opel.html,https://www.racingsportscars.com/type/photo/Opel/Astra.html,NA
nurburgring,1997-06-08,110,Citroën AX GTi - Citroën,NA,Class 7,,-,-,Gerhard Mayer/Theo Milz,NA,NA,NA,NA,NA,Citroën,AX,GTi,Result: did not finishGrid:,did not finishGrid:,not_finished,NA,NA,NA,NA,https://www.racingsportscars.com/images/car_no_photo.png,https://www.racingsportscars.com/about.html#contrib,https://www.racingsportscars.com/make/photo/Citro%c3%abn.html,https://www.racingsportscars.com/type/photo/Citro%c3%abn/AX.html,https://www.racingsportscars.com/suffix/photo/Citro%c3%abn/AX/GTi.html
nurburgring,1997-06-08,9,Ford Escort Cosworth - Ford,NA,Class 2,AC Bergisch-Land e. V. im AvD,Closed bodywork,Front-engined,Gunnar Hermann/Stefan Schlesack (D)/Alfred Vahsen (D),NA,NA,NA,NA,NA,Ford,Escort,Cosworth,Result: did not finishGrid:,did not finishGrid:,not_finished,NA,NA,NA,NA,https://www.racingsportscars.com/images/car_no_photo.png,https://www.racingsportscars.com/about.html#contrib,https://www.racingsportscars.com/make/photo/Ford.html,https://www.racingsportscars.com/type/photo/Ford/Escort.html,https://www.racingsportscars.com/suffix/photo/Ford/Escort/Cosworth.html
nurburgring,1997-06-08,171,VW Golf GTI - VW,NA,Class 14,Volkswagen Motorsport,-,-,Raimund Baumschlager (A)/Jörg Seidel (D)/Thomas Klenke (D),NA,NA,NA,NA,NA,VW,Golf,GTI,Result: did not finishGrid:,did not finishGrid:,not_finished,NA,NA,NA,NA,https://www.racingsportscars.com/images/car_no_photo.png,https://www.racingsportscars.com/about.html#contrib,https://www.racingsportscars.com/make/photo/VW.html,https://www.racingsportscars.com/type/photo/VW/Golf.html,https://www.racingsportscars.com/suffix/photo/VW/Golf/GTI.html
nurburgring,1997-06-08,97,Honda Civic - Honda,NA,Class 6,,-,-,Haakon Schjärin (N)/Roger Sandberg (N)/Joahn Skjalg Lund,NA,NA,NA,NA,NA,Honda,Civic,NA,Result: did not finishGrid:,did not finishGrid:,not_finished,NA,NA,NA,NA,https://www.racingsportscars.com/images/car_no_photo.png,https://www.racingsportscars.com/about.html#contrib,https://www.racingsportscars.com/make/photo/Honda.html,https://www.racingsportscars.com/type/photo/Honda/Civic.html,NA
nurburgring,1997-06-08,23,Audi S2 quattro - Audi,NA,Class 2,,-,-,Reinhold Mölig (D)/Franz-Rudolf Wilbert/Gregor Schulte,NA,NA,NA,NA,NA,Audi,S2,quattro,Result: did not finishGrid:,did not finishGrid:,not_finished,NA,NA,NA,NA,https://www.racingsportscars.com/images/car_no_photo.png,https://www.racingsportscars.com/about.html#contrib,https://www.racingsportscars.com/make/photo/Audi.html,https://www.racingsportscars.com/type/photo/Audi/S2.html,https://www.racingsportscars.com/suffix/photo/Audi/S2/quattro.html
nurburgring,1997-06-08,83,VW Golf GTI - VW,NA,Class 5,MSC Adenau e. V. im ADAC,-,-,Frank Löhr/Alexander von Canal/Fritz Tschirschwitz/Franz-Josef Bröhling (D),NA,NA,NA,NA,NA,VW,Golf,GTI,Result: did not finishGrid:,did not finishGrid:,not_finished,NA,NA,NA,NA,https://www.racingsportscars.com/images/car_no_photo.png,https://www.racingsportscars.com/about.html#contrib,https://www.racingsportscars.com/make/photo/VW.html,https://www.racingsportscars.com/type/photo/VW/Golf.html,https://www.racingsportscars.com/suffix/photo/VW/Golf/GTI.html
nurburgring,1997-06-08,130,BMW 325i - BMW,NA,Class 10,Förderkreis Motorsport e. V.,-,-,Oliver Arndt/Matteo Boscolo,NA,NA,NA,NA,NA,BMW,325i,NA,Result: did not finishGrid:,did not finishGrid:,not_finished,NA,NA,NA,NA,https://www.racingsportscars.com/images/car_no_photo.png,https://www.racingsportscars.com/about.html#contrib,https://www.racingsportscars.com/make/photo/BMW.html,https://www.racingsportscars.com/type/photo/BMW/325i.html,NA
nurburgring,1997-06-08,74,Opel Astra GSi - Opel,NA,Class 5,Mühlner Motorsport GmbH,-,-,Andre Duve/Franz Fabian/Timo Kluck (D),NA,NA,NA,NA,NA,Opel,Astra,GSi,Result: did not finishGrid:,did not finishGrid:,not_finished,NA,NA,NA,NA,https://www.racingsportscars.com/images/car_no_photo.png,https://www.racingsportscars.com/about.html#contrib,https://www.racingsportscars.com/make/photo/Opel.html,https://www.racingsportscars.com/type/photo/Opel/Astra.html,https://www.racingsportscars.com/suffix/photo/Opel/Astra/GSi.html
nurburgring,1997-06-08,131,BMW 325i - BMW,NA,Class 10,,-,-,Hermann Tilke (D)/Marc Hessel/Traudl Klink,NA,NA,NA,NA,NA,BMW,325i,NA,Result: did not finishGrid:,did not finishGrid:,not_finished,NA,NA,NA,NA,https://www.racingsportscars.com/images/car_no_photo.png,https://www.racingsportscars.com/about.html#contrib,https://www.racingsportscars.com/make/photo/BMW.html,https://www.racingsportscars.com/type/photo/BMW/325i.html,NA
nurburgring,1997-06-08,60,Opel Vectra - Opel,NA,Class 5,,-,-,"Friedrich Ney/Wolfgang Mayr, Jr./Peter Venn (D)",NA,NA,NA,NA,NA,Opel,Vectra,NA,Result: did not finishGrid:,did not finishGrid:,not_finished,NA,NA,NA,NA,https://www.racingsportscars.com/images/car_no_photo.png,https://www.racingsportscars.com/about.html#contrib,https://www.racingsportscars.com/make/photo/Opel.html,https://www.racingsportscars.com/type/photo/Opel/Vectra.html,NA
nurburgring,1997-06-08,34,BMW M3 - BMW,NA,Class 3,Automobilclub München e. V.,Closed bodywork,Front-engined,Dieter Steinlein (D)/Alfred Hilger (D)/Ross Palmer/Harald Hennes (D),NA,NA,NA,NA,NA,BMW,M3,NA,Result: did not finishGrid:,did not finishGrid:,not_finished,NA,NA,NA,NA,https://www.racingsportscars.com/images/car_no_photo.png,https://www.racingsportscars.com/about.html#contrib,https://www.racingsportscars.com/make/photo/BMW.html,https://www.racingsportscars.com/type/photo/BMW/M3.html,NA
nurburgring,1997-06-08,95,Citroën Saxo - Citroën,NA,Class 6,,-,-,Jörg Obermann (D)/Gerd Neuefeind/Jürgen Neuefeind/Kai Lutterbach,NA,NA,NA,NA,NA,Citroën,Saxo,NA,Result: did not finishGrid:,did not finishGrid:,not_finished,NA,NA,NA,NA,https://www.racingsportscars.com/images/car_no_photo.png,https://www.racingsportscars.com/about.html#contrib,https://www.racingsportscars.com/make/photo/Citro%c3%abn.html,https://www.racingsportscars.com/type/photo/Citro%c3%abn/Saxo.html,NA
nurburgring,1997-06-08,99,Honda Civic - Honda,NA,Class 6,(B),-,-,Patrick Bastiaens (B)/Kurt Dujardyn (B)/Léo Van Sande (B)/Jean-Paul Herreman (B),NA,NA,NA,NA,NA,Honda,Civic,NA,Result: did not finishGrid:,did not finishGrid:,not_finished,NA,NA,NA,NA,https://www.racingsportscars.com/images/car_no_photo.png,https://www.racingsportscars.com/about.html#contrib,https://www.racingsportscars.com/make/photo/Honda.html,https://www.racingsportscars.com/type/photo/Honda/Civic.html,NA
nurburgring,1997-06-08,155,Honda Civic - Honda,NA,Class 12,,-,-,Wolfgang Logemann/Claas Pfenning/Hans-Werner Bruch/Wilfried Fasting,NA,NA,NA,NA,NA,Honda,Civic,NA,Result: did not finishGrid:,did not finishGrid:,not_finished,NA,NA,NA,NA,https://www.racingsportscars.com/images/car_no_photo.png,https://www.racingsportscars.com/about.html#contrib,https://www.racingsportscars.com/make/photo/Honda.html,https://www.racingsportscars.com/type/photo/Honda/Civic.html,NA
nurburgring,1997-06-08,138,Peugeot 306 S16 - Peugeot,NA,Class 11,,-,-,Warren Luff (AUS)/Peter Scharmach (D)/Patrick Watts (GB)/Ross Helleman,NA,NA,NA,NA,NA,Peugeot,306,S16,Result: did not finishGrid:,did not finishGrid:,not_finished,NA,NA,NA,NA,https://www.racingsportscars.com/images/car_no_photo.png,https://www.racingsportscars.com/about.html#contrib,https://www.racingsportscars.com/make/photo/Peugeot.html,https://www.racingsportscars.com/type/photo/Peugeot/306.html,https://www.racingsportscars.com/suffix/photo/Peugeot/306/S16.html
nurburgring,1997-06-08,119,Suzuki Swift - Suzuki,NA,Class 7,,-,-,Thomas Bölling/Salvatore Erba/Erwin Lukas (D)/Wilfried Faßbender,NA,NA,NA,NA,NA,Suzuki,Swift,NA,Result: did not finishGrid:,did not finishGrid:,not_finished,NA,NA,NA,NA,https://www.racingsportscars.com/images/car_no_photo.png,https://www.racingsportscars.com/about.html#contrib,https://www.racingsportscars.com/make/photo/Suzuki.html,https://www.racingsportscars.com/type/photo/Suzuki/Swift.html,NA
nurburgring,1997-06-08,10,Ford Escort Cosworth - Ford,NA,Class 2,,Closed bodywork,Front-engined,Maurizio Lusuardi (I)/Giorgio Cerciello (I)/Gabriele Matteuzzi (I)/Gianpiero Pindari (I),NA,NA,NA,NA,NA,Ford,Escort,Cosworth,Result: did not finishGrid:,did not finishGrid:,not_finished,NA,NA,NA,NA,https://www.racingsportscars.com/images/car_no_photo.png,https://www.racingsportscars.com/about.html#contrib,https://www.racingsportscars.com/make/photo/Ford.html,https://www.racingsportscars.com/type/photo/Ford/Escort.html,https://www.racingsportscars.com/suffix/photo/Ford/Escort/Cosworth.html
nurburgring,1997-06-08,7,Volvo 850 T5 - Volvo Turbo,NA,Class 2,Heico Motorsport,Closed bodywork,Front-engined,Ulli Richter (D)/Fred Rosterg (D)/Wolfgang Kaufmann (D),NA,NA,NA,NA,NA,Volvo,850,T5,Result: did not finishGrid:,did not finishGrid:,not_finished,NA,NA,NA,NA,https://www.racingsportscars.com/images/car_no_photo.png,https://www.racingsportscars.com/about.html#contrib,https://www.racingsportscars.com/make/photo/Volvo.html,https://www.racingsportscars.com/type/photo/Volvo/850.html,https://www.racingsportscars.com/suffix/photo/Volvo/850/T5.html
nurburgring,1997-06-08,120,Peugeot 106 Rallye - Peugeot,NA,Class 7,AC Rübenach e. V. im ADAC,-,-,Ulf Giljohann/Axel Friedhoff (D)/Franz Hasenstab/Ralf Partenheimer,NA,NA,NA,NA,NA,Peugeot,106,Rallye,Result: did not finishGrid:,did not finishGrid:,not_finished,NA,NA,NA,NA,https://www.racingsportscars.com/images/car_no_photo.png,https://www.racingsportscars.com/about.html#contrib,https://www.racingsportscars.com/make/photo/Peugeot.html,https://www.racingsportscars.com/type/photo/Peugeot/106.html,https://www.racingsportscars.com/suffix/photo/Peugeot/106/Rallye.html
nurburgring,1997-06-08,101,Honda Civic - Honda,NA,Class 6,(B),-,-,Jean-Paul Herreman (B)/Arnold Herreman (B)/Luc van de Velde/Patrick Bastiaens (B),NA,NA,NA,NA,NA,Honda,Civic,NA,Result: did not finishGrid:,did not finishGrid:,not_finished,NA,NA,NA,NA,https://www.racingsportscars.com/images/car_no_photo.png,https://www.racingsportscars.com/about.html#contrib,https://www.racingsportscars.com/make/photo/Honda.html,https://www.racingsportscars.com/type/photo/Honda/Civic.html,NA
nurburgring,1997-06-08,21,Ford Escort Cosworth - Ford,NA,Class 2,DAD Motorsport,Closed bodywork,Front-engined,"Del Delaronde (GB)/Alistar Inglis/Dave Karaskas (GB)/James Tucker, Jr. (GB)",NA,NA,NA,NA,NA,Ford,Escort,Cosworth,Result: did not finishGrid:,did not finishGrid:,not_finished,NA,NA,NA,NA,https://www.racingsportscars.com/images/car_no_photo.png,https://www.racingsportscars.com/about.html#contrib,https://www.racingsportscars.com/make/photo/Ford.html,https://www.racingsportscars.com/type/photo/Ford/Escort.html,https://www.racingsportscars.com/suffix/photo/Ford/Escort/Cosworth.html
nurburgring,1997-06-08,89,Renault Clio I Williams - Renault,NA,Class 5,MSC Wahlscheid e. V. im ADAC,-,-,Roger Schmitz/Wolfram Lohmeier/Dietmar Konopka (D),NA,NA,NA,NA,NA,Renault,Clio,I Williams,Result: did not finishGrid:,did not finishGrid:,not_finished,NA,NA,NA,NA,https://www.racingsportscars.com/images/car_no_photo.png,https://www.racingsportscars.com/about.html#contrib,https://www.racingsportscars.com/make/photo/Renault.html,https://www.racingsportscars.com/type/photo/Renault/Clio.html,https://www.racingsportscars.com/suffix/photo/Renault/Clio/I%20Williams.html
nurburgring,1997-06-08,22,Audi S2 quattro - Audi,NA,Class 2,,-,-,Franz-Rudolf Wilbert/Reinhold Mölig (D)/Gregor Schulte,NA,NA,NA,NA,NA,Audi,S2,quattro,Result: did not finishGrid:,did not finishGrid:,not_finished,NA,NA,NA,NA,https://www.racingsportscars.com/images/car_no_photo.png,https://www.racingsportscars.com/about.html#contrib,https://www.racingsportscars.com/make/photo/Audi.html,https://www.racingsportscars.com/type/photo/Audi/S2.html,https://www.racingsportscars.com/suffix/photo/Audi/S2/quattro.html
nurburgring,1997-06-08,146,Ford Escort RS 2000 - Ford,NA,Class 11,,Closed bodywork,Front-engined,Jochen Lingen/Peter Hoffmann (D)/Walter aus der Au (CH)/Klaus Hormes,NA,NA,NA,NA,NA,Ford,Escort,RS 2000,Result: did not finishGrid:,did not finishGrid:,not_finished,NA,NA,NA,NA,https://www.racingsportscars.com/images/car_no_photo.png,https://www.racingsportscars.com/about.html#contrib,https://www.racingsportscars.com/make/photo/Ford.html,https://www.racingsportscars.com/type/photo/Ford/Escort.html,https://www.racingsportscars.com/suffix/photo/Ford/Escort/RS%202000.html
nurburgring,1997-06-08,41,BMW M3 - BMW,NA,Class 3,Renngemeinschaft Bergisch-Gladbach e. V.,Closed bodywork,Front-engined,Werner Felder (D)/Fritz Möller (D)/Johannes Schaumberger,NA,NA,NA,NA,NA,BMW,M3,NA,Result: did not finishGrid:,did not finishGrid:,not_finished,NA,NA,NA,NA,https://www.racingsportscars.com/images/car_no_photo.png,https://www.racingsportscars.com/about.html#contrib,https://www.racingsportscars.com/make/photo/BMW.html,https://www.racingsportscars.com/type/photo/BMW/M3.html,NA
