source,event_slug,year,number,name,make,model,result,result_group,result_status,homologation_group,entrant,driver,photo_url,url,scale64_maker,scale64_status,note
endurance,nurburgring,1960,5,Maserati Tipo 61 #2461,Maserati,Tipo 61,1,1,winner,S3.0,Camoradi/USA Racing Team (USA),Stirling Moss (GB)/Dan Gurney (USA),https://www.racingsportscars.com/wm/photo/1960/WM_Nurburgring-1960-06-22-005.jpg?dir=photo/1960&img=Nurburgring-1960-06-22-005.jpg&txt=Kat%20Miner%20See%20Things%20Differently&wi=&mode=Null,https://www.racingsportscars.com/photo/1960/Nurburgring-1960-06-22-005.jpg,Kyosho,own,Nürburgring 1000 km 1960; CAMORADI; Moss/Gurney; ganador; Maserati Birdcage Tipo 61 #2461. Pieza clave porque consolida al Tipo 61 como arma de resistencia antes del segundo triunfo CAMORADI de 1961.
endurance,riverside,1960,98,Maserati Tipo 61,Maserati,Tipo 61,5,5,finished,O2L,J. Frank Harrison (USA),Carroll Shelby (USA),https://www.racingsportscars.com/wm/photo/1960/WM_Riverside-1960-10-16-098.jpg?dir=photo/1960&img=Riverside-1960-10-16-098.jpg&txt=Pete%20Vanlaw%20Tam%27s%20Old%20Race%20Car%20Site&wi=&mode=Null,https://www.racingsportscars.com/photo/1960/Riverside-1960-10-16-098.jpg,Kyosho,own,driver Carroll Shelby
endurance,le_mans,1961,14,Ferrari 250 GT SWB,Ferrari,250 GT,3,1,finished,GT3.0,Pierre Noblet,Pierre Noblet (B)/Jean Guichet (F),https://www.racingsportscars.com/images/car_no_photo.png,https://www.racingsportscars.com/about.html#contrib,MY64,own,plateado; ganador GT3.0 Le Mans 1961
endurance,le_mans,1962,19,Ferrari 250 GTO,Ferrari,250 GTO,2,1,finished,GT3.0,Pierre Noblet,Jean Guichet (F)/Pierre Noblet (B),https://www.racingsportscars.com/wm/photo/1962/WM_Le_Mans-1962-06-24-019.jpg?dir=photo/1962&img=Le_Mans-1962-06-24-019.jpg&txt=Charles%20M.%20Scales%20III%20and%20Russ%20Smith&wi=&mode=Null,https://www.racingsportscars.com/photo/1962/Le_Mans-1962-06-24-019.jpg,MY64,own,rojo con franja central; 2º general Le Mans 1962; Guichet/Noblet
endurance,le_mans,1962,17,Ferrari 250 GTO,Ferrari,250 GTO,6,1,finished,P3.0,North American Racing Team (USA),Bob Grossman (USA)/Fireball Roberts (USA),https://www.racingsportscars.com/wm/photo/1962/WM_Le_Mans-1962-06-24-017.jpg?dir=photo/1962&img=Le_Mans-1962-06-24-017.jpg&txt=Russ%20Smith%20and%20Charles%20M.%20Scales%20III&wi=&mode=Null,https://www.racingsportscars.com/photo/1962/Le_Mans-1962-06-24-017.jpg,Kyosho,own,azul; 6º general y 1º P3.0 Le Mans 1962; NART
endurance,laguna_seca,1963,96,Shelby Cobra,Shelby,Cobra,11,7,finished,O2L,Coventry Motors (USA),Allen Grant (USA),https://www.racingsportscars.com/wm/photo/1963/WM_Laguna_Seca-1963-10-20-096.jpg?dir=photo/1963&img=Laguna_Seca-1963-10-20-096.jpg&txt=Robert%20Parker&wi=&mode=Null,https://www.racingsportscars.com/photo/1963/Laguna_Seca-1963-10-20-096.jpg,GreenLight,own,"Allen Grant #96; Coventry Motors / Jay Brown-Jerry Stroke; ganó SCCA Santa Barbara, Candlestick Park y dos carreras Laguna Seca 1963; 2º Riverside 1 h; 11º 200 mile Laguna Seca; el vidrio/parabrisas de la miniatura no necesariamente corresponde al auto exacto que ganó cada una de estas carreras"
endurance,le_mans,1963,24,Ferrari 250 GTO,Ferrari,250 GTO,2,1,finished,GT3.0,Equipe Nationale Belge (B),"""Jean Beurlys"" (B)/Gérald Langlois van Ophem (B)listed, never drove: Georges Berger (B), ""Eldé"" (B)",https://www.racingsportscars.com/wm/photo/1963/WM_Le_Mans-1963-06-16-024.jpg?dir=photo/1963&img=Le_Mans-1963-06-16-024.jpg&txt=Maranello-Literature.com%2C%20Jarrell%20Jennings%20and%20Charles%20M.%20Scales%20III&wi=&mode=Null,https://www.racingsportscars.com/photo/1963/Le_Mans-1963-06-16-024.jpg,Kyosho,own,"Le Mans 24h 1963; Equipe Nationale Belge; ""Beurlys""/Langlois van Ophem; 2º general y 1º GT3.0; rojo #24."
endurance,le_mans,1965,21,Ferrari 250 LM,Ferrari,250 LM,1,1,winner,P4.0,N.A.R.T. (USA),Jochen Rindt (A)/Masten Gregory (USA)/Ed Hugus (USA),https://www.racingsportscars.com/wm/photo/1965/WM_Le_Mans-1965-06-20-021.jpg?dir=photo/1965&img=Le_Mans-1965-06-20-021.jpg&txt=John%20Dawson-Edwards%2C%20Russ%20Smith%2C%20Charles%20M.%20Scales%20III%20and%20Dave%20Sitter&wi=&mode=Null,https://www.racingsportscars.com/photo/1965/Le_Mans-1965-06-20-021.jpg,Kyosho,exists_164_no_own,ganador Le Mans 1965; NART; Rindt/Gregory
endurance,le_mans,1965,26,Ferrari 250 LM,Ferrari,250 LM,2,2,finished,P4.0,P. Dumay (B),"Pierre Dumay (F)/Gustave Gosselin (B)listed, never drove: Guy Ligier (F)",https://www.racingsportscars.com/wm/photo/1965/WM_Le_Mans-1965-06-20-026.jpg?dir=photo/1965&img=Le_Mans-1965-06-20-026.jpg&txt=Larry%20Girouard%2C%20John%20Dawson-Edwards%20and%20Maranello-Literature.com&wi=&mode=Null,https://www.racingsportscars.com/photo/1965/Le_Mans-1965-06-20-026.jpg,Kyosho,own,2º general Le Mans 1965; Dumay/Gosselin
endurance,le_mans,1966,2,Ford GT40 Mk II,Ford,Mk II,1,1,winner,P+2.0,Shelby American Inc. (USA),"Bruce McLaren (NZ)/Chris Amon (NZ)listed, never drove: Dan Gurney (USA), Bob Grossman (USA)",https://www.racingsportscars.com/wm/photo/1966/WM_Le_Mans-1966-06-19-002.jpg?dir=photo/1966&img=Le_Mans-1966-06-19-002.jpg&txt=The%20Henry%20Ford%2FFriedman%20and%20Phillip%20Hazen&wi=&mode=Null,https://www.racingsportscars.com/photo/1966/Le_Mans-1966-06-19-002.jpg,Kyosho,own,ganador Le Mans 1966; Shelby American; McLaren/Amon
endurance,le_mans,1966,1,Ford GT40 Mk II,Ford,Mk II,2,2,finished,P+2.0,Shelby American Inc. (USA),"Ken Miles (GB)/Denny Hulme (NZ)listed, never drove: Lloyd Ruby (USA), Dick Thompson (USA), Mark Donohue (USA), Lucien Bianchi (B)",https://www.racingsportscars.com/wm/photo/1966/WM_Le_Mans-1966-06-19-001.jpg?dir=photo/1966&img=Le_Mans-1966-06-19-001.jpg&txt=Phillip%20Hazen%20and%20The%20Henry%20Ford%2FFriedman&wi=&mode=Null,https://www.racingsportscars.com/photo/1966/Le_Mans-1966-06-19-001.jpg,Kyosho,exists_164_no_own,2º general Le Mans 1966; Shelby American; Miles/Hulme
endurance,le_mans,1966,5,Ford GT40 Mk II,Ford,Mk II,3,3,finished,P+2.0,Holman & Moody (USA),"Ronnie Bucknum (USA)/Dick Hutcherson (USA)listed, never drove: Peter Arundell (GB), Bruce McLaren (NZ), A. J. Foyt (USA)",https://www.racingsportscars.com/wm/photo/1966/WM_Le_Mans-1966-06-19-005.jpg?dir=photo/1966&img=Le_Mans-1966-06-19-005.jpg&txt=Phillip%20Hazen%2C%20The%20Henry%20Ford%2FFriedman%20and%20Michel%20Guilloux&wi=&mode=Null,https://www.racingsportscars.com/photo/1966/Le_Mans-1966-06-19-005.jpg,Kyosho,exists_164_no_own,3º general Le Mans 1966; Holman & Moody; Bucknum/Hutcherson; dorado
endurance,daytona,1967,23,Ferrari 330 P3/4 Spyder #0846,Ferrari,330 P3,1,1,winner,P+2.0,Ferrari s.p.a. (I),Lorenzo Bandini (I)/Chris Amon (NZ),https://www.racingsportscars.com/wm/photo/1967/WM_Daytona-1967-02-05-023.jpg?dir=photo/1967&img=Daytona-1967-02-05-023.jpg&txt=Charlie%20Richardson%20and%20Louis%20Galanos&wi=&mode=Null,https://www.racingsportscars.com/photo/1967/Daytona-1967-02-05-023.jpg,Kyosho,own,"rojo sin techo; Daytona 24h 1967; Ferrari s.p.a.; Bandini/Amon; ganador general; RSC lo lista como Ferrari 330 P3/4 Spyder, no P4 puro."
endurance,le_mans,1967,21,Ferrari 330 P4 #0858,Ferrari,330 P4,2,1,finished,P5.0,SpA Ferrari SEFAC (I),Ludovico Scarfiotti (I)/Mike Parkes (GB),https://www.racingsportscars.com/wm/photo/1967/WM_Le_Mans-1967-06-11-021.jpg?dir=photo/1967&img=Le_Mans-1967-06-11-021.jpg&txt=Dominique%20Gasnerie%20and%20Peter%20Flowerday&wi=&mode=Null,https://www.racingsportscars.com/photo/1967/Le_Mans-1967-06-11-021.jpg,Kyosho,own,cerrado rojo; Le Mans 24h 1967; SpA Ferrari SEFAC; Scarfiotti/Parkes; 2º general y 1º P5.0; uno de los P4 más importantes.
endurance,le_mans,1967,24,Ferrari 330 P4 #0856,Ferrari,330 P4,3,2,finished,P5.0,Equipe Nationale Belge (B),"Willy Mairesse (B)/""Jean Beurlys"" (B)preliminary session only: Ludovico Scarfiotti (I), Mike Parkes (GB)",https://www.racingsportscars.com/wm/photo/1967/WM_Le_Mans-1967-06-11-024.jpg?dir=photo/1967&img=Le_Mans-1967-06-11-024.jpg&txt=G%C3%A9rard%20Rouxel&wi=&mode=Null,https://www.racingsportscars.com/photo/1967/Le_Mans-1967-06-11-024.jpg,Kyosho,own,rojo con línea amarilla; Le Mans 24h 1967; Equipe Nationale Belge; Mairesse/Beurlys; 3º general; calza perfecto con la decoración del Kyosho #24.
endurance,le_mans,1967,41,Porsche 907 LH,Porsche,907,5,1,finished,P2.0,Porsche System Enginnering (D),Jo Siffert (CH)/Hans Herrmann (D),https://www.racingsportscars.com/wm/photo/1967/WM_Le_Mans-1967-06-11-041.jpg?dir=photo/1967&img=Le_Mans-1967-06-11-041.jpg&txt=Porsche%20and%20Peter%20Flowerday&wi=&mode=Null,https://www.racingsportscars.com/photo/1967/Le_Mans-1967-06-11-041.jpg,Kyosho,own,Le Mans 1967; Porsche System Engineering; Siffert/Herrmann; Porsche 907 LH #004; 5º general y 1º en P2.0; blanco con verde. Importante porque muestra a Porsche peleando la general con solo 2 litros.
endurance,le_mans,1967,40,Porsche 907 LH,Porsche,907,NA,NA,not_finished,P2.0,Porsche System Enginnering (D),Jochen Rindt (A)/Gerhard Mitter (D),https://www.racingsportscars.com/images/car_no_photo.png,https://www.racingsportscars.com/about.html#contrib,Kyosho,own,Le Mans 1967; Porsche System Engineering; Jochen Rindt/Gerhard Mitter; Porsche 907 LH #003; DNF por árbol de levas; blanco con púrpura. Hermano del #41: temprano laboratorio aerodinámico de Porsche antes de 908/917.
endurance,le_mans,1968,9,Ford GT40 Mk I #1075,Ford,GT40,1,1,winner,S5.0,J. W. Automotive Engineering Ltd. (GB),"Pedro Rodriguez (MEX)/Lucien Bianchi (B)listed, never drove: Jacky Ickx (B), Brian Redman (GB)",https://www.racingsportscars.com/wm/photo/1968/WM_Le_Mans-1968-09-29-009.jpg?dir=photo/1968&img=Le_Mans-1968-09-29-009.jpg&txt=Michel%20Guilloux%20and%20Don%20Grunbaum&wi=&mode=Null,https://www.racingsportscars.com/photo/1968/Le_Mans-1968-09-29-009.jpg,Kyosho,own,ganador Le Mans 1968; Gulf/J.W. Automotive; Rodríguez/Bianchi
endurance,le_mans,1970,23,Porsche 917 K,Porsche,917,1,1,winner,S5.0,Porsche Konstruktionen K.G. (A),"Richard Attwood (GB)/Hans Herrmann (D)DNS: Vic Elford (GB), Kurt Ahrens, Jr. (D); listed, never drove: Rudi Lins (A)",https://www.racingsportscars.com/wm/photo/1970/WM_Le_Mans-1970-06-14-023.jpg?dir=photo/1970&img=Le_Mans-1970-06-14-023.jpg&txt=Michel%20Guilloux%2C%20Jim%20Culp%20and%20Dominique%20Gasnerie&wi=&mode=Null,https://www.racingsportscars.com/photo/1970/Le_Mans-1970-06-14-023.jpg,Spark,own,ganador Le Mans 1970; Salzburg; Attwood/Herrmann
endurance,le_mans,1970,3,Porsche 917 LH #043,Porsche,917,2,2,finished,S5.0,Martini International Racing Team (D),"Gérard Larrousse (F)/Willi Kauhsen (D)listed, never drove: Reinhold Jöst (D), Richard Attwood (GB)",https://www.racingsportscars.com/wm/photo/1970/WM_Le_Mans-1970-06-14-003.jpg?dir=photo/1970&img=Le_Mans-1970-06-14-003.jpg&txt=Michel%20Guilloux%2C%20Endurance-Series.com%20and%20Dominique%20Gasnerie&wi=&mode=Null,https://www.racingsportscars.com/photo/1970/Le_Mans-1970-06-14-003.jpg,Finclassically,exists_164_no_own,Le Mans 1970; Martini International Racing Team; Larrousse/Kauhsen; 2º general; 917 LH longtail #043; azul/verde oscuro; grilla 12º. Muy importante: el longtail Martini fue el otro 917 en el podio detrás del ganador Salzburg #23.
endurance,le_mans,1970,21,Porsche 917 K #016,Porsche,917,NA,NA,not_finished,S5.0,J. W. Automotive Engineering Ltd. (GB),Pedro Rodriguez (MEX)/Leo Kinnunen (FIN),https://www.racingsportscars.com/wm/photo/1970/WM_Le_Mans-1970-06-14-021.jpg?dir=photo/1970&img=Le_Mans-1970-06-14-021.jpg&txt=Michel%20Guilloux&wi=&mode=Null,https://www.racingsportscars.com/photo/1970/Le_Mans-1970-06-14-021.jpg,Kyosho,own,Gulf/J.W. Automotive; DNF; Rodríguez/Kinnunen
endurance,le_mans,1971,22,Porsche 917 K,Porsche,917,1,1,winner,S5.0,Martini Racing Team (D),Helmut Marko (A)/Gijs van Lennep (NL),https://www.racingsportscars.com/wm/photo/1971/WM_Le_Mans-1971-06-13-022.jpg?dir=photo/1971&img=Le_Mans-1971-06-13-022.jpg&txt=Endurance-Series.com&wi=&mode=Null,https://www.racingsportscars.com/photo/1971/Le_Mans-1971-06-13-022.jpg,Tarmac Works,exists_164_no_own,ganador Le Mans 1971; Martini; Marko/van Lennep; https://www.minidiecast.cl/tarmac-works-curitiba-164-porsche-917-kh-24h-le-mans-1971-winner-22
endurance,le_mans,1971,23,Porsche 917/20 Pink Pig,Porsche,917/20,NA,NA,not_finished,S5.0,Martini Racing Team (D),"Willi Kauhsen (D)/Reinhold Jöst (D)preliminary session only: Jo Siffert (CH); listed, never drove: Gérard Larrousse (F)",https://www.racingsportscars.com/wm/photo/1971/WM_Le_Mans-1971-06-13-023.jpg?dir=photo/1971&img=Le_Mans-1971-06-13-023.jpg&txt=Endurance-Series.com%20and%20Rallye%20Racing&wi=&mode=Null,https://www.racingsportscars.com/photo/1971/Le_Mans-1971-06-13-023.jpg,TBD,exists_164_no_own,"Le Mans 1971; Porsche 917/20 #001 Martini Racing Team; Kauhsen/Jöst; DNF por varillaje de inyección/accidente; grilla 7º; livery rosa con cortes de carnicería. Icono absoluto: aerodinámica experimental entre 917 K y LH, más recordado por la decoración Pink Pig que por el resultado."
endurance,sebring,1971,3,Porsche 917 K,Porsche,917,1,1,winner,S,Martini & Rossi Racing (D),Vic Elford (GB)/Gérard Larrousse (F),https://www.racingsportscars.com/wm/photo/1971/WM_Sebring-1971-03-20-003.jpg?dir=photo/1971&img=Sebring-1971-03-20-003.jpg&txt=Louis%20Galanos&wi=&mode=Null,https://www.racingsportscars.com/photo/1971/Sebring-1971-03-20-003.jpg,Finclassically,exists_164_no_own,ganador Sebring 12h 1971
endurance,spa,1971,35,Mercedes-Benz 300 SEL 6.8 AMG,Mercedes-Benz,300 SEL,2,2,finished,Div.3,AMG,Clemens Schickentanz (D)Hans Heyer (D),https://www.racingsportscars.com/wm/etcc/1971/WM_Spa-1971-07-25-035.jpg?dir=etcc/1971&img=Spa-1971-07-25-035.jpg&txt=Julien%20Garnier%20and%20Rallye%20Racing&wi=&mode=Null,https://www.racingsportscars.com/etcc/1971/Spa-1971-07-25-035.jpg,Ghost Player,own,Spa 24 Hours 1971; AMG; Schickentanz/Heyer; 2º general y 1º en su clase; Red Pig/Rote Sau; V8 6.8L/6834cc; dato freak: enorme sedán de lujo convertido en auto de carrera y el original terminó vendido a Matra para pruebas de neumáticos de avión
endurance,daytona,1973,59,Porsche 911 Carrera RSR,Porsche,911 Carrera,1,1,winner,S3.0,Brumos Porsche (USA),Peter Gregg (USA)/Hurley Haywood (USA),https://www.racingsportscars.com/wm/photo/1973/WM_Daytona-1973-02-04-059.jpg?dir=photo/1973&img=Daytona-1973-02-04-059.jpg&txt=Fred%20Lewis%20and%20George%20Boron&wi=&mode=Null,https://www.racingsportscars.com/photo/1973/Daytona-1973-02-04-059.jpg,Spark,exists_164_no_own,release 2027
endurance,le_mans,1973,45,Porsche 911 Carrera RSR,Porsche,911 Carrera,8,1,finished,GT3.0,Porsche Kremer Racing Team (D),Paul Keller (CH)Clemens Schickentanz (D)/Erwin Kremer (D),https://www.racingsportscars.com/wm/photo/1973/WM_Le_Mans-1973-06-10-045.jpg?dir=photo/1973&img=Le_Mans-1973-06-10-045.jpg&txt=Michel%20Guilloux%20and%20Robert%20Margadant&wi=&mode=Null,https://www.racingsportscars.com/photo/1973/Le_Mans-1973-06-10-045.jpg,Tarmac Works,exists_164_no_own,Le Mans 1973; Porsche Kremer Racing Team; Keller/Schickentanz/Kremer; 8º general y 1º en GT3.0; partió 38º; Kremer/Shell; blanco con rojo; Dunlop; flat-6 2808cc. Buen antecedente temprano de Kremer antes del 935 K3 ganador de 1979.
endurance,sebring,1973,59,Porsche 911 Carrera RSR,Porsche,911 Carrera,1,1,winner,GTO,Dr. Dave Helmick (USA),Peter Gregg (USA)/Hurley Haywood (USA)/Dave Helmick (USA),https://www.racingsportscars.com/wm/photo/1973/WM_Sebring-1973-03-24-059.jpg?dir=photo/1973&img=Sebring-1973-03-24-059.jpg&txt=Fred%20Lewis%2C%20Louis%20Galanos%20and%20John%20B.%20MacNeill&wi=&mode=Null,https://www.racingsportscars.com/photo/1973/Sebring-1973-03-24-059.jpg,Spark,exists_164_no_own,release 2027
endurance,le_mans,1974,22,Porsche 911 Carrera RSR Turbo #911,Porsche,911 Carrera RSR Turbo,2,2,finished,S3.0,Martini Racing Team (D),"Herbert Müller (CH)/Gijs van Lennep (NL)listed, never drove: Manfred Schurti (FL)",https://www.racingsportscars.com/wm/photo/1974/WM_Le_Mans-1974-06-16-022.jpg?dir=photo/1974&img=Le_Mans-1974-06-16-022.jpg&txt=Dominique%20Gasnerie%2C%20Alain%20Jourdainne%20Photos%2024H%20Le%20Mans%20and%20G%C3%A9rard%20Rouxel&wi=&mode=Null,https://www.racingsportscars.com/photo/1974/Le_Mans-1974-06-16-022.jpg,Kyosho,own,Martini Racing Team
endurance,le_mans,1974,21,Porsche 911 Carrera RSR Turbo #911,Porsche,911 Carrera RSR Turbo,NA,NA,not_finished,S3.0,Martini Racing Team (D),Manfred Schurti (FL)/Helmuth Koinigg (A)DNS: Herbert Müller (CH),https://www.racingsportscars.com/wm/photo/1974/WM_Le_Mans-1974-06-16-021.jpg?dir=photo/1974&img=Le_Mans-1974-06-16-021.jpg&txt=John%20Barrick&wi=&mode=Null,https://www.racingsportscars.com/photo/1974/Le_Mans-1974-06-16-021.jpg,Kyosho,own,Martini Racing Team
endurance,le_mans,1975,69,Porsche 911 Carrera RSR,Porsche,911 Carrera,6,2,finished,GT,"""Beurlys""","Nick Faure (GB)/""Jean Beurlys"" (B)/John Cooper (GB)listed, never drove: Hughes de Fierlant (B)",https://www.racingsportscars.com/wm/photo/1975/WM_Le_Mans-1975-06-15-069.jpg?dir=photo/1975&img=Le_Mans-1975-06-15-069.jpg&txt=Alain%20Jourdainne%20Photos%2024H%20Le%20Mans&wi=&mode=Null,https://www.racingsportscars.com/photo/1975/Le_Mans-1975-06-15-069.jpg,Tarmac Works,exists_164_no_own,"Le Mans 1975; #69 ""Beurlys""; Nick Faure/Jean Beurlys/John Cooper; 6º general; partió 30º; blanco con azul/rojo; Swinford Motors Ltd.; chasis 911 460 9072; flat-6 2990cc. Otro RSR privado muy fuerte de los 70, justo entre los Carrera RSR cliente y la era 935."
endurance,le_mans,1975,53,Porsche 911 Carrera RSR,Porsche,911 Carrera,7,3,finished,GT,A.S.A. Cachia (F),Jacques Borras (F)/Pascal Moisson (F)/Henri Cachia (F)DNS: Denis Rua (F),https://www.racingsportscars.com/images/car_no_photo.png,https://www.racingsportscars.com/about.html#contrib,Spark,exists_164_no_own,release 2027
endurance,le_mans,1975,78,Porsche 911 Carrera RS,Porsche,911 Carrera,NA,NA,other,ser.GT,Ecurie Robert Buchet - Cyril Grandet (F),"Bob Wollek (F)/Cyril Grandet (F)listed, never drove: Hoden",https://www.racingsportscars.com/wm/photo/1975/WM_Le_Mans-1975-06-15-078.jpg?dir=photo/1975&img=Le_Mans-1975-06-15-078.jpg&txt=Michel%20Guilloux%20and%20Alain%20Jourdainne%20Photos%2024H%20Le%20Mans&wi=&mode=Null,https://www.racingsportscars.com/photo/1975/Le_Mans-1975-06-15-078.jpg,Spark,exists_164_no_own,release 2027
endurance,le_mans,1976,40,Porsche 935 #002,Porsche,935,4,1,finished,Gr.5,Martini Racing Porsche System (D),"Manfred Schurti (FL)/Rolf Stommelen (D)listed, never drove: Jacky Ickx (B), Gijs van Lennep (NL)",https://www.racingsportscars.com/wm/photo/1976/WM_Le_Mans-1976-06-13-040.jpg?dir=photo/1976&img=Le_Mans-1976-06-13-040.jpg&txt=Arnaud%20Sigg%2C%20Jean-Bernard%20H%C3%A9ros%20and%20Alain%20Jourdainne%20Photos%2024H%20Le%20Mans&wi=&mode=Null,https://www.racingsportscars.com/photo/1976/Le_Mans-1976-06-13-040.jpg,Minichamps,own,4º general y 1º Grupo 5 Le Mans 1976; Martini; Schurti/Stommelen
endurance,nurburgring,1976,53,Porsche 934,Porsche,934,4,2,finished,GT+3.0,Jägermeister Max Moritz Team (D),/Helmut Kelleners (D),https://www.racingsportscars.com/wm/photo/1976/WM_Nurburgring-1976-04-04-053.jpg?dir=photo/1976&img=Nurburgring-1976-04-04-053.jpg&txt=Paul%20Kooyman&wi=&mode=Null,https://www.racingsportscars.com/photo/1976/Nurburgring-1976-04-04-053.jpg,Kyosho,exists_164_no_own,Nürburgring 300 Kilometres
endurance,nurburgring,1976,24,Porsche 934,Porsche,934,10,3,finished,GT+3.0,Jägermeister Max Moritz Team (D),Derek Bell (GB)/Günter Steckkönig (D)/Helmut Kelleners (D)/Reinhardt Stenzel (D),https://www.racingsportscars.com/wm/photo/1976/WM_Nurburgring-1976-05-30-024.jpg?dir=photo/1976&img=Nurburgring-1976-05-30-024.jpg&txt=Hartwig%20Bertrams%20collection&wi=&mode=Null,https://www.racingsportscars.com/photo/1976/Nurburgring-1976-05-30-024.jpg,Kyosho,exists_164_no_own,Nürburgring 1000 Kilometres
endurance,norisring,1977,52,Porsche 935 #930 770 0905 Jägermeister,Porsche,935,1,1,winner,Div.I,Jägermeister Max Moritz Team (D),Manfred Schurti (FL),https://www.racingsportscars.com/wm/photo/1977/WM_Norisring-1977-07-03t-052.jpg?dir=photo/1977&img=Norisring-1977-07-03t-052.jpg&txt=Harry%20Maurer&wi=&mode=Null,https://www.racingsportscars.com/photo/1977/Norisring-1977-07-03t-052.jpg,Kyosho,exists_164_no_own,"DRM Norisring 1977 / 200 Meilen von Nürnberg; Jägermeister Max Moritz Team; Manfred Schurti; 2º en División I; grilla 3º; Porsche 935 #930 770 0905; naranja Jägermeister. Muy buen 935 cliente temprano, antes del dominio visual de los K3."
endurance,nurburgring,1977,15,BMW 320 #E21-R1-13 Jägermeister,BMW,320,1,1,winner,Div.II,Jägermeister-Faltz-BMW-Team-Essen (D),Hans-Joachim Stuck (D),https://www.racingsportscars.com/wm/photo/1977/WM_Nurburgring-1977-03-27-015.jpg?dir=photo/1977&img=Nurburgring-1977-03-27-015.jpg&txt=Hartmut%20Schulz&wi=&mode=Null,https://www.racingsportscars.com/photo/1977/Nurburgring-1977-03-27-015.jpg,Kyosho,own,"No es 24hrs; es carrera DRM Nürburgring 300 Kilometres. Jägermeister BMW 320 E21-R1-13; mantener como touring DRM, no resistencia."
endurance,le_mans,1978,6,Porsche 936/78,Porsche,936,2,2,finished,S+2.0,Martini Racing Porsche System (D),"Jacky Ickx (B)Bob Wollek (F)/Jürgen Barth (D)DNS: Reinhold Jöst (D); listed, never drove: Jochen Mass (D), Henri Pescarolo (F)",https://www.racingsportscars.com/wm/photo/1978/WM_Le_Mans-1978-06-11-006.jpg?dir=photo/1978&img=Le_Mans-1978-06-11-006.jpg&txt=Arnaud%20Sigg%20and%20Paul%20Kooyman&wi=&mode=Null,https://www.racingsportscars.com/photo/1978/Le_Mans-1978-06-11-006.jpg,Kyosho,own,"Terminó 2do en la general, alerón azul"
endurance,le_mans,1978,43,Porsche 935/78 Moby Dick,Porsche,935,8,3,finished,Gr.5+2.0,Martini Racing Porsche System (D),"Manfred Schurti (FL)/Rolf Stommelen (D)listed, never drove: Jacky Ickx (B), Reinhold Jöst (D), Jochen Mass (D)",https://www.racingsportscars.com/wm/photo/1978/WM_Le_Mans-1978-06-11-043.jpg?dir=photo/1978&img=Le_Mans-1978-06-11-043.jpg&txt=Arnaud%20Sigg%20and%20Paul%20Kooyman&wi=&mode=Null,https://www.racingsportscars.com/photo/1978/Le_Mans-1978-06-11-043.jpg,Para64,own,8º general Le Mans 1978; Martini Racing; Schurti/Stommelen
endurance,le_mans,1978,5,Porsche 936/78,Porsche,936,NA,NA,not_finished,S+2.0,Martini Racing Porsche System (D),"Jacky Ickx (B)/Henri Pescarolo (F)/Jochen Mass (D)listed, never drove: Reinhold Jöst (D), Bob Wollek (F), Jürgen Barth (D)",https://www.racingsportscars.com/wm/photo/1978/WM_Le_Mans-1978-06-11-005.jpg?dir=photo/1978&img=Le_Mans-1978-06-11-005.jpg&txt=Paul%20Kooyman%2C%20Laurent%20Le%20Maitre%20and%20Cedric%20Laurent&wi=&mode=Null,https://www.racingsportscars.com/photo/1978/Le_Mans-1978-06-11-005.jpg,Kyosho,exists_164_no_own,"No terminó por accidente, pero partió en pole position. alerón rojo"
endurance,le_mans,1979,41,Porsche 935 K3 #009 00015,Porsche,935,1,1,winner,Gr.5+2.0,Porsche Kremer Racing (D),"Bill Whittington (USA)/Klaus Ludwig (D)/Don Whittington (USA)listed, never drove: Axel Plankenhorn (D)",https://www.racingsportscars.com/wm/photo/1979/WM_Le_Mans-1979-06-10-041.jpg?dir=photo/1979&img=Le_Mans-1979-06-10-041.jpg&txt=G%C3%A9rard%20Rouxel%2C%20Jean-Bernard%20H%C3%A9ros%20and%20Michel%20Guilloux&wi=&mode=Null,https://www.racingsportscars.com/photo/1979/Le_Mans-1979-06-10-041.jpg,Tarmac Works,own,ganador Le Mans 1979; Kremer Racing
endurance,le_mans,1979,40,Porsche 935/77A #930 890 0013,Porsche,935,3,2,finished,Gr.5+2.0,Porsche Kremer Racing (D),"François Servanin (F)/François Trisconi (CH)/Laurent Ferrier (F)listed, never drove: Klaus Ludwig (D), Philippe Gurdjian (F), Axel Plankenhorn (D), ""John Winter"" (D)",https://www.racingsportscars.com/wm/photo/1979/WM_Le_Mans-1979-06-10-040.jpg?dir=photo/1979&img=Le_Mans-1979-06-10-040.jpg&txt=Jean-Bernard%20H%C3%A9ros%20and%20Michel%20Guilloux&wi=&mode=Null,https://www.racingsportscars.com/photo/1979/Le_Mans-1979-06-10-040.jpg,Kyosho,own,Vaillant; 3º general Le Mans 1979; Fitzpatrick/Wollek/Dören
endurance,le_mans,1979,64,Ferrari 512 BB/LM,Ferrari,512 BB,NA,NA,not_finished,IMSA+2.5,N.A.R.T. (USA),Jean-Pierre Delaunay (F)/Cyril Grandet (F)/Preston Henn (USA),https://www.racingsportscars.com/wm/photo/1979/WM_Le_Mans-1979-06-10-064.jpg?dir=photo/1979&img=Le_Mans-1979-06-10-064.jpg&txt=Sonny%20Jones%20and%20Alain%20Jourdainne%20Photos%2024H%20Le%20Mans&wi=&mode=Null,https://www.racingsportscars.com/photo/1979/Le_Mans-1979-06-10-064.jpg,Kyosho,own,N.A.R.T.; DNF accidente; Delaunay/Grandet/Henn; IMSA+2.5
endurance,le_mans,1981,65,Lancia Beta Montecarlo Turbo,Lancia,Beta Montecarlo Turbo,8,2,finished,Gr.5,Martini Racing (I),"Eddie Cheever (USA)Carlo Facetti (I)/Michele Alboreto (I)listed, never drove: Hans Heyer (D), Riccardo Patrese (I), Piercarlo Ghinzani (I)",https://www.racingsportscars.com/wm/photo/1981/WM_Le_Mans-1981-06-14-065.jpg?dir=photo/1981&img=Le_Mans-1981-06-14-065.jpg&txt=Jacques%20Vign%C3%A9&wi=&mode=Null,https://www.racingsportscars.com/photo/1981/Le_Mans-1981-06-14-065.jpg,Spark,exists_164_no_own,release 2027. Ganador clase Grupo 5 sub-2 litros
endurance,watkins_glen,1981,1,Lancia Beta Montecarlo Turbo #1007,Lancia,Beta Montecarlo Turbo,1,1,winner,Gr.5,Martini Racing (I),Riccardo Patrese (I)/Michele Alboreto (I),https://www.racingsportscars.com/wm/photo/1981/WM_Watkins_Glen-1981-07-12-001.jpg?dir=photo/1981&img=Watkins_Glen-1981-07-12-001.jpg&txt=Mike%20Strohmeyer%2C%20Randy%20McKee%20and%20Kurt%20Ahnert&wi=&mode=Null,https://www.racingsportscars.com/photo/1981/Watkins_Glen-1981-07-12-001.jpg,CM's,own,Watkins Glen 1981; Lancia Beta Montecarlo Turbo Grupo 5; revisar resultado exacto/clase. Complementa al Beta Montecarlo de Le Mans 1981: pieza representativa del dominio Lancia en Grupo 5 sub-2 litros.
endurance,le_mans,1984,7,Porsche 956B #117,Porsche,956,1,1,winner,C1,New-Man Joest Racing (D),"Henri Pescarolo (F)/Klaus Ludwig (D)DNS: Stefan Johansson (S); listed, never drove: Paul Belmondo (F)",https://www.racingsportscars.com/wm/photo/1984/WM_Le_Mans-1984-06-17-007.jpg?dir=photo/1984&img=Le_Mans-1984-06-17-007.jpg&txt=Paul%20Kooyman&wi=&mode=Null,https://www.racingsportscars.com/photo/1984/Le_Mans-1984-06-17-007.jpg,Sparky,own,ganador Le Mans 1984; New Man Joest; Pescarolo/Ludwig/Johansson
endurance,le_mans,1985,4,Lancia LC2/85,Lancia,LC2,6,6,finished,C1,Martini-Lancia (I),Bob Wollek (F)/Alessandro Nannini (I)/Lucio Cesario (AUS),https://www.racingsportscars.com/wm/photo/1985/WM_Le_Mans-1985-06-16-004.jpg?dir=photo/1985&img=Le_Mans-1985-06-16-004.jpg&txt=Serge%20Cailler&wi=&mode=Null,https://www.racingsportscars.com/photo/1985/Le_Mans-1985-06-16-004.jpg,Spark,exists_164_no_own,release 2027. 6º Le Mans 1985; mejor resultado del LC2 en Le Mans; Martini-Lancia; Wollek/Nannini/Cesario
endurance,le_mans,1985,5,Lancia LC2/85,Lancia,LC2,7,7,finished,C1,Martini-Lancia (I),"Henri Pescarolo (F)/Mauro Baldi (I)listed, never drove: Lucio Cesario (AUS)",https://www.racingsportscars.com/wm/photo/1985/WM_Le_Mans-1985-06-16-005.jpg?dir=photo/1985&img=Le_Mans-1985-06-16-005.jpg&txt=Philippe%20Hubert&wi=&mode=Null,https://www.racingsportscars.com/photo/1985/Le_Mans-1985-06-16-005.jpg,Spark,exists_164_no_own,release 2027. 7º Le Mans 1985; clasificó 6º; Martini-Lancia; Pescarolo/Baldi
endurance,le_mans,1988,2,Jaguar XJR-9 LM #TWR-J12C-488,Jaguar,XJR-9,1,1,winner,C1,Silk Cut Jaguar (GB),Jan Lammers (NL)/Johnny Dumfries (GB)/Andy Wallace (GB),https://www.racingsportscars.com/wm/photo/1988/WM_Le_Mans-1988-06-12-002.jpg?dir=photo/1988&img=Le_Mans-1988-06-12-002.jpg&txt=Laurent%20Chauveau%20Endurance%20Info%2C%20Sonny%20Jones%20and%20G%C3%A9rard%20Rouxel&wi=&mode=Null,https://www.racingsportscars.com/photo/1988/Le_Mans-1988-06-12-002.jpg,Kyosho,own,ganador Le Mans 1988; Silk Cut Jaguar; Lammers/Dumfries/Wallace
endurance,le_mans,1988,1,Jaguar XJR-9 LM,Jaguar,XJR-9,NA,NA,not_finished,C1,Silk Cut Jaguar (GB),Martin Brundle (GB)/John Nielsen (DK),https://www.racingsportscars.com/wm/photo/1988/WM_Le_Mans-1988-06-12-001.jpg?dir=photo/1988&img=Le_Mans-1988-06-12-001.jpg&txt=Sonny%20Jones&wi=&mode=Null,https://www.racingsportscars.com/photo/1988/Le_Mans-1988-06-12-001.jpg,Kyosho,own,tienes un segundo Jaguar; revisar número en la base: posible #3 #21 o #22
endurance,le_mans,1988,23,Nissan R88C,Nissan,R88C,NA,NA,not_finished,C1,Nissan Motorsports (J),"Kazuyoshi Hoshino (J)/Takao Wada (J)/Aguri Suzuki (J)listed, never drove: Masahiro Hasemi (J)",https://www.racingsportscars.com/wm/photo/1988/WM_Le_Mans-1988-06-12-023.jpg?dir=photo/1988&img=Le_Mans-1988-06-12-023.jpg&txt=Jean-Pierre%20Monier&wi=&mode=Null,https://www.racingsportscars.com/photo/1988/Le_Mans-1988-06-12-023.jpg,Kyosho,own,Le Mans 1988; Nissan Motorsports; Hoshino/Wada/Aguri Suzuki; DNF por motor; grilla 15º; Calsonic/NISSAN; blanco/azul/naranjo; chasis March-LM #87G-3. Primer bloque fuerte del camino Nissan Grupo C antes del R89C/R90CP.
endurance,le_mans,1989,63,Sauber-Mercedes C9/88,Sauber,C9,1,1,winner,C1,Team Sauber Mercedes (CH/D),Jochen Mass (D)/Manuel Reuter (D)/Stanley Dickens (S),https://www.racingsportscars.com/wm/photo/1989/WM_Le_Mans-1989-06-11-063.jpg?dir=photo/1989&img=Le_Mans-1989-06-11-063.jpg&txt=Jeremy%20Jackson&wi=&mode=Null,https://www.racingsportscars.com/photo/1989/Le_Mans-1989-06-11-063.jpg,Kyosho,exists_164_no_own,ganador Le Mans 1989; Sauber-Mercedes C9/88; Jochen Mass/Manuel Reuter/Stanley Dickens.
endurance,le_mans,1989,61,Sauber-Mercedes C9/88 #88-C9-04,Sauber,C9,2,2,finished,C1,Team Sauber Mercedes (CH/D),"Mauro Baldi (I)Gianfranco Brancatelli (I)/Kenny Acheson (GB)listed, never drove: Jean-Louis Schlesser (F), Alain Cudini (F), Jean-Pierre Jabouille (F)",https://www.racingsportscars.com/wm/photo/1989/WM_Le_Mans-1989-06-11-061.jpg?dir=photo/1989&img=Le_Mans-1989-06-11-061.jpg&txt=Jeremy%20Jackson&wi=&mode=Null,https://www.racingsportscars.com/photo/1989/Le_Mans-1989-06-11-061.jpg,Kyosho,own,2º general Le Mans 1989; Sauber-Mercedes C9/88 #88-C9-04; el ganador fue el #63.
endurance,le_mans,1989,23,Nissan R89C,Nissan,R89C,NA,NA,not_finished,C1,Nissan Motorsport (J),"Masahiro Hasemi (J)/Kazuyoshi Hoshino (J)/Toshio Suzuki (J)listed, never drove: Martin Donnelly (GB), Julian Bailey (GB), Mark Blundell (GB)",https://www.racingsportscars.com/wm/photo/1989/WM_Le_Mans-1989-06-11-023.jpg?dir=photo/1989&img=Le_Mans-1989-06-11-023.jpg&txt=Jeremy%20Jackson%20and%20Nissan%20Motorsport&wi=&mode=Null,https://www.racingsportscars.com/photo/1989/Le_Mans-1989-06-11-023.jpg,Kyosho,own,Le Mans 1989; Nissan Motorsport; Hasemi/Hoshino/Toshio Suzuki; DNF por motor; grilla 19º; R89C Lola #03; VRH35Z V8 twin-turbo; Calsonic/NISSAN. Paso intermedio clave entre el R88C y el R90CP.
endurance,le_mans,1990,23,Nissan R90CP,Nissan,R90CP,5,5,finished,C1,Nissan Motorsports International (J),Masahiro Hasemi (J)/Kazuyoshi Hoshino (J)/Toshio Suzuki (J),https://www.racingsportscars.com/wm/photo/1990/WM_Le_Mans-1990-06-17-023.jpg?dir=photo/1990&img=Le_Mans-1990-06-17-023.jpg&txt=Serge%20Cailler%20and%20Laurent%20Chauveau%20Endurance%20Info&wi=&mode=Null,https://www.racingsportscars.com/photo/1990/Le_Mans-1990-06-17-023.jpg,Kyosho,own,"Le Mans 1990; Nissan Motorsports International; Hasemi/Hoshino/Toshio Suzuki; 5º general; grilla 3º; R90CP Lola #R89-02; Calsonic/NISSAN. De los Nissan Grupo C más fuertes en Sarthe: no ganó, pero sí fue resultado serio y muy coleccionable."
endurance,le_mans,1991,55,Mazda 787B,Mazda,787B,1,1,winner,Cat.2,Mazdaspeed (J),"Volker Weidler (D)/Johnny Herbert (GB)/Bertrand Gachot (B)listed, never drove: Stefan Johansson (S)",https://www.racingsportscars.com/wm/photo/1991/WM_Le_Mans-1991-06-23-055.jpg?dir=photo/1991&img=Le_Mans-1991-06-23-055.jpg&txt=Laurent%20Chauveau%20Endurance%20Info%20and%20Jeremy%20Jackson&wi=&mode=Null,https://www.racingsportscars.com/photo/1991/Le_Mans-1991-06-23-055.jpg,Kyosho,own,ganador Le Mans 1991
endurance,daytona,1992,23,Nissan R91CP,Nissan,R91CP,1,1,winner,LM,Nissan Motorsport International (J),Masahiro Hasemi (J)/Kazuyoshi Hoshino (J)/Toshio Suzuki (J)DNS: Anders Olofsson (S),https://www.racingsportscars.com/wm/photo/1992/WM_Daytona-1992-02-02-023.jpg?dir=photo/1992&img=Daytona-1992-02-02-023.jpg&txt=Fred%20Lewis%20and%20Nissan%20Motorsport&wi=&mode=Null,https://www.racingsportscars.com/photo/1992/Daytona-1992-02-02-023.jpg,Kyosho,own,ganador Daytona 24h 1992; Hasemi/Hoshino/Suzuki
endurance,le_mans,1994,36,Dauer 962 LM Porsche,Dauer,962 LM,1,1,winner,GT1,Le Mans Porsche Team (D),Mauro Baldi (I)/Yannick Dalmas (F)/Hurley Haywood (USA),https://www.racingsportscars.com/wm/photo/1994/WM_Le_Mans-1994-06-19-036.jpg?dir=photo/1994&img=Le_Mans-1994-06-19-036.jpg&txt=Paul%20Kooyman%20and%20G%C3%A9rard%20Rouxel&wi=&mode=Null,https://www.racingsportscars.com/photo/1994/Le_Mans-1994-06-19-036.jpg,Spark,own,ganador Le Mans 1994; revisar si tu base dice 956/962
endurance,le_mans,1994,75,Nissan 300ZX Turbo,Nissan,300ZX,5,1,finished,IMSA GTS,Clayton Cunningham Racing Inc. (USA),Steve Millen (NZ)/Johnny O'Connell (USA)/John Morton (USA),https://www.racingsportscars.com/wm/photo/1994/WM_Le_Mans-1994-06-19-075.jpg?dir=photo/1994&img=Le_Mans-1994-06-19-075.jpg&txt=G%C3%A9rard%20Rouxel%2C%20Paul%20Kooyman%20and%20Nissan%20Motorsport&wi=&mode=Null,https://www.racingsportscars.com/photo/1994/Le_Mans-1994-06-19-075.jpg,Kyosho,own,5º general; 1º IMSA GTS
endurance,le_mans,1995,59,McLaren F1 GTR,McLaren,F1 GTR,1,1,winner,GT1,Kokusai Aihatsu Racing (GB),"Yannick Dalmas (F)/Masanori Sekiya (J)/J.J. Lehto (FIN)listed, never drove: Ivan Capelli (I), Pierre-Henri Raphanel (F)",https://www.racingsportscars.com/wm/photo/1995/WM_Le_Mans-1995-06-18-059.jpg?dir=photo/1995&img=Le_Mans-1995-06-18-059.jpg&txt=Jean-Michel%20Lefebvre&wi=&mode=Null,https://www.racingsportscars.com/photo/1995/Le_Mans-1995-06-18-059.jpg,Kyosho,own,ganador Le Mans 1995; Kokusai Kaihatsu Racing; Dalmas/Lehto/Sekiya
endurance,le_mans,1995,24,McLaren F1 GTR,McLaren,F1 GTR,4,3,finished,GT1,Gulf Racing (GB),Mark Blundell (GB)/Ray Bellm (GB)/Maurizio Sandro Sala (BR),https://www.racingsportscars.com/wm/photo/1995/WM_Le_Mans-1995-06-18-024.jpg?dir=photo/1995&img=Le_Mans-1995-06-18-024.jpg&txt=Jean-Michel%20Lefebvre&wi=&mode=Null,https://www.racingsportscars.com/photo/1995/Le_Mans-1995-06-18-024.jpg,Kyosho,own,Gulf cola corta; según tu base #24
endurance,le_mans,1995,27,Toyota Supra GT LM,Toyota,Supra,14,8,finished,GT1,Sard Co. Ltd. (J),Jeff Krosnoff (USA)/Marco Apicella (I)/Mauro Martini (I),https://www.racingsportscars.com/wm/photo/1995/WM_Le_Mans-1995-06-18-027.jpg?dir=photo/1995&img=Le_Mans-1995-06-18-027.jpg&txt=Philippe%20Moriniere&wi=&mode=Null,https://www.racingsportscars.com/photo/1995/Le_Mans-1995-06-18-027.jpg,Tarmac Works,own,Le Mans 1995; SARD; 14º general; 8º GT1; Fouché/Hoshino/Sekiya
endurance,le_mans,1996,25,Porsche 911 GT1,Porsche,911 GT1,2,1,finished,GT1,Porsche AG (D),Hans-Joachim Stuck (D)Bob Wollek (F)/Thierry Boutsen (B),https://www.racingsportscars.com/wm/photo/1996/WM_Le_Mans-1996-06-16-025.jpg?dir=photo/1996&img=Le_Mans-1996-06-16-025.jpg&txt=Paul%20Kooyman&wi=&mode=Null,https://www.racingsportscars.com/photo/1996/Le_Mans-1996-06-16-025.jpg,Kyosho,own,2º general; 1º GT1; Stuck/Wollek/Boutsen
endurance,le_mans,1996,39,McLaren F1 GTR,McLaren,F1 GTR,8,6,finished,GT1,Bigazzi Team SRL (I),"Johnny Cecotto (YV)/Danny Sullivan (USA)/Nelson Piquet (BR)preliminary session only: Steve Soper (GB), Jacques Laffite (F); listed, never drove: Marc Duez (B)",https://www.racingsportscars.com/wm/photo/1996/WM_Le_Mans-1996-06-16-039.jpg?dir=photo/1996&img=Le_Mans-1996-06-16-039.jpg&txt=Paul%20Kooyman&wi=&mode=Null,https://www.racingsportscars.com/photo/1996/Le_Mans-1996-06-16-039.jpg,Kyosho,own,FINA cola corta; 8º general Le Mans 1996; Cecotto/Sullivan/Piquet
endurance,le_mans,1997,41,McLaren F1 GTR 97,McLaren,F1 GTR,2,1,finished,GT1,Gulf Team Davidoff McLaren (GB),"Pierre-Henri Raphanel (F)/Jean-Marc Gounon (F)/Anders Olofsson (S)listed, never drove: ""Pierre Gaston"" (F)",https://www.racingsportscars.com/wm/photo/1997/WM_Le_Mans-1997-06-15-041.jpg?dir=photo/1997&img=Le_Mans-1997-06-15-041.jpg&txt=Jeremy%20Jackson&wi=&mode=Null,https://www.racingsportscars.com/photo/1997/Le_Mans-1997-06-15-041.jpg,Kyosho,own,Loctite negro cola larga; revisar número exacto en base
endurance,le_mans,1997,23,Nissan R390 GT1 #R2,Nissan,R390,12,5,finished,GT1,Nissan Motorports (J),Kazuyoshi Hoshino (J)/Erik Comas (F)/Masahiko Kageyama (J),https://www.racingsportscars.com/wm/photo/1997/WM_Le_Mans-1997-06-15-023.jpg?dir=photo/1997&img=Le_Mans-1997-06-15-023.jpg&txt=Zden%C4%9Bk%20%C5%A0imka%20and%20Nissan%20Motorsport&wi=&mode=Null,https://www.racingsportscars.com/photo/1997/Le_Mans-1997-06-15-023.jpg,Kyosho,own,12º general Le Mans 1997; Hoshino/Comas/Kageyama
endurance,le_mans,1997,25,Porsche 911 GT1 Evo #004,Porsche,911 GT1,NA,NA,not_finished,GT1,Porsche AG (D),Bob Wollek (F)Hans-Joachim Stuck (D)/Thierry Boutsen (B),https://www.racingsportscars.com/wm/photo/1997/WM_Le_Mans-1997-06-15-025.jpg?dir=photo/1997&img=Le_Mans-1997-06-15-025.jpg&txt=Zden%C4%9Bk%20%C5%A0imka&wi=&mode=Null,https://www.racingsportscars.com/photo/1997/Le_Mans-1997-06-15-025.jpg,Kyosho,own,DNF; Porsche AG; Wollek/Stuck/Boutsen
endurance,le_mans,1997,42,McLaren F1 GTR 97 #24R,McLaren,F1 GTR,NA,NA,not_finished,GT1,BMW Motorsport (D),J.J. Lehto (FIN)/Steve Soper (GB)/Nelson Piquet (BR),https://www.racingsportscars.com/wm/photo/1997/WM_Le_Mans-1997-06-15-042.jpg?dir=photo/1997&img=Le_Mans-1997-06-15-042.jpg&txt=Jeremy%20Jackson&wi=&mode=Null,https://www.racingsportscars.com/photo/1997/Le_Mans-1997-06-15-042.jpg,Kyosho,exists_164_no_own,FINA cola larga; te falta; DNF Le Mans 1997
endurance,le_mans,1998,26,Porsche 911 GT1-98,Porsche,911 GT1-98,1,1,winner,GT1,Porsche AG (D),"Allan McNish (GB)/Stéphane Ortelli (MC)/Laurent Aiello (F)preliminary session only: Yannick Dalmas (F); listed, never drove: Pedro Lamy (P), Jörg Müller (D), Uwe Alzen (D), Bob Wollek (F)",https://www.racingsportscars.com/wm/photo/1998/WM_Le_Mans-1998-06-07-026.jpg?dir=photo/1998&img=Le_Mans-1998-06-07-026.jpg&txt=Zden%C4%9Bk%20%C5%A0imka&wi=&mode=Null,https://www.racingsportscars.com/photo/1998/Le_Mans-1998-06-07-026.jpg,Kyosho,own,ganador Le Mans 1998; McNish/Ortelli/Aiello
endurance,le_mans,1998,32,Nissan R390 GT1,Nissan,R390,3,3,finished,GT1,Nissan Motorsport (J),"Kazuyoshi Hoshino (J)/Aguri Suzuki (J)/Masahiko Kageyama (J)listed, never drove: Pedro de la Rosa (E), Satoshi Motoyama (J), Andrea Montermini (I), Jan Lammers (NL), Franck Lagorce (F), Takuya Kurosawa (J)",https://www.racingsportscars.com/wm/photo/1998/WM_Le_Mans-1998-06-07-032.jpg?dir=photo/1998&img=Le_Mans-1998-06-07-032.jpg&txt=Paul%20Kooyman%20and%20Nissan%20Motorsport&wi=&mode=Null,https://www.racingsportscars.com/photo/1998/Le_Mans-1998-06-07-032.jpg,Kyosho,own,3º general Le Mans 1998; Hoshino/Suzuki/Kageyama
endurance,le_mans,1998,41,McLaren F1 GTR Longtail,McLaren,F1 GTR,NA,NA,not_finished,GT1,Gulf Team Davidoff McLaren (GB),"Emanuele Pirro (I)Thomas Bscher (D)/Rinaldo Capello (I)preliminary session only: Frank Biela (D); listed, never drove: Steve O'Rourke (GB), Tim Sugden (GB)",https://www.racingsportscars.com/wm/photo/1998/WM_Le_Mans-1998-06-07-041.jpg?dir=photo/1998&img=Le_Mans-1998-06-07-041.jpg&txt=Zden%C4%9Bk%20%C5%A0imka&wi=&mode=Null,https://www.racingsportscars.com/photo/1998/Le_Mans-1998-06-07-041.jpg,Kyosho,own,Loctite negro cola larga
endurance,le_mans,1998,60,Porsche 911 GT2,Porsche,993 GT2,NA,NA,not_finished,GT2,Ets Chéreau (F),"Jean-Pierre Jarier (F)/Carl Rosenblad (S)/Robin Donovan (GB)preliminary session only: Jean-Luc Chéreau (F), Pierre Yver (F)",https://www.racingsportscars.com/wm/photo/1998/WM_Le_Mans-1998-06-07-060.jpg?dir=photo/1998&img=Le_Mans-1998-06-07-060.jpg&txt=Paul%20Kooyman&wi=&mode=Null,https://www.racingsportscars.com/photo/1998/Le_Mans-1998-06-07-060.jpg,Schuco,own,PlayStation; 18º general Le Mans 1998; Larbre Compétition
endurance,le_mans,1999,15,BMW V12 LMR #003/99,BMW,V12 LMR,1,1,winner,LMP,Team BMW Motorsport (D),"Pierluigi Martini (I)/Yannick Dalmas (F)/Joachim Winkelhock (D)listed, never drove: Hans-Joachim Stuck (D)",https://www.racingsportscars.com/wm/photo/1999/WM_Le_Mans-1999-06-13-015.jpg?dir=photo/1999&img=Le_Mans-1999-06-13-015.jpg&txt=Paul%20Kooyman&wi=&mode=Null,https://www.racingsportscars.com/photo/1999/Le_Mans-1999-06-13-015.jpg,Kyosho,own,ganador Le Mans 1999; Martini/Dalmas/Winkelhock
endurance,le_mans,1999,17,BMW V12 LMR #002/99,BMW,V12 LMR,NA,NA,not_finished,LMP,Team BMW Motorsport (D),"/Tom Kristensen (DK)/J.J. Lehto (FIN)/Jörg Müller (D)listed, never drove: Yannick Dalmas (F)",https://www.racingsportscars.com/wm/photo/1999/WM_Le_Mans-1999-06-13-017.jpg?dir=photo/1999&img=Le_Mans-1999-06-13-017.jpg&txt=Jean-Michel%20Lefebvre&wi=&mode=Null,https://www.racingsportscars.com/photo/1999/Le_Mans-1999-06-13-017.jpg,Kyosho,own,asumo que es el segundo BMW blanco; DNF Le Mans 1999; Kristensen/Lehto/Müller
endurance,le_mans,2002,63,Chevrolet Corvette C5-R,Chevrolet,Corvette C5,11,1,finished,GTS,Corvette Racing Garry Pratt (USA),Ron Fellows (CDN)/Johnny O'Connell (USA)/Oliver Gavin (GB),https://www.racingsportscars.com/wm/photo/2002/WM_Le_Mans-2002-06-16-063.jpg?dir=photo/2002&img=Le_Mans-2002-06-16-063.jpg&txt=GM%20Racing%2C%20Jerome%20Mugnier%20and%20Jean-Michel%20Lefebvre&wi=&mode=Null,https://www.racingsportscars.com/photo/2002/Le_Mans-2002-06-16-063.jpg,Kyosho,exists_164_no_own,ganador GTS
endurance,le_mans,2002,64,Chevrolet Corvette C5-R,Chevrolet,Corvette C5,13,2,finished,GTS,Corvette Racing Garry Pratt (USA),/Kelly Collins (USA)/Andy Pilgrim (USA)/Franck Fréon (F),https://www.racingsportscars.com/wm/photo/2002/WM_Le_Mans-2002-06-16-064.jpg?dir=photo/2002&img=Le_Mans-2002-06-16-064.jpg&txt=GM%20Racing%2C%20Jerome%20Mugnier%20and%20Jean-Michel%20Lefebvre&wi=&mode=Null,https://www.racingsportscars.com/photo/2002/Le_Mans-2002-06-16-064.jpg,Kyosho,exists_164_no_own,2º GTS
endurance,le_mans,2007,9,Aston Martin DBR9,Aston Martin,DBR9,5,1,finished,GT1,Aston Martin Racing (GB),/Darren Turner (GB)/David Brabham (AUS)/Rickard Rydell (S),https://www.racingsportscars.com/wm/photo/2007/WM_Le_Mans-2007-06-17-00009.jpg?dir=photo/2007&img=Le_Mans-2007-06-17-00009.jpg&txt=Julian%20Roberts&wi=&mode=Null,https://www.racingsportscars.com/photo/2007/Le_Mans-2007-06-17-00009.jpg,Kyosho,exists_164_no_own,"Le Mans 2007; Aston Martin Racing DBR9 #009; Brabham/Turner/Rydell; 5º general y 1º en GT1. Revisar detalle exacto de color en la miniatura, pero históricamente es el DBR9 clave de 2007."
endurance,le_mans,2007,63,Chevrolet Corvette C6-R,Chevrolet,Corvette C6,6,2,finished,GT1,Corvette Racing (USA),Jan Magnussen (DK)/Johnny O'Connell (USA)/Ron Fellows (CDN),https://www.racingsportscars.com/wm/photo/2007/WM_Le_Mans-2007-06-17-063.jpg?dir=photo/2007&img=Le_Mans-2007-06-17-063.jpg&txt=Julian%20Roberts&wi=&mode=Null,https://www.racingsportscars.com/photo/2007/Le_Mans-2007-06-17-063.jpg,Kyosho,own,6º general - 2º GT1
endurance,le_mans,2007,8,Aston Martin DBR9,Aston Martin,DBR9,7,3,finished,GT1,AMR Larbre Competition (F),Christophe Bouchut (F)/Casper Elgaard (DK)/Fabrizio Gollin (I),https://www.racingsportscars.com/wm/photo/2007/WM_Le_Mans-2007-06-17-00008.jpg?dir=photo/2007&img=Le_Mans-2007-06-17-00008.jpg&txt=Julian%20Roberts&wi=&mode=Null,https://www.racingsportscars.com/photo/2007/Le_Mans-2007-06-17-00008.jpg,Kyosho,exists_164_no_own,"Le Mans 2007; AMR Larbre Competition DBR9 #008; Bouchut/Elgaard/Gollin; 7º general; verde con detalle azul/celeste. Variante interesante porque no es el auto ganador, pero sí terminó mejor que varios GT1 oficiales."
endurance,le_mans,2007,7,Aston Martin DBR9,Aston Martin,DBR9,9,4,finished,GT1,Aston Martin Racing (GB),Peter Kox (NL)/Tomáš Enge (CZ)/Johnny Herbert (GB),https://www.racingsportscars.com/wm/photo/2007/WM_Le_Mans-2007-06-17-00007.jpg?dir=photo/2007&img=Le_Mans-2007-06-17-00007.jpg&txt=Julian%20Roberts&wi=&mode=Null,https://www.racingsportscars.com/photo/2007/Le_Mans-2007-06-17-00007.jpg,Kyosho,own,Le Mans 2007; Aston Martin Racing DBR9 #007; Kox/Enge/Herbert; 9º general; verde con detalle rojo/negro/blanco. Buen DBR9 oficial de la etapa GT1 contra Corvette.
endurance,le_mans,2007,64,Chevrolet Corvette C6-R,Chevrolet,Corvette C6,NA,NA,not_finished,GT1,Corvette Racing (USA),Oliver Gavin (GB)/Olivier Beretta (MC)/Max Papis (I),https://www.racingsportscars.com/wm/photo/2007/WM_Le_Mans-2007-06-17-064.jpg?dir=photo/2007&img=Le_Mans-2007-06-17-064.jpg&txt=Julian%20Roberts&wi=&mode=Null,https://www.racingsportscars.com/photo/2007/Le_Mans-2007-06-17-064.jpg,Kyosho,own,"Le Mans 2007; Corvette Racing; Gavin/Beretta/Papis; DNF por propshaft/cardán; grilla 26º; C6.R #006. Complementa al #63: mismo equipo oficial, pero el #63 fue el que terminó 6º general."
endurance,le_mans,2008,9,Aston Martin DBR9,Aston Martin,DBR9,13,1,finished,GT1,Aston Martin Racing (GB),/Antonio Garcia (E)/David Brabham (AUS)/Darren Turner (GB),https://www.racingsportscars.com/wm/photo/2008/WM_Le_Mans-2008-06-15-00009.jpg?dir=photo/2008&img=Le_Mans-2008-06-15-00009.jpg&txt=RSC&wi=&mode=Null,https://www.racingsportscars.com/photo/2008/Le_Mans-2008-06-15-00009.jpg,Kyosho,own,Le Mans 2008; Aston Martin Racing DBR9 #009/#8; Garcia/Brabham/Turner; 13º general y 1º GT1; Gulf; azul claro/naranjo con acento lime/verde. Última gran victoria GT1 del DBR9 en Le Mans.
endurance,le_mans,2009,7,Lola Aston Martin DBR1-2 LMP1,Lola,Aston Martin DBR1-2,4,4,finished,LMP1,AMR Eastern Europe (CZ),/Tomáš Enge (CZ)/Stefan Mücke (D)/Jan Charouz (CZ),https://www.racingsportscars.com/wm/photo/2009/WM_Le_Mans-2009-06-14-00007.jpg?dir=photo/2009&img=Le_Mans-2009-06-14-00007.jpg&txt=Dominique%20Gasnerie%20and%20Phil%20Boulton&wi=&mode=Null,https://www.racingsportscars.com/photo/2009/Le_Mans-2009-06-14-00007.jpg,Kyosho,own,Le Mans 2009; Lola Aston Martin DBR1-2 #007; AMR Eastern Europe; Enge/Mücke/Charouz; 4º general; Gulf/Aston Martin Racing. El mejor Aston-Lola en meta y uno de los LMP1 privados más bonitos de la era diésel.
endurance,nurburgring,2012,165,Toyota 86,Toyota,86,65,6,finished,SP3,Gazoo Racing,Yoshinobu Katsumata (J)/Masahiko Kageyama (J)/Kumi Sato (J)/Minoru Takaki (J),https://www.racingsportscars.com/wm/photo/2012/WM_Nurburgring-2012-05-20-165.jpg?dir=photo/2012&img=Nurburgring-2012-05-20-165.jpg&txt=Thomas%20Morper&wi=&mode=Null,https://www.racingsportscars.com/photo/2012/Nurburgring-2012-05-20-165.jpg,Kyosho,own,1º SP3 Nürburgring 24h 2012
endurance,nurburgring,2018,44,Porsche 991 GT3 R,Porsche,991 GT3 R,9,8,finished,SP9,Falken Motorsports,Klaus Bachler (A)/Sven Müller (D)/Martin Ragginger (A)/Dirk Werner (D),https://www.racingsportscars.com/wm/photo/2018/WM_Nurburgring-2018-05-13-044.jpg?dir=photo/2018&img=Nurburgring-2018-05-13-044.jpg&txt=Thomas%20Morper&wi=&mode=Null,https://www.racingsportscars.com/photo/2018/Nurburgring-2018-05-13-044.jpg,Tarmac Works,own,Falken Motorsports; Nürburgring 24h 2018; Bachler/Bergmeister/Ragginger/Werner; revisar resultado exacto contra RSC antes de cerrar.
endurance,nurburgring,2019,45,Nissan GT-R Nismo GT3,Nissan,GT-R,9,8,finished,SP9,Kondo Racing,Tom Coronel (NL)/Mitsunori Takaboshi (J)/Tomonobu Fujii (J)/Tsugio Matsuda (J),https://www.racingsportscars.com/wm/photo/2019/WM_Nurburgring-2019-06-23-045.jpg?dir=photo/2019&img=Nurburgring-2019-06-23-045.jpg&txt=Thomas%20Morper&wi=&mode=Null,https://www.racingsportscars.com/photo/2019/Nurburgring-2019-06-23-045.jpg,Tarmac Works,own,Nürburgring 24h 2019; Kondo Racing; Tom Coronel/Takaboshi/Fujii/Tsugio Matsuda; 9º general; grilla 25º; SP9; Nissan GT-R Nismo GT3 con VR38DETT 3.8 V6 twin-turbo. Buen resultado para GT-R en el Nordschleife moderno.
wrc,usa_olympus,1987,4,Toyota Supra 3.0i,Toyota,Toyota Supra 3.0i,6,5,finished,A,NA,"Waldegard, Bjorn",http://tech-racingcars.wdfiles.com/local--files/toyota-supra-ma70-turbo/waldegaard4_clip_image015.jpg,http://tech-racingcars.wikidot.com/toyota-supra-ma70-turbo,CM's,own,"Olympus Rally 1987; Waldegård/Gallagher 6º general; Supra Grupo A post-Grupo B, raro y clave antes del Celica."
wrc,great_britain,1990,2,Toyota Celica GT-Four ST165,Toyota,Toyota Celica GT-4 (ST165),1,1,winner,A8,NA,"Sainz, Carlos",https://pbs.twimg.com/media/GePD49bXQAAn0-Y.jpg,https://x.com/RallyingUK/status/1865698585603666001,CM's,exists_164_no_own,RAC Rally 1990; Sainz/Moya ganadores; cerró su primer título WRC con el ST165. No lo tienes todavía.
wrc,monte_carlo,1990,2,Toyota Celica GT-Four ST165,Toyota,Toyota Celica GT-4 (ST165),2,1,finished,A,NA,"Sainz, Carlos",https://wrcwings.files.wordpress.com/2017/05/sainz_acropolis_1990_1st.jpg,https://www.wrcwings.tech/2017/05/13/toyota-celica-gt-four-put-japan-at-the-top-of-wrc/,CM's,own,Monte Carlo Rally 1990; Sainz/Moya 2º general; arranque del año del primer título WRC de Sainz.
wrc,corsica,1992,1,Toyota Celica GT-Four ST185,Toyota,Toyota Celica Turbo 4WD (ST185),4,3,finished,A,NA,"Sainz, Carlos","https://static.wixstatic.com/media/b5ed70_a6572ba5dd9448ab989df8384c4e5cdb~mv2.jpg/v1/fill/w_320,h_180,fp_0.81_0.6,q_90,enc_avif,quality_auto/b5ed70_a6572ba5dd9448ab989df8384c4e5cdb~mv2.jpg",https://en.ascottcollection.com/toyota-celica-st185-fr,CM's,own,"Tour de Corse 1992; Sainz/Moya 4º general; ST185 Repsol en asfalto corso, donde Toyota no dominó."
wrc,monte_carlo,1993,3,Toyota Celica GT-Four ST185,Toyota,Toyota Celica Turbo 4WD (ST185),1,1,winner,A8,NA,"Auriol, Didier",https://d1.momapix.com/photo4/32000f52fdab6f73362506a46c551c5fcee52cf9b993141fac2ed1d1a8d08802a9f58/Image412987.jpg?v.0.70a32110fff0f26d301e58ebbca9cb9f&w=363&h=242,https://www.girardoarchive.com/item/en/1/412968/Rally+Montecarlo+Monte+Carlo+%28MC%29+21-27+01+1993,CM's,own,Monte Carlo Rally 1993; Auriol/Occelli ganadores; ST185 en plena etapa fuerte de Toyota Castrol.
wrc,monte_carlo,1995,1,Toyota Celica GT-Four ST205,Toyota,Toyota Celica GT-Four (ST205),NA,NA,not_finished,A,NA,"Auriol, Didier",https://www.snaplap.net/wp-content/uploads/2016/12/ToyotaCelica-GTFour-ST205-1995-auriol-mc.jpg,https://www.snaplap.net/toyota-celica-gt-four/,CM's,own,Monte Carlo Rally 1995; REVISAR: base #1/Auriol DNF; el Toyota 3º general fue #2 Kankkunen.
wrc,catalunya,1998,5,Toyota Corolla WRC,Toyota,Toyota Corolla WRC,7,5,finished,A8,NA,"Sainz, Carlos",https://i.redd.it/sxn99g2xv2k91.jpg,https://www.reddit.com/r/rally/comments/wycgty/1998_toyota_corolla_wrc_driven_by_carlos_sainz/,CM's,own,Rally Catalunya 1998; Auriol/Giraudet ganadores; Corolla WRC 1º en asfalto y Toyota hizo 1-2 con Loix.
