track,year,date,number,car_title,result,group,entrant,bodywork,engine,drivers,sponsor,colour,tyre,updated,contributor,make,model,suffix,chassis,result_raw,result_txt,result_status,grid,grid_time,finish_gap,dnf_reason,thumb_url,photo_url,make_url,model_url,suffix_url,chassis_url,result_group,name,scale64_maker,scale64_status,note
nurburgring,1960,1960-06-22,5,Maserati Tipo 61 #2461 - Maserati no:2461 L4 2v DOHC 2890 cc N/A,1,S3.0,Camoradi/USA Racing Team (USA),Open bodywork,Front-engined,Stirling Moss (GB)/Dan Gurney (USA),CAMORADI USA,white,Goodyear/Pirelli,29/08/2010,Kat Miner See Things Differently,Maserati,Tipo 61,NA,#2461,Result: winner - (133.322 kph) - margin: 2m52s4000Grid: 2nd (9:50.1000),winner - (133.322 kph) - margin: 2m52s4000Grid: 2nd (9:50.1000),finished,2,9M 50.1S,133.322 kph,NA,https://www.racingsportscars.com/tn/photo/1960/TN_Nurburgring-1960-06-22-005.jpg,https://www.racingsportscars.com/photo/1960/Nurburgring-1960-06-22-005.jpg,https://www.racingsportscars.com/make/photo/Maserati.html,https://www.racingsportscars.com/type/photo/Maserati/Tipo%2061.html,NA,https://www.racingsportscars.com/chassis/photo/2461%20%5bTipo%2061%5d.html,1,Maserati Tipo 61 #2461,Kyosho,own,Nürburgring 1000 km 1960; CAMORADI; Moss/Gurney; ganador; Maserati Birdcage Tipo 61 #2461. Pieza clave porque consolida al Tipo 61 como arma de resistencia antes del segundo triunfo CAMORADI de 1961.
riverside,1960,1960-10-16,98,Maserati Tipo 61 #2467 - Maserati no:2467 L4 2v DOHC 2890 cc N/A,5,O2L,J. Frank Harrison (USA),Open bodywork,Front-engined,Carroll Shelby (USA),CARROLL SHELBY,red,NA,22/02/2007,Pete Vanlaw Tam's Old Race Car Site,Maserati,Tipo 61,NA,#2467,Result: 5th (1m50s0000 behind the winner)Grid: (2:05.1800),5th (1m50s0000 behind the winner)Grid: (2:05.1800),finished,NA,NA,1m50s0000 behind the winner,NA,https://www.racingsportscars.com/tn/photo/1960/TN_Riverside-1960-10-16-098.jpg,https://www.racingsportscars.com/photo/1960/Riverside-1960-10-16-098.jpg,https://www.racingsportscars.com/make/photo/Maserati.html,https://www.racingsportscars.com/type/photo/Maserati/Tipo%2061.html,NA,https://www.racingsportscars.com/chassis/photo/2467%20%5bTipo%2061%5d.html,5,Maserati Tipo 61,Kyosho,own,driver Carroll Shelby
le_mans,1961,1961-06-11,14,Ferrari 250 GT SWB #2689 - Ferrari V12/60° 2v SOHC 2953 cc N/A,3,GT3.0,Pierre Noblet,Closed bodywork,Front-engined,Pierre Noblet (B)/Jean Guichet (F),NA,silver (+blue),NA,NA,NA,Ferrari,250 GT,SWB,#2689,Result: 3rd 1st in GT3.0 (16 laps behind the winner)Grid: (4:15.9000),3rd 1st in GT3.0 (16 laps behind the winner)Grid: (4:15.9000),finished,NA,NA,16 laps behind the winner,NA,https://www.racingsportscars.com/images/car_no_photo.png,https://www.racingsportscars.com/about.html#contrib,https://www.racingsportscars.com/make/photo/Ferrari.html,https://www.racingsportscars.com/type/photo/Ferrari/250%20GT.html,https://www.racingsportscars.com/suffix/photo/Ferrari/250%20GT/SWB.html,https://www.racingsportscars.com/chassis/photo/250.GT.2689.html,1,Ferrari 250 GT SWB,MY64,own,plateado; ganador GT3.0 Le Mans 1961
le_mans,1962,1962-06-24,19,Ferrari 250 GTO #3705GT - Ferrari V12/60° 2v SOHC 2953 cc N/A,2,GT3.0,Pierre Noblet,Closed bodywork,Front-engined,Jean Guichet (F)/Pierre Noblet (B),NA,red (+white/blue),NA,14/09/2020,Charles M. Scales III and Russ Smith,Ferrari,250 GTO,NA,#3705GT,Result: 2nd 1st in GT3.0 (5 laps behind the winner)Grid:,2nd 1st in GT3.0 (5 laps behind the winner)Grid:,finished,NA,NA,5 laps behind the winner,NA,https://www.racingsportscars.com/tn/photo/1962/TN_Le_Mans-1962-06-24-019.jpg,https://www.racingsportscars.com/photo/1962/Le_Mans-1962-06-24-019.jpg,https://www.racingsportscars.com/make/photo/Ferrari.html,https://www.racingsportscars.com/type/photo/Ferrari/250%20GTO.html,NA,https://www.racingsportscars.com/chassis/photo/3705GT%20%5b250GTO%5d.html,1,Ferrari 250 GTO,MY64,own,rojo con franja central; 2º general Le Mans 1962; Guichet/Noblet
le_mans,1962,1962-06-24,17,Ferrari 250 GTO #3387GT - Ferrari V12/60° 2v SOHC 2953 cc N/A,6,P3.0,North American Racing Team (USA),Closed bodywork,Front-engined,Bob Grossman (USA)/Fireball Roberts (USA),FERRARI,metallic blue (+white),NA,14/09/2020,Russ Smith and Charles M. Scales III,Ferrari,250 GTO,NA,#3387GT,Result: 6th 1st in P3.0 (34 laps behind the winner)Grid:,6th 1st in P3.0 (34 laps behind the winner)Grid:,finished,NA,NA,34 laps behind the winner,NA,https://www.racingsportscars.com/tn/photo/1962/TN_Le_Mans-1962-06-24-017.jpg,https://www.racingsportscars.com/photo/1962/Le_Mans-1962-06-24-017.jpg,https://www.racingsportscars.com/make/photo/Ferrari.html,https://www.racingsportscars.com/type/photo/Ferrari/250%20GTO.html,NA,https://www.racingsportscars.com/chassis/photo/3387GT%20%5b250GTO%5d.html,1,Ferrari 250 GTO,Kyosho,own,azul; 6º general y 1º P3.0 Le Mans 1962; NART
laguna_seca,1963,1963-10-20,96,Shelby Cobra #CSX 2128 - Ford V8/90° 2v OHV 4727 cc N/A,11,O2L,Coventry Motors (USA),Open bodywork,Front-engined,Allen Grant (USA),COVENTRY MOTORS,yellow (+black),Goodyear,20/03/2019,Robert Parker,Shelby,Cobra,NA,#CSX 2128,Result: 11th (7 laps behind the winner)Grid: 28th (1:18.2000),11th (7 laps behind the winner)Grid: 28th (1:18.2000),finished,28,1M 18.2S,7 laps behind the winner,NA,https://www.racingsportscars.com/tn/photo/1963/TN_Laguna_Seca-1963-10-20-096.jpg,https://www.racingsportscars.com/photo/1963/Laguna_Seca-1963-10-20-096.jpg,https://www.racingsportscars.com/make/photo/Shelby.html,https://www.racingsportscars.com/type/photo/Shelby/Cobra.html,NA,https://www.racingsportscars.com/chassis/photo/CSX%202128.html,7,Shelby Cobra,GreenLight,own,"Allen Grant #96; Coventry Motors / Jay Brown-Jerry Stroke; ganó SCCA Santa Barbara, Candlestick Park y dos carreras Laguna Seca 1963; 2º Riverside 1 h; 11º 200 mile Laguna Seca; el vidrio/parabrisas de la miniatura no necesariamente corresponde al auto exacto que ganó cada una de estas carreras"
le_mans,1963,1963-06-16,24,Ferrari 250 GTO #4293GT - Ferrari V12/60° 2v SOHC 2953 cc N/A,2,GT3.0,Equipe Nationale Belge (B),Closed bodywork,Front-engined,"""Jean Beurlys"" (B)/Gérald Langlois van Ophem (B)listed, never drove: Georges Berger (B), ""Eldé"" (B)",-,red,NA,23/09/2020,"Maranello-Literature.com, Jarrell Jennings and Charles M. Scales III",Ferrari,250 GTO,NA,#4293GT,Result: 2nd 1st in GT3.0 (16 laps behind the winner)Grid: 16th (4:07.8000),2nd 1st in GT3.0 (16 laps behind the winner)Grid: 16th (4:07.8000),finished,16,4M 7.8S,16 laps behind the winner,NA,https://www.racingsportscars.com/tn/photo/1963/TN_Le_Mans-1963-06-16-024.jpg,https://www.racingsportscars.com/photo/1963/Le_Mans-1963-06-16-024.jpg,https://www.racingsportscars.com/make/photo/Ferrari.html,https://www.racingsportscars.com/type/photo/Ferrari/250%20GTO.html,NA,https://www.racingsportscars.com/chassis/photo/4293GT%20%5b250GTO%5d.html,1,Ferrari 250 GTO,Kyosho,own,"Le Mans 24h 1963; Equipe Nationale Belge; ""Beurlys""/Langlois van Ophem; 2º general y 1º GT3.0; rojo #24."
le_mans,1965,1965-06-20,21,Ferrari 250 LM #5893 - Ferrari V12/60° 2v SOHC 3285 cc N/A,1,P4.0,N.A.R.T. (USA),Closed bodywork,Mid-engined,Jochen Rindt (A)/Masten Gregory (USA)/Ed Hugus (USA),FERRARI,red,Goodyear,01/04/2021,"John Dawson-Edwards, Russ Smith, Charles M. Scales III and Dave Sitter",Ferrari,250 LM,NA,#5893,Result: winner - (194.880 kph) - margin: 5 lapsGrid: 11th (3:45.7000),winner - (194.880 kph) - margin: 5 lapsGrid: 11th (3:45.7000),finished,11,3M 45.7S,194.880 kph,NA,https://www.racingsportscars.com/tn/photo/1965/TN_Le_Mans-1965-06-20-021.jpg,https://www.racingsportscars.com/photo/1965/Le_Mans-1965-06-20-021.jpg,https://www.racingsportscars.com/make/photo/Ferrari.html,https://www.racingsportscars.com/type/photo/Ferrari/250%20LM.html,NA,https://www.racingsportscars.com/chassis/photo/5893%20%5b250LM%5d.html,1,Ferrari 250 LM,Kyosho,exists_164_no_own,ganador Le Mans 1965; NART; Rindt/Gregory
le_mans,1965,1965-06-20,26,Ferrari 250 LM #6313 - Ferrari V12/60° 2v SOHC 3285 cc N/A,2,P4.0,P. Dumay (B),Closed bodywork,Mid-engined,"Pierre Dumay (F)/Gustave Gosselin (B)listed, never drove: Guy Ligier (F)",Team Georges Monquel,yellow,NA,01/04/2021,"Larry Girouard, John Dawson-Edwards and Maranello-Literature.com",Ferrari,250 LM,NA,#6313,Result: 2nd (5 laps behind the winner)Grid: 17th (3:58.7000),2nd (5 laps behind the winner)Grid: 17th (3:58.7000),finished,17,3M 58.7S,5 laps behind the winner,NA,https://www.racingsportscars.com/tn/photo/1965/TN_Le_Mans-1965-06-20-026.jpg,https://www.racingsportscars.com/photo/1965/Le_Mans-1965-06-20-026.jpg,https://www.racingsportscars.com/make/photo/Ferrari.html,https://www.racingsportscars.com/type/photo/Ferrari/250%20LM.html,NA,https://www.racingsportscars.com/chassis/photo/6313%20%5b250LM%5d.html,2,Ferrari 250 LM,Kyosho,own,2º general Le Mans 1965; Dumay/Gosselin
le_mans,1966,1966-06-19,2,Ford Mk II #1046 - Ford FE-series 427 V8/90° 2v OHV 6982 cc N/A,1,P+2.0,Shelby American Inc. (USA),Closed bodywork,Mid-engined,"Bruce McLaren (NZ)/Chris Amon (NZ)listed, never drove: Dan Gurney (USA), Bob Grossman (USA)",FORD,black (+silver),Goodyear,27/03/2014,The Henry Ford/Friedman and Phillip Hazen,Ford,Mk II,NA,#1046,Result: winner - (201.795 kph)Grid: 4th (3:32.6000),winner - (201.795 kph)Grid: 4th (3:32.6000),finished,4,3M 32.6S,201.795 kph,NA,https://www.racingsportscars.com/tn/photo/1966/TN_Le_Mans-1966-06-19-002.jpg,https://www.racingsportscars.com/photo/1966/Le_Mans-1966-06-19-002.jpg,https://www.racingsportscars.com/make/photo/Ford.html,https://www.racingsportscars.com/type/photo/Ford/Mk%20II.html,NA,https://www.racingsportscars.com/chassis/photo/GT40%20P__1046.html,1,Ford GT40 Mk II,Kyosho,own,ganador Le Mans 1966; Shelby American; McLaren/Amon
le_mans,1966,1966-06-19,1,Ford Mk II #1015 - Ford FE-series 427 V8/90° 2v OHV 6982 cc N/A,2,P+2.0,Shelby American Inc. (USA),Closed bodywork,Mid-engined,"Ken Miles (GB)/Denny Hulme (NZ)listed, never drove: Lloyd Ruby (USA), Dick Thompson (USA), Mark Donohue (USA), Lucien Bianchi (B)",FORD,light blue (+red/white),Goodyear,27/03/2014,Phillip Hazen and The Henry Ford/Friedman,Ford,Mk II,NA,#1015,Result: 2nd (0 laps behind the winner)Grid: 2nd (3:31.7000),2nd (0 laps behind the winner)Grid: 2nd (3:31.7000),finished,2,3M 31.7S,0 laps behind the winner,NA,https://www.racingsportscars.com/tn/photo/1966/TN_Le_Mans-1966-06-19-001.jpg,https://www.racingsportscars.com/photo/1966/Le_Mans-1966-06-19-001.jpg,https://www.racingsportscars.com/make/photo/Ford.html,https://www.racingsportscars.com/type/photo/Ford/Mk%20II.html,NA,https://www.racingsportscars.com/chassis/photo/GT40%20P__1015.html,2,Ford GT40 Mk II,Kyosho,exists_164_no_own,2º general Le Mans 1966; Shelby American; Miles/Hulme
le_mans,1966,1966-06-19,5,Ford Mk II #1016 - Ford FE-series 427 V8/90° 2v OHV 6982 cc N/A,3,P+2.0,Holman & Moody (USA),Closed bodywork,Mid-engined,"Ronnie Bucknum (USA)/Dick Hutcherson (USA)listed, never drove: Peter Arundell (GB), Bruce McLaren (NZ), A. J. Foyt (USA)",FORD,gold (+red),Goodyear,29/10/2022,"Phillip Hazen, The Henry Ford/Friedman and Michel Guilloux",Ford,Mk II,NA,#1016,Result: 3rd (12 laps behind the winner)Grid: 9th (3:34.6000),3rd (12 laps behind the winner)Grid: 9th (3:34.6000),finished,9,3M 34.6S,12 laps behind the winner,NA,https://www.racingsportscars.com/tn/photo/1966/TN_Le_Mans-1966-06-19-005.jpg,https://www.racingsportscars.com/photo/1966/Le_Mans-1966-06-19-005.jpg,https://www.racingsportscars.com/make/photo/Ford.html,https://www.racingsportscars.com/type/photo/Ford/Mk%20II.html,NA,https://www.racingsportscars.com/chassis/photo/GT40%20P__1016.html,3,Ford GT40 Mk II,Kyosho,exists_164_no_own,3º general Le Mans 1966; Holman & Moody; Bucknum/Hutcherson; dorado
daytona,1967,1967-02-05,23,Ferrari 330 P3/4 Barchetta #0846 - Ferrari V12/60° 3v 4000 cc N/A,1,P+2.0,Ferrari s.p.a. (I),Open bodywork,Mid-engined,Lorenzo Bandini (I)/Chris Amon (NZ),"unknown
Registration: PROVA MO 56?",red,NA,06/06/2011,Charlie Richardson and Louis Galanos,Ferrari,330 P3,/4 Barchetta,#0846,Result: winner - (170.088 kph) - margin: 3 lapsGrid: 4th (1:55.6000),winner - (170.088 kph) - margin: 3 lapsGrid: 4th (1:55.6000),finished,4,1M 55.6S,170.088 kph,NA,https://www.racingsportscars.com/tn/photo/1967/TN_Daytona-1967-02-05-023.jpg,https://www.racingsportscars.com/photo/1967/Daytona-1967-02-05-023.jpg,https://www.racingsportscars.com/make/photo/Ferrari.html,https://www.racingsportscars.com/type/photo/Ferrari/330%20P3.html,https://www.racingsportscars.com/suffix/photo/Ferrari/330%20P3/__4%20Barchetta.html,https://www.racingsportscars.com/chassis/photo/0846%20%5b330P3%5d.html,1,Ferrari 330 P3/4 Spyder #0846,Kyosho,own,"rojo sin techo; Daytona 24h 1967; Ferrari s.p.a.; Bandini/Amon; ganador general; RSC lo lista como Ferrari 330 P3/4 Spyder, no P4 puro."
le_mans,1967,1967-06-11,21,Ferrari 330 P4 #0858 - Ferrari V12/60° 3v DOHC 3983 cc N/A,2,P5.0,SpA Ferrari SEFAC (I),Closed bodywork,Mid-engined,Ludovico Scarfiotti (I)/Mike Parkes (GB),FERRARI,red,Firestone,17/09/2020,Dominique Gasnerie and Peter Flowerday,Ferrari,330 P4,NA,#0858,Result: 2nd 1st in P5.0 (4 laps behind the winner)Grid: 7th (3:28.9000),2nd 1st in P5.0 (4 laps behind the winner)Grid: 7th (3:28.9000),finished,7,3M 28.9S,4 laps behind the winner,NA,https://www.racingsportscars.com/tn/photo/1967/TN_Le_Mans-1967-06-11-021.jpg,https://www.racingsportscars.com/photo/1967/Le_Mans-1967-06-11-021.jpg,https://www.racingsportscars.com/make/photo/Ferrari.html,https://www.racingsportscars.com/type/photo/Ferrari/330%20P4.html,NA,https://www.racingsportscars.com/chassis/photo/0858%20%5b330P4%5d.html,1,Ferrari 330 P4 #0858,Kyosho,own,cerrado rojo; Le Mans 24h 1967; SpA Ferrari SEFAC; Scarfiotti/Parkes; 2º general y 1º P5.0; uno de los P4 más importantes.
le_mans,1967,1967-06-11,24,Ferrari 330 P4 #0856 - Ferrari V12/60° 3v DOHC 3983 cc N/A,3,P5.0,Equipe Nationale Belge (B),Closed bodywork,Mid-engined,"Willy Mairesse (B)/""Jean Beurlys"" (B)preliminary session only: Ludovico Scarfiotti (I), Mike Parkes (GB)","FERRARI
Registration: Prova MO159",red (+yellow),Firestone,23/11/2015,Gérard Rouxel,Ferrari,330 P4,NA,#0856,Result: 3rd (11 laps behind the winner)Grid: 10th (3:30.9000),3rd (11 laps behind the winner)Grid: 10th (3:30.9000),finished,10,3M 30.9S,11 laps behind the winner,NA,https://www.racingsportscars.com/tn/photo/1967/TN_Le_Mans-1967-06-11-024.jpg,https://www.racingsportscars.com/photo/1967/Le_Mans-1967-06-11-024.jpg,https://www.racingsportscars.com/make/photo/Ferrari.html,https://www.racingsportscars.com/type/photo/Ferrari/330%20P4.html,NA,https://www.racingsportscars.com/chassis/photo/0856%20%5b330P4%5d.html,2,Ferrari 330 P4 #0856,Kyosho,own,rojo con línea amarilla; Le Mans 24h 1967; Equipe Nationale Belge; Mairesse/Beurlys; 3º general; calza perfecto con la decoración del Kyosho #24.
le_mans,1967,1967-06-11,41,Porsche 907 LH #004 - Porsche Typ 901 F6 1991 cc N/A,5,P2.0,Porsche System Enginnering (D),Closed bodywork,Mid-engined,Jo Siffert (CH)/Hans Herrmann (D),"unknown
Registration: S-ZL 692",white (+green),NA,28/04/2019,Porsche and Peter Flowerday,Porsche,907,LH,#004,Result: 5th 1st in P2.0 (30 laps behind the winner)Grid: 21st (3:41.6000),5th 1st in P2.0 (30 laps behind the winner)Grid: 21st (3:41.6000),finished,21,3M 41.6S,30 laps behind the winner,NA,https://www.racingsportscars.com/tn/photo/1967/TN_Le_Mans-1967-06-11-041.jpg,https://www.racingsportscars.com/photo/1967/Le_Mans-1967-06-11-041.jpg,https://www.racingsportscars.com/make/photo/Porsche.html,https://www.racingsportscars.com/type/photo/Porsche/907.html,https://www.racingsportscars.com/suffix/photo/Porsche/907/LH.html,https://www.racingsportscars.com/chassis/photo/907-004.html,1,Porsche 907 LH,Kyosho,own,Le Mans 1967; Porsche System Engineering; Siffert/Herrmann; Porsche 907 LH #004; 5º general y 1º en P2.0; blanco con verde. Importante porque muestra a Porsche peleando la general con solo 2 litros.
le_mans,1967,1967-06-11,40,Porsche 907 LH #003 - Porsche Typ 901 F6 1991 cc N/A,NA,P2.0,Porsche System Enginnering (D),Closed bodywork,Mid-engined,Jochen Rindt (A)/Gerhard Mitter (D),"unknown
Registration: S-ZL 691",white (+purple),NA,NA,NA,Porsche,907,LH,#003,Result: did not finish (Camshaft)Grid: 22nd (3:43.1000),did not finish (Camshaft)Grid: 22nd (3:43.1000),not_finished,22,3M 43.1S,NA,Camshaft,https://www.racingsportscars.com/images/car_no_photo.png,https://www.racingsportscars.com/about.html#contrib,https://www.racingsportscars.com/make/photo/Porsche.html,https://www.racingsportscars.com/type/photo/Porsche/907.html,https://www.racingsportscars.com/suffix/photo/Porsche/907/LH.html,https://www.racingsportscars.com/chassis/photo/907-003.html,NA,Porsche 907 LH,Kyosho,own,Le Mans 1967; Porsche System Engineering; Jochen Rindt/Gerhard Mitter; Porsche 907 LH #003; DNF por árbol de levas; blanco con púrpura. Hermano del #41: temprano laboratorio aerodinámico de Porsche antes de 908/917.
le_mans,1968,1968-09-29,9,Ford GT40 #1075 - Ford 302 V8/90° 2v OHV 4942 cc N/A,1,S5.0,J. W. Automotive Engineering Ltd. (GB),Closed bodywork,Mid-engined,"Pedro Rodriguez (MEX)/Lucien Bianchi (B)listed, never drove: Jacky Ickx (B), Brian Redman (GB)",Gulf,light blue (+orange),Firestone,12/02/2013,Michel Guilloux and Don Grunbaum,Ford,GT40,NA,#1075,Result: winner - (185.536 kph) - margin: 5 lapsGrid: 4th (3:39.8000),winner - (185.536 kph) - margin: 5 lapsGrid: 4th (3:39.8000),finished,4,3M 39.8S,185.536 kph,NA,https://www.racingsportscars.com/tn/photo/1968/TN_Le_Mans-1968-09-29-009.jpg,https://www.racingsportscars.com/photo/1968/Le_Mans-1968-09-29-009.jpg,https://www.racingsportscars.com/make/photo/Ford.html,https://www.racingsportscars.com/type/photo/Ford/GT40.html,NA,https://www.racingsportscars.com/chassis/photo/GT40%20P__1075.html,1,Ford GT40 Mk I #1075,Kyosho,own,ganador Le Mans 1968; Gulf/J.W. Automotive; Rodríguez/Bianchi
le_mans,1970,1970-06-14,23,Porsche 917 K #023 - Porsche 912 F12 2v DOHC 4494 cc N/A,1,S5.0,Porsche Konstruktionen K.G. (A),Closed bodywork,Mid-engined,"Richard Attwood (GB)/Hans Herrmann (D)DNS: Vic Elford (GB), Kurt Ahrens, Jr. (D); listed, never drove: Rudi Lins (A)",PORSCHE/BOSCH/Shell,red (+white),Goodyear,12/09/2020,"Michel Guilloux, Jim Culp and Dominique Gasnerie",Porsche,917,K,#023,Result: winner - (191.992 kph) - margin: 5 lapsGrid: 15th (3:32.6000),winner - (191.992 kph) - margin: 5 lapsGrid: 15th (3:32.6000),finished,15,3M 32.6S,191.992 kph,NA,https://www.racingsportscars.com/tn/photo/1970/TN_Le_Mans-1970-06-14-023.jpg,https://www.racingsportscars.com/photo/1970/Le_Mans-1970-06-14-023.jpg,https://www.racingsportscars.com/make/photo/Porsche.html,https://www.racingsportscars.com/type/photo/Porsche/917.html,https://www.racingsportscars.com/suffix/photo/Porsche/917/K.html,https://www.racingsportscars.com/chassis/photo/917-023.html,1,Porsche 917 K,Spark,own,ganador Le Mans 1970; Salzburg; Attwood/Herrmann
le_mans,1970,1970-06-14,3,Porsche 917 LH #043 - Porsche 912 F12 2v DOHC 4494 cc N/A,2,S5.0,Martini International Racing Team (D),Closed bodywork,Mid-engined,"Gérard Larrousse (F)/Willi Kauhsen (D)listed, never drove: Reinhold Jöst (D), Richard Attwood (GB)",CIBIÉ/BOSCH/Shell/MARTINI,dark blue/green,Goodyear,12/09/2020,"Michel Guilloux, Endurance-Series.com and Dominique Gasnerie",Porsche,917,LH,#043,Result: 2nd (5 laps behind the winner)Grid: 12th (3:30.8000),2nd (5 laps behind the winner)Grid: 12th (3:30.8000),finished,12,3M 30.8S,5 laps behind the winner,NA,https://www.racingsportscars.com/tn/photo/1970/TN_Le_Mans-1970-06-14-003.jpg,https://www.racingsportscars.com/photo/1970/Le_Mans-1970-06-14-003.jpg,https://www.racingsportscars.com/make/photo/Porsche.html,https://www.racingsportscars.com/type/photo/Porsche/917.html,https://www.racingsportscars.com/suffix/photo/Porsche/917/LH.html,https://www.racingsportscars.com/chassis/photo/917-043.html,2,Porsche 917 LH #043,Finclassically,exists_164_no_own,Le Mans 1970; Martini International Racing Team; Larrousse/Kauhsen; 2º general; 917 LH longtail #043; azul/verde oscuro; grilla 12º. Muy importante: el longtail Martini fue el otro 917 en el podio detrás del ganador Salzburg #23.
le_mans,1970,1970-06-14,21,Porsche 917 K #016 - Porsche 912 F12 2v DOHC 4907 cc N/A,NA,S5.0,J. W. Automotive Engineering Ltd. (GB),Closed bodywork,Mid-engined,Pedro Rodriguez (MEX)/Leo Kinnunen (FIN),Gulf,light blue (+orange),Firestone,12/02/2012,Michel Guilloux,Porsche,917,K,#016,Result: did not finish (Cooling fine drive)Grid: 5th (3:21.9000),did not finish (Cooling fine drive)Grid: 5th (3:21.9000),not_finished,5,3M 21.9S,NA,Cooling fine drive,https://www.racingsportscars.com/tn/photo/1970/TN_Le_Mans-1970-06-14-021.jpg,https://www.racingsportscars.com/photo/1970/Le_Mans-1970-06-14-021.jpg,https://www.racingsportscars.com/make/photo/Porsche.html,https://www.racingsportscars.com/type/photo/Porsche/917.html,https://www.racingsportscars.com/suffix/photo/Porsche/917/K.html,https://www.racingsportscars.com/chassis/photo/917-016.html,NA,Porsche 917 K #016,Kyosho,own,Gulf/J.W. Automotive; DNF; Rodríguez/Kinnunen
le_mans,1971,1971-06-13,22,Porsche 917 K #053 - Porsche 912 F12 2v DOHC 4907 cc N/A,1,S5.0,Martini Racing Team (D),Closed bodywork,Mid-engined,Helmut Marko (A)/Gijs van Lennep (NL),MARTINI RACING TEAM/Shell,white (+black/blue/red),Firestone,14/03/2008,Endurance-Series.com,Porsche,917,K,#053,Result: winner - (222.305 kph) - margin: 2 lapsGrid: 5th (3:18.7000),winner - (222.305 kph) - margin: 2 lapsGrid: 5th (3:18.7000),finished,5,3M 18.7S,222.305 kph,NA,https://www.racingsportscars.com/tn/photo/1971/TN_Le_Mans-1971-06-13-022.jpg,https://www.racingsportscars.com/photo/1971/Le_Mans-1971-06-13-022.jpg,https://www.racingsportscars.com/make/photo/Porsche.html,https://www.racingsportscars.com/type/photo/Porsche/917.html,https://www.racingsportscars.com/suffix/photo/Porsche/917/K.html,https://www.racingsportscars.com/chassis/photo/917-053.html,1,Porsche 917 K,Tarmac Works,exists_164_no_own,ganador Le Mans 1971; Martini; Marko/van Lennep; https://www.minidiecast.cl/tarmac-works-curitiba-164-porsche-917-kh-24h-le-mans-1971-winner-22
le_mans,1971,1971-06-13,23,Porsche 917/20 #001 - Porsche Typ 912.00 F12 2v DOHC 4907 cc N/A,NA,S5.0,Martini Racing Team (D),Closed bodywork,Mid-engined,"Willi Kauhsen (D)/Reinhold Jöst (D)preliminary session only: Jo Siffert (CH); listed, never drove: Gérard Larrousse (F)",SCHINKEN/RÜSSEL/OHRLAPPEN/RIPPLE/LENDE/SCHULTER/WAMME,pink (+red),Firestone,30/07/2012,Endurance-Series.com and Rallye Racing,Porsche,917/20,NA,#001,"Result: did not finish (Injection linkage, accident)Grid: 7th (3:21.0000)","did not finish (Injection linkage, accident)Grid: 7th (3:21.0000)",not_finished,7,3M 21S,NA,"Injection linkage, accident",https://www.racingsportscars.com/tn/photo/1971/TN_Le_Mans-1971-06-13-023.jpg,https://www.racingsportscars.com/photo/1971/Le_Mans-1971-06-13-023.jpg,https://www.racingsportscars.com/make/photo/Porsche.html,https://www.racingsportscars.com/type/photo/Porsche/917__20.html,NA,https://www.racingsportscars.com/chassis/photo/917__20-001.html,NA,Porsche 917/20 Pink Pig,TBD,exists_164_no_own,"Le Mans 1971; Porsche 917/20 #001 Martini Racing Team; Kauhsen/Jöst; DNF por varillaje de inyección/accidente; grilla 7º; livery rosa con cortes de carnicería. Icono absoluto: aerodinámica experimental entre 917 K y LH, más recordado por la decoración Pink Pig que por el resultado."
sebring,1971,1971-03-20,3,Porsche 917 K #020 - Porsche 912 F12 2v DOHC 4907 cc N/A,1,S,Martini & Rossi Racing (D),Closed bodywork,Mid-engined,Vic Elford (GB)/Gérard Larrousse (F),MARTINI & ROSI RACING TEAM/Shell,silver/blue (+red),Firestone,11/10/2009,Louis Galanos,Porsche,917,K,#020,Result: winner - (181.053 kph) - margin: 3 lapsGrid: 4th (2:34.8100),winner - (181.053 kph) - margin: 3 lapsGrid: 4th (2:34.8100),finished,4,2M 34.81S,181.053 kph,NA,https://www.racingsportscars.com/tn/photo/1971/TN_Sebring-1971-03-20-003.jpg,https://www.racingsportscars.com/photo/1971/Sebring-1971-03-20-003.jpg,https://www.racingsportscars.com/make/photo/Porsche.html,https://www.racingsportscars.com/type/photo/Porsche/917.html,https://www.racingsportscars.com/suffix/photo/Porsche/917/K.html,https://www.racingsportscars.com/chassis/photo/917-020.html,1,Porsche 917 K,Finclassically,exists_164_no_own,ganador Sebring 12h 1971
spa,1971,1971-07-25,35,Mercedes-Benz 300 SEL 6.3 # - Mercedes-Benz V8 6834 cc N/A,2,Div.3,AMG,Closed bodywork,Front-engined,Clemens Schickentanz (D)Hans Heyer (D),AMG,red,NA,17/09/2012,Julien Garnier and Rallye Racing,Mercedes-Benz,300 SEL,6.3,#,Result: 2nd (3 laps behind the winner)Grid: 5th (4:14.5000),2nd (3 laps behind the winner)Grid: 5th (4:14.5000),finished,5,4M 14.5S,3 laps behind the winner,NA,https://www.racingsportscars.com/tn/etcc/1971/TN_Spa-1971-07-25-035.jpg,https://www.racingsportscars.com/etcc/1971/Spa-1971-07-25-035.jpg,https://www.racingsportscars.com/make/photo/Mercedes-Benz.html?cat=4,https://www.racingsportscars.com/type/photo/Mercedes-Benz/300%20SEL.html?cat=4,https://www.racingsportscars.com/suffix/photo/Mercedes-Benz/300%20SEL/6.3.html?cat=4,https://www.racingsportscars.com/chassis/photo/300SEL-Heyer%23.html?cat=4,2,Mercedes-Benz 300 SEL 6.8 AMG,Ghost Player,own,Spa 24 Hours 1971; AMG; Schickentanz/Heyer; 2º general y 1º en su clase; Red Pig/Rote Sau; V8 6.8L/6834cc; dato freak: enorme sedán de lujo convertido en auto de carrera y el original terminó vendido a Matra para pruebas de neumáticos de avión
daytona,1973,1973-02-04,59,Porsche 911 Carrera RSR #911 360 0328 R4 - Porsche 911/72 F6 2v SOHC 2808 cc N/A,1,S3.0,Brumos Porsche (USA),Closed bodywork,Rear-engined,Peter Gregg (USA)/Hurley Haywood (USA),GARRARD RECORD PLAYERS,white (+red/blue),Goodyear,01/08/2025,Fred Lewis and George Boron,Porsche,911 Carrera,RSR,#911 360 0328 R4,Result: winner - (171.031 kph) - margin: 22 lapsGrid: 8th (2:02.1560),winner - (171.031 kph) - margin: 22 lapsGrid: 8th (2:02.1560),finished,8,2M 2.156S,171.031 kph,NA,https://www.racingsportscars.com/tn/photo/1973/TN_Daytona-1973-02-04-059.jpg,https://www.racingsportscars.com/photo/1973/Daytona-1973-02-04-059.jpg,https://www.racingsportscars.com/make/photo/Porsche.html,https://www.racingsportscars.com/type/photo/Porsche/911%20Carrera.html,https://www.racingsportscars.com/suffix/photo/Porsche/911%20Carrera/RSR.html,https://www.racingsportscars.com/chassis/photo/911%20360%200328%20R4.html,1,Porsche 911 Carrera RSR,Spark,exists_164_no_own,release 2027
le_mans,1973,1973-06-10,45,Porsche 911 Carrera RSR # - Porsche F6 2v SOHC 2808 cc N/A,8,GT3.0,Porsche Kremer Racing Team (D),Closed bodywork,Rear-engined,Paul Keller (CH)Clemens Schickentanz (D)/Erwin Kremer (D),Kremer/Shell,white (+red),Dunlop,24/05/2017,Michel Guilloux and Robert Margadant,Porsche,911 Carrera,RSR,#,Result: 8th 1st in GT3.0 (39 laps behind the winner)Grid: 38th (4:21.6000),8th 1st in GT3.0 (39 laps behind the winner)Grid: 38th (4:21.6000),finished,38,4M 21.6S,39 laps behind the winner,NA,https://www.racingsportscars.com/tn/photo/1973/TN_Le_Mans-1973-06-10-045.jpg,https://www.racingsportscars.com/photo/1973/Le_Mans-1973-06-10-045.jpg,https://www.racingsportscars.com/make/photo/Porsche.html,https://www.racingsportscars.com/type/photo/Porsche/911%20Carrera.html,https://www.racingsportscars.com/suffix/photo/Porsche/911%20Carrera/RSR.html,https://www.racingsportscars.com/chassis/photo/911%20360%200610%23.html,1,Porsche 911 Carrera RSR,Tarmac Works,exists_164_no_own,Le Mans 1973; Porsche Kremer Racing Team; Keller/Schickentanz/Kremer; 8º general y 1º en GT3.0; partió 38º; Kremer/Shell; blanco con rojo; Dunlop; flat-6 2808cc. Buen antecedente temprano de Kremer antes del 935 K3 ganador de 1979.
sebring,1973,1973-03-24,59,Porsche 911 Carrera RSR #911 360 0705 - Porsche F6 2v SOHC 2808 cc N/A,1,GTO,Dr. Dave Helmick (USA),Closed bodywork,Rear-engined,Peter Gregg (USA)/Hurley Haywood (USA)/Dave Helmick (USA),GARRARD,yellow,Goodyear,10/02/2012,"Fred Lewis, Louis Galanos and John B. MacNeill",Porsche,911 Carrera,RSR,#911 360 0705,Result: winner - (157.481 kph) - margin: 1 lapGrid: 4th (3:01.0800),winner - (157.481 kph) - margin: 1 lapGrid: 4th (3:01.0800),finished,4,3M 1.08S,157.481 kph,NA,https://www.racingsportscars.com/tn/photo/1973/TN_Sebring-1973-03-24-059.jpg,https://www.racingsportscars.com/photo/1973/Sebring-1973-03-24-059.jpg,https://www.racingsportscars.com/make/photo/Porsche.html,https://www.racingsportscars.com/type/photo/Porsche/911%20Carrera.html,https://www.racingsportscars.com/suffix/photo/Porsche/911%20Carrera/RSR.html,https://www.racingsportscars.com/chassis/photo/911%20360%200705.html,1,Porsche 911 Carrera RSR,Spark,exists_164_no_own,release 2027
le_mans,1974,1974-06-16,22,Porsche 911 Carrera RSR Turbo #911 460 9102 R13 - Porsche 911/78 F6 2v SOHC 2142 cc 1xKKK,2,S3.0,Martini Racing Team (D),Closed bodywork,Rear-engined,"Herbert Müller (CH)/Gijs van Lennep (NL)listed, never drove: Manfred Schurti (FL)",MARTINI,silver (+red/blue),Dunlop,18/09/2020,"Dominique Gasnerie, Alain Jourdainne Photos 24H Le Mans and Gérard Rouxel",Porsche,911 Carrera RSR Turbo,NA,#911 460 9102 R13,Result: 2nd (6 laps behind the winner)Grid: 7th (3:52.4000),2nd (6 laps behind the winner)Grid: 7th (3:52.4000),finished,7,3M 52.4S,6 laps behind the winner,NA,https://www.racingsportscars.com/tn/photo/1974/TN_Le_Mans-1974-06-16-022.jpg,https://www.racingsportscars.com/photo/1974/Le_Mans-1974-06-16-022.jpg,https://www.racingsportscars.com/make/photo/Porsche.html,https://www.racingsportscars.com/type/photo/Porsche/911%20Carrera%20RSR%20Turbo.html,NA,https://www.racingsportscars.com/chassis/photo/911%20460%209102%20R13.html,2,Porsche 911 Carrera RSR Turbo #911,Kyosho,own,Martini Racing Team
le_mans,1974,1974-06-16,21,Porsche 911 Carrera RSR Turbo #911 460 9101 R12 - Porsche 911/78 F6 2v SOHC 2142 cc 1xKKK,NA,S3.0,Martini Racing Team (D),Closed bodywork,Rear-engined,Manfred Schurti (FL)/Helmuth Koinigg (A)DNS: Herbert Müller (CH),MARTINI,silver (+red/blue),Dunlop,30/05/2015,John Barrick,Porsche,911 Carrera RSR Turbo,NA,#911 460 9101 R12,Result: did not finish (Engine)Grid: 11th (3:58.1000),did not finish (Engine)Grid: 11th (3:58.1000),not_finished,11,3M 58.1S,NA,Engine,https://www.racingsportscars.com/tn/photo/1974/TN_Le_Mans-1974-06-16-021.jpg,https://www.racingsportscars.com/photo/1974/Le_Mans-1974-06-16-021.jpg,https://www.racingsportscars.com/make/photo/Porsche.html,https://www.racingsportscars.com/type/photo/Porsche/911%20Carrera%20RSR%20Turbo.html,NA,https://www.racingsportscars.com/chassis/photo/911%20460%209101%20R12.html,NA,Porsche 911 Carrera RSR Turbo #911,Kyosho,own,Martini Racing Team
le_mans,1975,1975-06-15,69,Porsche 911 Carrera RSR #911 460 9072 - Porsche F6 2v SOHC 2990 cc N/A,6,GT,"""Beurlys""",Closed bodywork,Rear-engined,"Nick Faure (GB)/""Jean Beurlys"" (B)/John Cooper (GB)listed, never drove: Hughes de Fierlant (B)",Swinford Motors Ltd.,white (+blue/red),NA,28/12/2007,Alain Jourdainne Photos 24H Le Mans,Porsche,911 Carrera,RSR,#911 460 9072,Result: 6th (25 laps behind the winner)Grid: 30th (4:21.9000),6th (25 laps behind the winner)Grid: 30th (4:21.9000),finished,30,4M 21.9S,25 laps behind the winner,NA,https://www.racingsportscars.com/tn/photo/1975/TN_Le_Mans-1975-06-15-069.jpg,https://www.racingsportscars.com/photo/1975/Le_Mans-1975-06-15-069.jpg,https://www.racingsportscars.com/make/photo/Porsche.html,https://www.racingsportscars.com/type/photo/Porsche/911%20Carrera.html,https://www.racingsportscars.com/suffix/photo/Porsche/911%20Carrera/RSR.html,https://www.racingsportscars.com/chassis/photo/911%20460%209072.html,2,Porsche 911 Carrera RSR,Tarmac Works,exists_164_no_own,"Le Mans 1975; #69 ""Beurlys""; Nick Faure/Jean Beurlys/John Cooper; 6º general; partió 30º; blanco con azul/rojo; Swinford Motors Ltd.; chasis 911 460 9072; flat-6 2990cc. Otro RSR privado muy fuerte de los 70, justo entre los Carrera RSR cliente y la era 935."
le_mans,1975,1975-06-15,53,Porsche 911 Carrera RSR #911 460 9059 - Porsche F6 2v SOHC 2993 cc N/A,7,GT,A.S.A. Cachia (F),Closed bodywork,Rear-engined,Jacques Borras (F)/Pascal Moisson (F)/Henri Cachia (F)DNS: Denis Rua (F),opal/S.C.P.E./l'etoile d'or,yellow (+blue/red),Dunlop,NA,NA,Porsche,911 Carrera,RSR,#911 460 9059,Result: 7th (27 laps behind the winner)Grid: 21st (4:18.4000),7th (27 laps behind the winner)Grid: 21st (4:18.4000),finished,21,4M 18.4S,27 laps behind the winner,NA,https://www.racingsportscars.com/images/car_no_photo.png,https://www.racingsportscars.com/about.html#contrib,https://www.racingsportscars.com/make/photo/Porsche.html,https://www.racingsportscars.com/type/photo/Porsche/911%20Carrera.html,https://www.racingsportscars.com/suffix/photo/Porsche/911%20Carrera/RSR.html,https://www.racingsportscars.com/chassis/photo/911%20460%209059.html,3,Porsche 911 Carrera RSR,Spark,exists_164_no_own,release 2027
le_mans,1975,1975-06-15,78,Porsche 911 Carrera RS # - Porsche F6 2v SOHC 2995 cc N/A,NA,ser.GT,Ecurie Robert Buchet - Cyril Grandet (F),Closed bodywork,Rear-engined,"Bob Wollek (F)/Cyril Grandet (F)listed, never drove: Hoden",ECURIE BUCHET/CIBIÉ,black (+bronze),Michelin,21/09/2020,Michel Guilloux and Alain Jourdainne Photos 24H Le Mans,Porsche,911 Carrera,RS,#,Result: disqualified (Early oil replenishment) (43 laps behind the winner)Grid: 39th (4:28.9000) - 41st fastest qualifier,disqualified (Early oil replenishment) (43 laps behind the winner)Grid: 39th (4:28.9000) - 41st fastest qualifier,other,39,4M 28.9S,NA,Early oil replenishment,https://www.racingsportscars.com/tn/photo/1975/TN_Le_Mans-1975-06-15-078.jpg,https://www.racingsportscars.com/photo/1975/Le_Mans-1975-06-15-078.jpg,https://www.racingsportscars.com/make/photo/Porsche.html,https://www.racingsportscars.com/type/photo/Porsche/911%20Carrera.html,https://www.racingsportscars.com/suffix/photo/Porsche/911%20Carrera/RS.html,https://www.racingsportscars.com/chassis/photo/911RS-GR3-Buchet%23.html,NA,Porsche 911 Carrera RS,Spark,exists_164_no_own,release 2027
le_mans,1976,1976-06-13,40,Porsche 935 #002 - Porsche 930/72 F6 2v SOHC 2856 cc 1xKKK,4,Gr.5,Martini Racing Porsche System (D),Closed bodywork,Rear-engined,"Manfred Schurti (FL)/Rolf Stommelen (D)listed, never drove: Jacky Ickx (B), Gijs van Lennep (NL)",MARTINI PORSCHE,white (+red/blue/black),Dunlop,10/07/2008,"Arnaud Sigg, Jean-Bernard Héros and Alain Jourdainne Photos 24H Le Mans",Porsche,935,NA,#002,Result: 4th 1st in Gr.5 (18 laps behind the winner)Grid: 3rd (3:41.7000),4th 1st in Gr.5 (18 laps behind the winner)Grid: 3rd (3:41.7000),finished,3,3M 41.7S,18 laps behind the winner,NA,https://www.racingsportscars.com/tn/photo/1976/TN_Le_Mans-1976-06-13-040.jpg,https://www.racingsportscars.com/photo/1976/Le_Mans-1976-06-13-040.jpg,https://www.racingsportscars.com/make/photo/Porsche.html,https://www.racingsportscars.com/type/photo/Porsche/935.html,NA,https://www.racingsportscars.com/chassis/photo/935-002%20R16.html,1,Porsche 935 #002,Minichamps,own,4º general y 1º Grupo 5 Le Mans 1976; Martini; Schurti/Stommelen
nurburgring,1976,1976-04-04,53,Porsche 934 #930 670 0168 - Porsche 930/71 F6 2v SOHC Turbo,4,GT+3.0,Jägermeister Max Moritz Team (D),Closed bodywork,Rear-engined,/Helmut Kelleners (D),Jägermeister,orange,Dunlop,29/01/2006,Paul Kooyman,Porsche,934,NA,#930 670 0168,Result: 4th (3m29s1 behind the winner)Grid: 10th (8:21.1000),4th (3m29s1 behind the winner)Grid: 10th (8:21.1000),finished,10,8M 21.1S,3m29s1 behind the winner,NA,https://www.racingsportscars.com/tn/photo/1976/TN_Nurburgring-1976-04-04-053.jpg,https://www.racingsportscars.com/photo/1976/Nurburgring-1976-04-04-053.jpg,https://www.racingsportscars.com/make/photo/Porsche.html,https://www.racingsportscars.com/type/photo/Porsche/934.html,NA,https://www.racingsportscars.com/chassis/photo/930%20670%200168.html,2,Porsche 934,Kyosho,exists_164_no_own,Nürburgring 300 Kilometres
nurburgring,1976,1976-05-30,24,Porsche 934 #930 670 0167 - Porsche 930/71 F6 2v SOHC 3000 cc Turbo,10,GT+3.0,Jägermeister Max Moritz Team (D),Closed bodywork,Rear-engined,Derek Bell (GB)/Günter Steckkönig (D)/Helmut Kelleners (D)/Reinhardt Stenzel (D),Jägermeister,orange,Dunlop,18/11/2023,Hartwig Bertrams collection,Porsche,934,NA,#930 670 0167,Result: 10th (3 laps behind the winner)Grid: 7th (8:17.4000),10th (3 laps behind the winner)Grid: 7th (8:17.4000),finished,7,8M 17.4S,3 laps behind the winner,NA,https://www.racingsportscars.com/tn/photo/1976/TN_Nurburgring-1976-05-30-024.jpg,https://www.racingsportscars.com/photo/1976/Nurburgring-1976-05-30-024.jpg,https://www.racingsportscars.com/make/photo/Porsche.html,https://www.racingsportscars.com/type/photo/Porsche/934.html,NA,https://www.racingsportscars.com/chassis/photo/930%20670%200167.html,3,Porsche 934,Kyosho,exists_164_no_own,Nürburgring 1000 Kilometres
norisring,1977,1977-07-03,52,Porsche 935 #930 770 0905 - Porsche 930/72; no:0677 2904 F6 2v SOHC 2808 cc 1xKKK,1,Div.I,Jägermeister Max Moritz Team (D),Closed bodywork,Rear-engined,Manfred Schurti (FL),Jägermeister,orange,NA,31/05/2011,Harry Maurer,Porsche,935,NA,#930 770 0905,Result: winner - margin: 17s4Grid:,winner - margin: 17s4Grid:,finished,NA,NA,NA,NA,https://www.racingsportscars.com/tn/photo/1977/TN_Norisring-1977-07-03t-052.jpg,https://www.racingsportscars.com/photo/1977/Norisring-1977-07-03t-052.jpg,https://www.racingsportscars.com/make/photo/Porsche.html,https://www.racingsportscars.com/type/photo/Porsche/935.html,NA,https://www.racingsportscars.com/chassis/photo/930%20770%200905.html,1,Porsche 935 #930 770 0905 Jägermeister,Kyosho,exists_164_no_own,"DRM Norisring 1977 / 200 Meilen von Nürnberg; Jägermeister Max Moritz Team; Manfred Schurti; 2º en División I; grilla 3º; Porsche 935 #930 770 0905; naranja Jägermeister. Muy buen 935 cliente temprano, antes del dominio visual de los K3."
nurburgring,1977,1977-03-27,15,BMW 320 #E21-R1-13 - BMW M12/7 L4 4v DOHC 1991 cc N/A,1,Div.II,Jägermeister-Faltz-BMW-Team-Essen (D),Closed bodywork,Front-engined,Hans-Joachim Stuck (D),Jägermeister,orange,Goodyear,12/03/2023,Hartmut Schulz,BMW,320,NA,#E21-R1-13,Result: winner in race Div.II - (162.412 kph) - margin: 20s8000Grid: 2nd in Div.II race (8:12.9000),winner in race Div.II - (162.412 kph) - margin: 20s8000Grid: 2nd in Div.II race (8:12.9000),finished,2,NA,162.412 kph,NA,https://www.racingsportscars.com/tn/photo/1977/TN_Nurburgring-1977-03-27-015.jpg,https://www.racingsportscars.com/photo/1977/Nurburgring-1977-03-27-015.jpg,https://www.racingsportscars.com/make/photo/BMW.html,https://www.racingsportscars.com/type/photo/BMW/320.html,NA,https://www.racingsportscars.com/chassis/photo/E21-R1-13.html,1,BMW 320 #E21-R1-13 Jägermeister,Kyosho,own,"No es 24hrs; es carrera DRM Nürburgring 300 Kilometres. Jägermeister BMW 320 E21-R1-13; mantener como touring DRM, no resistencia."
le_mans,1978,1978-06-11,6,Porsche 936/78 #001 - Porsche 935/73 F6 4v DOHC 2140 cc Twin-Turbo,2,S+2.0,Martini Racing Porsche System (D),Open bodywork,Mid-engined,"Jacky Ickx (B)Bob Wollek (F)/Jürgen Barth (D)DNS: Reinhold Jöst (D); listed, never drove: Jochen Mass (D), Henri Pescarolo (F)",MARTINI PORSCHE/Shell,white (+blue/red),Dunlop,27/09/2008,Arnaud Sigg and Paul Kooyman,Porsche,936,/78,#001,Result: 2nd (5 laps behind the winner)Grid: 4th (3:35.2000),2nd (5 laps behind the winner)Grid: 4th (3:35.2000),finished,4,3M 35.2S,5 laps behind the winner,NA,https://www.racingsportscars.com/tn/photo/1978/TN_Le_Mans-1978-06-11-006.jpg,https://www.racingsportscars.com/photo/1978/Le_Mans-1978-06-11-006.jpg,https://www.racingsportscars.com/make/photo/Porsche.html,https://www.racingsportscars.com/type/photo/Porsche/936.html,https://www.racingsportscars.com/suffix/photo/Porsche/936/__78.html,https://www.racingsportscars.com/chassis/photo/936-001.html,2,Porsche 936/78,Kyosho,own,"Terminó 2do en la general, alerón azul"
le_mans,1978,1978-06-11,43,Porsche 935/78 #006 - Porsche 935/79 F6 4v DOHC 3211 cc 2xKKK,8,Gr.5+2.0,Martini Racing Porsche System (D),Closed bodywork,Rear-engined,"Manfred Schurti (FL)/Rolf Stommelen (D)listed, never drove: Jacky Ickx (B), Reinhold Jöst (D), Jochen Mass (D)",MARTINI PORSCHE/Shell,white (+red/blue),Dunlop,27/09/2008,Arnaud Sigg and Paul Kooyman,Porsche,935,/78,#006,Result: 8th (43 laps behind the winner)Grid: 3rd (3:30.9000),8th (43 laps behind the winner)Grid: 3rd (3:30.9000),finished,3,3M 30.9S,43 laps behind the winner,NA,https://www.racingsportscars.com/tn/photo/1978/TN_Le_Mans-1978-06-11-043.jpg,https://www.racingsportscars.com/photo/1978/Le_Mans-1978-06-11-043.jpg,https://www.racingsportscars.com/make/photo/Porsche.html,https://www.racingsportscars.com/type/photo/Porsche/935.html,https://www.racingsportscars.com/suffix/photo/Porsche/935/__78.html,https://www.racingsportscars.com/chassis/photo/935-006%20R20.html,3,Porsche 935/78 Moby Dick,Para64,own,8º general Le Mans 1978; Martini Racing; Schurti/Stommelen
le_mans,1978,1978-06-11,5,Porsche 936/78 #003 - Porsche 935/73 F6 4v DOHC 2140 cc Twin-Turbo,NA,S+2.0,Martini Racing Porsche System (D),Open bodywork,Mid-engined,"Jacky Ickx (B)/Henri Pescarolo (F)/Jochen Mass (D)listed, never drove: Reinhold Jöst (D), Bob Wollek (F), Jürgen Barth (D)",MARTINI PORSCHE/Shell,white (+red/blue),Dunlop,28/04/2019,"Paul Kooyman, Laurent Le Maitre and Cedric Laurent",Porsche,936,/78,#003,Result: did not finish (Accident)Grid: 1st (3:27.6000),did not finish (Accident)Grid: 1st (3:27.6000),not_finished,1,3M 27.6S,NA,Accident,https://www.racingsportscars.com/tn/photo/1978/TN_Le_Mans-1978-06-11-005.jpg,https://www.racingsportscars.com/photo/1978/Le_Mans-1978-06-11-005.jpg,https://www.racingsportscars.com/make/photo/Porsche.html,https://www.racingsportscars.com/type/photo/Porsche/936.html,https://www.racingsportscars.com/suffix/photo/Porsche/936/__78.html,https://www.racingsportscars.com/chassis/photo/936-003.html,NA,Porsche 936/78,Kyosho,exists_164_no_own,"No terminó por accidente, pero partió en pole position. alerón rojo"
le_mans,1979,1979-06-10,41,Porsche 935 K3 #009 00015 (Kremer) - Porsche 930/79 F6 2v SOHC 2994 cc Turbo,1,Gr.5+2.0,Porsche Kremer Racing (D),Closed bodywork,Rear-engined,"Bill Whittington (USA)/Klaus Ludwig (D)/Don Whittington (USA)listed, never drove: Axel Plankenhorn (D)",NUMERO RESERVÉ/philippe salvet,white (+red),Dunlop,24/11/2015,"Gérard Rouxel, Jean-Bernard Héros and Michel Guilloux",Porsche,935,K3,#009 00015,Result: winner - (173.913 kph) - margin: 7 lapsGrid: 3rd (3:34.6400),winner - (173.913 kph) - margin: 7 lapsGrid: 3rd (3:34.6400),finished,3,3M 34.64S,173.913 kph,NA,https://www.racingsportscars.com/tn/photo/1979/TN_Le_Mans-1979-06-10-041.jpg,https://www.racingsportscars.com/photo/1979/Le_Mans-1979-06-10-041.jpg,https://www.racingsportscars.com/make/photo/Porsche.html,https://www.racingsportscars.com/type/photo/Porsche/935.html,https://www.racingsportscars.com/suffix/photo/Porsche/935/K3.html,https://www.racingsportscars.com/chassis/photo/009%2000015.html,1,Porsche 935 K3 #009 00015,Tarmac Works,own,ganador Le Mans 1979; Kremer Racing
le_mans,1979,1979-06-10,40,Porsche 935/77A #930 890 0013 - Porsche 930/72; no:698 0025 F6 2v SOHC 2994 cc Turbo,3,Gr.5+2.0,Porsche Kremer Racing (D),Closed bodywork,Rear-engined,"François Servanin (F)/François Trisconi (CH)/Laurent Ferrier (F)listed, never drove: Klaus Ludwig (D), Philippe Gurdjian (F), Axel Plankenhorn (D), ""John Winter"" (D)",BP/TRISCONI,green (+red/yellow),Dunlop,15/03/2010,Jean-Bernard Héros and Michel Guilloux,Porsche,935,/77A,#930 890 0013,Result: 3rd (14 laps behind the winner)Grid: 20th (3:55.0800),3rd (14 laps behind the winner)Grid: 20th (3:55.0800),finished,20,3M 55.08S,14 laps behind the winner,NA,https://www.racingsportscars.com/tn/photo/1979/TN_Le_Mans-1979-06-10-040.jpg,https://www.racingsportscars.com/photo/1979/Le_Mans-1979-06-10-040.jpg,https://www.racingsportscars.com/make/photo/Porsche.html,https://www.racingsportscars.com/type/photo/Porsche/935.html,https://www.racingsportscars.com/suffix/photo/Porsche/935/__77A.html,https://www.racingsportscars.com/chassis/photo/930%20890%200013.html,2,Porsche 935/77A #930 890 0013,Kyosho,own,Vaillant; 3º general Le Mans 1979; Fitzpatrick/Wollek/Dören
le_mans,1979,1979-06-10,64,Ferrari 512 BB/LM #26683 - Ferrari F12 4942 cc N/A,NA,IMSA+2.5,N.A.R.T. (USA),Closed bodywork,Mid-engined,Jean-Pierre Delaunay (F)/Cyril Grandet (F)/Preston Henn (USA),NART/BP,red (+white/blue),Michelin,28/02/2015,Sonny Jones and Alain Jourdainne Photos 24H Le Mans,Ferrari,512 BB,/LM,#26683,Result: did not finish (Accident)Grid: 36th (4:06.3000) - 37th fastest qualifier,did not finish (Accident)Grid: 36th (4:06.3000) - 37th fastest qualifier,not_finished,36,4M 6.3S,NA,Accident,https://www.racingsportscars.com/tn/photo/1979/TN_Le_Mans-1979-06-10-064.jpg,https://www.racingsportscars.com/photo/1979/Le_Mans-1979-06-10-064.jpg,https://www.racingsportscars.com/make/photo/Ferrari.html,https://www.racingsportscars.com/type/photo/Ferrari/512%20BB.html,https://www.racingsportscars.com/suffix/photo/Ferrari/512%20BB/__LM.html,https://www.racingsportscars.com/chassis/photo/26683%20%5b512BB%5d.html,NA,Ferrari 512 BB/LM,Kyosho,own,N.A.R.T.; DNF accidente; Delaunay/Grandet/Henn; IMSA+2.5
le_mans,1981,1981-06-14,65,Lancia Beta Montecarlo Turbo #1009 (Dallara) - Lancia L4 4v DOHC 1425 cc KKK,8,Gr.5,Martini Racing (I),Closed bodywork,Mid-engined,"Eddie Cheever (USA)Carlo Facetti (I)/Michele Alboreto (I)listed, never drove: Hans Heyer (D), Riccardo Patrese (I), Piercarlo Ghinzani (I)",MARTINI,white (+blue/red),Pirelli,29/11/2006,Jacques Vigné,Lancia,Beta Montecarlo Turbo,NA,#1009,Result: 8th (32 laps behind the winner)Grid: 31st (3:54.0900),8th (32 laps behind the winner)Grid: 31st (3:54.0900),finished,31,3M 54.09S,32 laps behind the winner,NA,https://www.racingsportscars.com/tn/photo/1981/TN_Le_Mans-1981-06-14-065.jpg,https://www.racingsportscars.com/photo/1981/Le_Mans-1981-06-14-065.jpg,https://www.racingsportscars.com/make/photo/Lancia.html,https://www.racingsportscars.com/type/photo/Lancia/Beta%20Montecarlo%20Turbo.html,NA,https://www.racingsportscars.com/chassis/photo/1009%20%5bMontecarlo%5d.html,2,Lancia Beta Montecarlo Turbo,Spark,exists_164_no_own,release 2027. Ganador clase Grupo 5 sub-2 litros
watkins_glen,1981,1981-07-12,1,Lancia Beta Montecarlo Turbo #1007 (Dallara) - Lancia L4 4v DOHC 1425 cc KKK,1,Gr.5,Martini Racing (I),Closed bodywork,Mid-engined,Riccardo Patrese (I)/Michele Alboreto (I),MARTINI,white (+blue/red),Pirelli,17/11/2016,"Mike Strohmeyer, Randy McKee and Kurt Ahnert",Lancia,Beta Montecarlo Turbo,NA,#1007,Result: winner - (156.499 kph) - margin: 2 lapsGrid: 4th (1:51.1610),winner - (156.499 kph) - margin: 2 lapsGrid: 4th (1:51.1610),finished,4,1M 51.161S,156.499 kph,NA,https://www.racingsportscars.com/tn/photo/1981/TN_Watkins_Glen-1981-07-12-001.jpg,https://www.racingsportscars.com/photo/1981/Watkins_Glen-1981-07-12-001.jpg,https://www.racingsportscars.com/make/photo/Lancia.html,https://www.racingsportscars.com/type/photo/Lancia/Beta%20Montecarlo%20Turbo.html,NA,https://www.racingsportscars.com/chassis/photo/1007%20%5bMontecarlo%5d.html,1,Lancia Beta Montecarlo Turbo #1007,CM's,own,Watkins Glen 1981; Lancia Beta Montecarlo Turbo Grupo 5; revisar resultado exacto/clase. Complementa al Beta Montecarlo de Le Mans 1981: pieza representativa del dominio Lancia en Grupo 5 sub-2 litros.
le_mans,1984,1984-06-17,7,Porsche 956 B #117 - Porsche Type 935/79 F6 4v DOHC 2649 cc 2xKKK K26,1,C1,New-Man Joest Racing (D),Closed bodywork,Mid-engined,"Henri Pescarolo (F)/Klaus Ludwig (D)DNS: Stefan Johansson (S); listed, never drove: Paul Belmondo (F)",newman/PIERLANT IMPERIAL,yellow/black (+white),Dunlop,25/04/2006,Paul Kooyman,Porsche,956,B,#117,Result: winner - (204.178 kph) - margin: 2 lapsGrid: 4th (3:28.4200),winner - (204.178 kph) - margin: 2 lapsGrid: 4th (3:28.4200),finished,4,3M 28.42S,204.178 kph,NA,https://www.racingsportscars.com/tn/photo/1984/TN_Le_Mans-1984-06-17-007.jpg,https://www.racingsportscars.com/photo/1984/Le_Mans-1984-06-17-007.jpg,https://www.racingsportscars.com/make/photo/Porsche.html,https://www.racingsportscars.com/type/photo/Porsche/956.html,https://www.racingsportscars.com/suffix/photo/Porsche/956/B.html,https://www.racingsportscars.com/chassis/photo/956-117.html,1,Porsche 956B #117,Sparky,own,ganador Le Mans 1984; New Man Joest; Pescarolo/Ludwig/Johansson
le_mans,1985,1985-06-16,4,Lancia LC2/85 #0002 (Dallara) - Ferrari 308C V8/90° 4v DOHC 3014 cc 2xKKK,6,C1,Martini-Lancia (I),Closed bodywork,Mid-engined,Bob Wollek (F)/Alessandro Nannini (I)/Lucio Cesario (AUS),MARTINI,white (+blue/red),Michelin,07/12/2005,Serge Cailler,Lancia,LC2,/85,#0002,Result: 6th (14 laps behind the winner)Grid: 3rd (3:15.9500),6th (14 laps behind the winner)Grid: 3rd (3:15.9500),finished,3,3M 15.95S,14 laps behind the winner,NA,https://www.racingsportscars.com/tn/photo/1985/TN_Le_Mans-1985-06-16-004.jpg,https://www.racingsportscars.com/photo/1985/Le_Mans-1985-06-16-004.jpg,https://www.racingsportscars.com/make/photo/Lancia.html,https://www.racingsportscars.com/type/photo/Lancia/LC2.html,https://www.racingsportscars.com/suffix/photo/Lancia/LC2/__85.html,https://www.racingsportscars.com/chassis/photo/LC2-0002.html,6,Lancia LC2/85,Spark,exists_164_no_own,release 2027. 6º Le Mans 1985; mejor resultado del LC2 en Le Mans; Martini-Lancia; Wollek/Nannini/Cesario
le_mans,1985,1985-06-16,5,Lancia LC2/85 #0005 (Dallara) - Ferrari 308C V8/90° 4v DOHC 3014 cc 2xKKK,7,C1,Martini-Lancia (I),Closed bodywork,Mid-engined,"Henri Pescarolo (F)/Mauro Baldi (I)listed, never drove: Lucio Cesario (AUS)",MARTINI,white (+blue/red),Michelin,02/01/2005,Philippe Hubert,Lancia,LC2,/85,#0005,Result: 7th (16 laps behind the winner)Grid: 6th (3:23.4600),7th (16 laps behind the winner)Grid: 6th (3:23.4600),finished,6,3M 23.46S,16 laps behind the winner,NA,https://www.racingsportscars.com/tn/photo/1985/TN_Le_Mans-1985-06-16-005.jpg,https://www.racingsportscars.com/photo/1985/Le_Mans-1985-06-16-005.jpg,https://www.racingsportscars.com/make/photo/Lancia.html,https://www.racingsportscars.com/type/photo/Lancia/LC2.html,https://www.racingsportscars.com/suffix/photo/Lancia/LC2/__85.html,https://www.racingsportscars.com/chassis/photo/LC2-0005.html,7,Lancia LC2/85,Spark,exists_164_no_own,release 2027. 7º Le Mans 1985; clasificó 6º; Martini-Lancia; Pescarolo/Baldi
le_mans,1988,1988-06-12,2,Jaguar XJR-9 LM #TWR-J12C-488 (Advanced) - Jaguar TWR Jaguar V12/Alan Scott V12/60° 2v 6995.3 cc N/A,1,C1,Silk Cut Jaguar (GB),Closed bodywork,Mid-engined,Jan Lammers (NL)/Johnny Dumfries (GB)/Andy Wallace (GB),Silk Cut/Castrol/JAGUAR,white/violet (+yellow),Dunlop,27/11/2015,"Laurent Chauveau Endurance Info, Sonny Jones and Gérard Rouxel",Jaguar,XJR-9,LM,#TWR-J12C-488,Result: winner - (221.765 kph) - margin: 2m36s85Grid: 6th (3:23.7400),winner - (221.765 kph) - margin: 2m36s85Grid: 6th (3:23.7400),finished,6,3M 23.74S,221.765 kph,NA,https://www.racingsportscars.com/tn/photo/1988/TN_Le_Mans-1988-06-12-002.jpg,https://www.racingsportscars.com/photo/1988/Le_Mans-1988-06-12-002.jpg,https://www.racingsportscars.com/make/photo/Jaguar.html,https://www.racingsportscars.com/type/photo/Jaguar/XJR-9.html,https://www.racingsportscars.com/suffix/photo/Jaguar/XJR-9/LM.html,https://www.racingsportscars.com/chassis/photo/TWR-J12C-488.html,1,Jaguar XJR-9 LM #TWR-J12C-488,Kyosho,own,ganador Le Mans 1988; Silk Cut Jaguar; Lammers/Dumfries/Wallace
le_mans,1988,1988-06-12,1,Jaguar XJR-9 LM #TWR-J12C-588 (Advanced) - Jaguar TWR Jaguar V12/Alan Scott V12/60° 2v 6995.3 cc N/A,NA,C1,Silk Cut Jaguar (GB),Closed bodywork,Mid-engined,Martin Brundle (GB)/John Nielsen (DK),Silk Cut/Castrol/JAGUAR,white/violet (+yellow),Dunlop,01/03/2015,Sonny Jones,Jaguar,XJR-9,LM,#TWR-J12C-588,Result: did not finish (Head gasket)Grid: 4th (3:21.7800),did not finish (Head gasket)Grid: 4th (3:21.7800),not_finished,4,3M 21.78S,NA,Head gasket,https://www.racingsportscars.com/tn/photo/1988/TN_Le_Mans-1988-06-12-001.jpg,https://www.racingsportscars.com/photo/1988/Le_Mans-1988-06-12-001.jpg,https://www.racingsportscars.com/make/photo/Jaguar.html,https://www.racingsportscars.com/type/photo/Jaguar/XJR-9.html,https://www.racingsportscars.com/suffix/photo/Jaguar/XJR-9/LM.html,https://www.racingsportscars.com/chassis/photo/TWR-J12C-588.html,NA,Jaguar XJR-9 LM,Kyosho,own,tienes un segundo Jaguar; revisar número en la base: posible #3 #21 o #22
le_mans,1988,1988-06-12,23,Nissan R88C #87G-3 (March-LM) - Nissan VRH30 V8/90° 4v 2996 cc 2xIHI,NA,C1,Nissan Motorsports (J),Closed bodywork,Mid-engined,"Kazuyoshi Hoshino (J)/Takao Wada (J)/Aguri Suzuki (J)listed, never drove: Masahiro Hasemi (J)",calsonic/NISSAN,white/blue (+orange),Bridgestone,12/08/2002,Jean-Pierre Monier,Nissan,R88C,NA,#87G-3,Result: did not finish (Engine)Grid: 15th (3:29.4400),did not finish (Engine)Grid: 15th (3:29.4400),not_finished,15,3M 29.44S,NA,Engine,https://www.racingsportscars.com/tn/photo/1988/TN_Le_Mans-1988-06-12-023.jpg,https://www.racingsportscars.com/photo/1988/Le_Mans-1988-06-12-023.jpg,https://www.racingsportscars.com/make/photo/Nissan.html,https://www.racingsportscars.com/type/photo/Nissan/R88C.html,NA,https://www.racingsportscars.com/chassis/photo/87G-3.html,NA,Nissan R88C,Kyosho,own,Le Mans 1988; Nissan Motorsports; Hoshino/Wada/Aguri Suzuki; DNF por motor; grilla 15º; Calsonic/NISSAN; blanco/azul/naranjo; chasis March-LM #87G-3. Primer bloque fuerte del camino Nissan Grupo C antes del R89C/R90CP.
le_mans,1989,1989-06-11,63,Sauber C9/88 #88-C9-03 - Mercedes M119 V8/90° 4v 4973 cc 2xKKK K27,1,C1,Team Sauber Mercedes (CH/D),Closed bodywork,Mid-engined,Jochen Mass (D)/Manuel Reuter (D)/Stanley Dickens (S),AEG,silver (+black),Michelin,17/04/2003,Jeremy Jackson,Sauber,C9,/88,#88-C9-03,Result: winner - (219.990 kph) - margin: 5 lapsGrid: 11th (3:22.8600) - 12th fastest qualifier,winner - (219.990 kph) - margin: 5 lapsGrid: 11th (3:22.8600) - 12th fastest qualifier,finished,11,3M 22.86S,219.990 kph,NA,https://www.racingsportscars.com/tn/photo/1989/TN_Le_Mans-1989-06-11-063.jpg,https://www.racingsportscars.com/photo/1989/Le_Mans-1989-06-11-063.jpg,https://www.racingsportscars.com/make/photo/Sauber.html,https://www.racingsportscars.com/type/photo/Sauber/C9.html,https://www.racingsportscars.com/suffix/photo/Sauber/C9/__88.html,https://www.racingsportscars.com/chassis/photo/88-C9-03.html,1,Sauber-Mercedes C9/88,Kyosho,exists_164_no_own,ganador Le Mans 1989; Sauber-Mercedes C9/88; Jochen Mass/Manuel Reuter/Stanley Dickens.
le_mans,1989,1989-06-11,61,Sauber C9/88 #88-C9-04 - Mercedes M119 V8/90° 4v 4973 cc 2xKKK K27,2,C1,Team Sauber Mercedes (CH/D),Closed bodywork,Mid-engined,"Mauro Baldi (I)Gianfranco Brancatelli (I)/Kenny Acheson (GB)listed, never drove: Jean-Louis Schlesser (F), Alain Cudini (F), Jean-Pierre Jabouille (F)",AEG/MERCEDES-BENZ,silver (+black),Michelin,17/04/2003,Jeremy Jackson,Sauber,C9,/88,#88-C9-04,Result: 2nd (5 laps behind the winner)Grid: 2nd (3:15.6700) - 3rd fastest qualifier,2nd (5 laps behind the winner)Grid: 2nd (3:15.6700) - 3rd fastest qualifier,finished,2,3M 15.67S,5 laps behind the winner,NA,https://www.racingsportscars.com/tn/photo/1989/TN_Le_Mans-1989-06-11-061.jpg,https://www.racingsportscars.com/photo/1989/Le_Mans-1989-06-11-061.jpg,https://www.racingsportscars.com/make/photo/Sauber.html,https://www.racingsportscars.com/type/photo/Sauber/C9.html,https://www.racingsportscars.com/suffix/photo/Sauber/C9/__88.html,https://www.racingsportscars.com/chassis/photo/88-C9-04.html,2,Sauber-Mercedes C9/88 #88-C9-04,Kyosho,own,2º general Le Mans 1989; Sauber-Mercedes C9/88 #88-C9-04; el ganador fue el #63.
le_mans,1989,1989-06-11,23,Nissan R89C #03 (Lola) - Nissan VRH35Z V8/90° 4v DOHC 3496 cc 2xIHI,NA,C1,Nissan Motorsport (J),Closed bodywork,Mid-engined,"Masahiro Hasemi (J)/Kazuyoshi Hoshino (J)/Toshio Suzuki (J)listed, never drove: Martin Donnelly (GB), Julian Bailey (GB), Mark Blundell (GB)",calsonic/NISSAN,blue/white/red,Dunlop,27/05/2017,Jeremy Jackson and Nissan Motorsport,Nissan,R89C,NA,#03,Result: did not finish (Engine)Grid: 19th (3:26.9500) - 20th fastest qualifier,did not finish (Engine)Grid: 19th (3:26.9500) - 20th fastest qualifier,not_finished,19,3M 26.95S,NA,Engine,https://www.racingsportscars.com/tn/photo/1989/TN_Le_Mans-1989-06-11-023.jpg,https://www.racingsportscars.com/photo/1989/Le_Mans-1989-06-11-023.jpg,https://www.racingsportscars.com/make/photo/Nissan.html,https://www.racingsportscars.com/type/photo/Nissan/R89C.html,NA,https://www.racingsportscars.com/chassis/photo/R89C-03.html,NA,Nissan R89C,Kyosho,own,Le Mans 1989; Nissan Motorsport; Hasemi/Hoshino/Toshio Suzuki; DNF por motor; grilla 19º; R89C Lola #03; VRH35Z V8 twin-turbo; Calsonic/NISSAN. Paso intermedio clave entre el R88C y el R90CP.
le_mans,1990,1990-06-17,23,Nissan R90CP #R89-02 (Lola) - Nissan VRH35Z V8/90° 4v DOHC 3496 cc 2xIHI,5,C1,Nissan Motorsports International (J),Closed bodywork,Mid-engined,Masahiro Hasemi (J)/Kazuyoshi Hoshino (J)/Toshio Suzuki (J),calsonic/NISSAN,blue/white/red,Dunlop,11/04/2010,Serge Cailler and Laurent Chauveau Endurance Info,Nissan,R90CP,NA,#R89-02,Result: 5th (11 laps behind the winner)Grid: 3rd (3:33.1700),5th (11 laps behind the winner)Grid: 3rd (3:33.1700),finished,3,3M 33.17S,11 laps behind the winner,NA,https://www.racingsportscars.com/tn/photo/1990/TN_Le_Mans-1990-06-17-023.jpg,https://www.racingsportscars.com/photo/1990/Le_Mans-1990-06-17-023.jpg,https://www.racingsportscars.com/make/photo/Nissan.html,https://www.racingsportscars.com/type/photo/Nissan/R90CP.html,NA,https://www.racingsportscars.com/chassis/photo/R89C-02.html,5,Nissan R90CP,Kyosho,own,"Le Mans 1990; Nissan Motorsports International; Hasemi/Hoshino/Toshio Suzuki; 5º general; grilla 3º; R90CP Lola #R89-02; Calsonic/NISSAN. De los Nissan Grupo C más fuertes en Sarthe: no ganó, pero sí fue resultado serio y muy coleccionable."
le_mans,1991,1991-06-23,55,Mazda 787B #002 (Advanced) - Mazda R26B Racing 4R 2616 cc Rotary,1,Cat.2,Mazdaspeed (J),Closed bodywork,Mid-engined,"Volker Weidler (D)/Johnny Herbert (GB)/Bertrand Gachot (B)listed, never drove: Stefan Johansson (S)",RENOWN/CHARGE,red/green (+silver),Dunlop,11/05/2014,Laurent Chauveau Endurance Info and Jeremy Jackson,Mazda,787B,NA,#002,Result: winner - (205.333 kph) - margin: 2 lapsGrid: 19th (3:43.5030) - 12th fastest qualifier,winner - (205.333 kph) - margin: 2 lapsGrid: 19th (3:43.5030) - 12th fastest qualifier,finished,19,3M 43.503S,205.333 kph,NA,https://www.racingsportscars.com/tn/photo/1991/TN_Le_Mans-1991-06-23-055.jpg,https://www.racingsportscars.com/photo/1991/Le_Mans-1991-06-23-055.jpg,https://www.racingsportscars.com/make/photo/Mazda.html,https://www.racingsportscars.com/type/photo/Mazda/787B.html,NA,https://www.racingsportscars.com/chassis/photo/787B-002.html,1,Mazda 787B,Kyosho,own,ganador Le Mans 1991
daytona,1992,1992-02-02,23,Nissan R91CP # (Lola) - Nissan VHR35Z V8/90° 4v DOHC 3496 cc Turbo,1,LM,Nissan Motorsport International (J),Closed bodywork,Mid-engined,Masahiro Hasemi (J)/Kazuyoshi Hoshino (J)/Toshio Suzuki (J)DNS: Anders Olofsson (S),NISSAN,blue/white/red,Goodyear,03/08/2025,Fred Lewis and Nissan Motorsport,Nissan,R91CP,NA,#,Result: winner - (181.690 kph) - margin: 9 lapsGrid: 2nd (1:36.4680) - 3rd fastest qualifier,winner - (181.690 kph) - margin: 9 lapsGrid: 2nd (1:36.4680) - 3rd fastest qualifier,finished,2,1M 36.468S,181.690 kph,NA,https://www.racingsportscars.com/tn/photo/1992/TN_Daytona-1992-02-02-023.jpg,https://www.racingsportscars.com/photo/1992/Daytona-1992-02-02-023.jpg,https://www.racingsportscars.com/make/photo/Nissan.html,https://www.racingsportscars.com/type/photo/Nissan/R91CP.html,NA,https://www.racingsportscars.com/chassis/photo/R89C-02.html,1,Nissan R91CP,Kyosho,own,ganador Daytona 24h 1992; Hasemi/Hoshino/Suzuki
le_mans,1994,1994-06-19,36,Dauer 962 LM #GT003 (176) - Porsche 935/82 F6 2994 cc Turbo,1,GT1,Le Mans Porsche Team (D),Closed bodywork,Mid-engined,Mauro Baldi (I)/Yannick Dalmas (F)/Hurley Haywood (USA),FATurbo-EXPRESS,white (+red/black),Goodyear,27/11/2015,Paul Kooyman and Gérard Rouxel,Dauer,962 LM,NA,#GT003 (176),Result: winner - (195.238 kph) - margin: 1 lapGrid: 7th (3:54.8500),winner - (195.238 kph) - margin: 1 lapGrid: 7th (3:54.8500),finished,7,3M 54.85S,195.238 kph,NA,https://www.racingsportscars.com/tn/photo/1994/TN_Le_Mans-1994-06-19-036.jpg,https://www.racingsportscars.com/photo/1994/Le_Mans-1994-06-19-036.jpg,https://www.racingsportscars.com/make/photo/Dauer.html,https://www.racingsportscars.com/type/photo/Dauer/962%20LM.html,NA,https://www.racingsportscars.com/chassis/photo/962-176__GT003.html,1,Dauer 962 LM Porsche,Spark,own,ganador Le Mans 1994; revisar si tu base dice 956/962
le_mans,1994,1994-06-19,75,Nissan 300ZX Turbo (Z32) #007 (Cunningham) - Nissan VRH35 V6 2960 cc Twin-Turbo,5,IMSA GTS,Clayton Cunningham Racing Inc. (USA),Closed bodywork,Front-engined,Steve Millen (NZ)/Johnny O'Connell (USA)/John Morton (USA),NISSAN/YOKOHAMA/Lease Plan,red/blue (+white),Yokohama,01/06/2017,"Gérard Rouxel, Paul Kooyman and Nissan Motorsport",Nissan,300ZX,Turbo (Z32),#007,Result: 5th 1st in IMSA GTS (27 laps behind the winner)Grid: 9th (3:57.0900),5th 1st in IMSA GTS (27 laps behind the winner)Grid: 9th (3:57.0900),finished,9,3M 57.09S,27 laps behind the winner,NA,https://www.racingsportscars.com/tn/photo/1994/TN_Le_Mans-1994-06-19-075.jpg,https://www.racingsportscars.com/photo/1994/Le_Mans-1994-06-19-075.jpg,https://www.racingsportscars.com/make/photo/Nissan.html,https://www.racingsportscars.com/type/photo/Nissan/300ZX.html,https://www.racingsportscars.com/suffix/photo/Nissan/300ZX/Turbo%20(Z32).html,https://www.racingsportscars.com/chassis/photo/Cunningham%20007.html,1,Nissan 300ZX Turbo,Kyosho,own,5º general; 1º IMSA GTS
le_mans,1995,1995-06-18,59,McLaren F1 GTR #01R - BMW S70/3 V12/60° 4v DOHC 6064 cc N/A,1,GT1,Kokusai Aihatsu Racing (GB),Closed bodywork,Mid-engined,"Yannick Dalmas (F)/Masanori Sekiya (J)/J.J. Lehto (FIN)listed, never drove: Ivan Capelli (I), Pierre-Henri Raphanel (F)",Udeno Clinic,black,Michelin,28/11/2002,Jean-Michel Lefebvre,McLaren,F1 GTR,NA,#01R,Result: winner - (168.992 kph) - margin: 1 lapGrid: 9th (3:57.1800),winner - (168.992 kph) - margin: 1 lapGrid: 9th (3:57.1800),finished,9,3M 57.18S,168.992 kph,NA,https://www.racingsportscars.com/tn/photo/1995/TN_Le_Mans-1995-06-18-059.jpg,https://www.racingsportscars.com/photo/1995/Le_Mans-1995-06-18-059.jpg,https://www.racingsportscars.com/make/photo/McLaren.html,https://www.racingsportscars.com/type/photo/McLaren/F1%20GTR.html,NA,https://www.racingsportscars.com/chassis/photo/GTR-01R.html,1,McLaren F1 GTR,Kyosho,own,ganador Le Mans 1995; Kokusai Kaihatsu Racing; Dalmas/Lehto/Sekiya
le_mans,1995,1995-06-18,24,McLaren F1 GTR #02R - BMW S70/3 V12/60° 4v DOHC 6064 cc N/A,4,GT1,Gulf Racing (GB),Closed bodywork,Mid-engined,Mark Blundell (GB)/Ray Bellm (GB)/Maurizio Sandro Sala (BR),Gulf,dark blue/silver (+orange),Michelin,28/11/2002,Jean-Michel Lefebvre,McLaren,F1 GTR,NA,#02R,Result: 4th (7 laps behind the winner)Grid: 11th (3:58.4700),4th (7 laps behind the winner)Grid: 11th (3:58.4700),finished,11,3M 58.47S,7 laps behind the winner,NA,https://www.racingsportscars.com/tn/photo/1995/TN_Le_Mans-1995-06-18-024.jpg,https://www.racingsportscars.com/photo/1995/Le_Mans-1995-06-18-024.jpg,https://www.racingsportscars.com/make/photo/McLaren.html,https://www.racingsportscars.com/type/photo/McLaren/F1%20GTR.html,NA,https://www.racingsportscars.com/chassis/photo/GTR-02R.html,3,McLaren F1 GTR,Kyosho,own,Gulf cola corta; según tu base #24
le_mans,1995,1995-06-18,27,Toyota Supra GT-LM (JZA80) #04 - Toyota 3S-GT L4 2140 cc Twin-Turbo,14,GT1,Sard Co. Ltd. (J),Closed bodywork,Front-engined,Jeff Krosnoff (USA)/Marco Apicella (I)/Mauro Martini (I),Mobil 1/NIPPONDENSO,white/red,Dunlop,09/12/2002,Philippe Moriniere,Toyota,Supra,GT-LM (JZA80),#04,Result: 14th (34 laps behind the winner)Grid: 30th (4:10.3600) - 31st fastest qualifier,14th (34 laps behind the winner)Grid: 30th (4:10.3600) - 31st fastest qualifier,finished,30,4M 10.36S,34 laps behind the winner,NA,https://www.racingsportscars.com/tn/photo/1995/TN_Le_Mans-1995-06-18-027.jpg,https://www.racingsportscars.com/photo/1995/Le_Mans-1995-06-18-027.jpg,https://www.racingsportscars.com/make/photo/Toyota.html,https://www.racingsportscars.com/type/photo/Toyota/Supra.html,https://www.racingsportscars.com/suffix/photo/Toyota/Supra/GT-LM%20(JZA80).html,https://www.racingsportscars.com/chassis/photo/LM-04.html,8,Toyota Supra GT LM,Tarmac Works,own,Le Mans 1995; SARD; 14º general; 8º GT1; Fouché/Hoshino/Sekiya
le_mans,1996,1996-06-16,25,Porsche 911 GT1 #002 - Porsche F6 4v DOHC 3164 cc 2xKKK K27,2,GT1,Porsche AG (D),Closed bodywork,Rear-engined,Hans-Joachim Stuck (D)Bob Wollek (F)/Thierry Boutsen (B),Mobil 1,white (+blue),Michelin,25/04/2006,Paul Kooyman,Porsche,911 GT1,NA,#002,Result: 2nd 1st in GT1 (1 lap behind the winner)Grid: 4th (3:47.1390) - 5th fastest qualifier,2nd 1st in GT1 (1 lap behind the winner)Grid: 4th (3:47.1390) - 5th fastest qualifier,finished,4,3M 47.139S,1 lap behind the winner,NA,https://www.racingsportscars.com/tn/photo/1996/TN_Le_Mans-1996-06-16-025.jpg,https://www.racingsportscars.com/photo/1996/Le_Mans-1996-06-16-025.jpg,https://www.racingsportscars.com/make/photo/Porsche.html,https://www.racingsportscars.com/type/photo/Porsche/911%20GT1.html,NA,https://www.racingsportscars.com/chassis/photo/993-GT1-002.html,1,Porsche 911 GT1,Kyosho,own,2º general; 1º GT1; Stuck/Wollek/Boutsen
le_mans,1996,1996-06-16,39,McLaren F1 GTR #17R - BMW S70/3 V12/60° 4v DOHC 6064 cc N/A,8,GT1,Bigazzi Team SRL (I),Closed bodywork,Mid-engined,"Johnny Cecotto (YV)/Danny Sullivan (USA)/Nelson Piquet (BR)preliminary session only: Steve Soper (GB), Jacques Laffite (F); listed, never drove: Marc Duez (B)",FINA,white/blue (+red),Michelin,25/04/2006,Paul Kooyman,McLaren,F1 GTR,NA,#17R,Result: 8th (30 laps behind the winner)Grid: 12th (3:51.5470) - 15th fastest qualifier,8th (30 laps behind the winner)Grid: 12th (3:51.5470) - 15th fastest qualifier,finished,12,3M 51.547S,30 laps behind the winner,NA,https://www.racingsportscars.com/tn/photo/1996/TN_Le_Mans-1996-06-16-039.jpg,https://www.racingsportscars.com/photo/1996/Le_Mans-1996-06-16-039.jpg,https://www.racingsportscars.com/make/photo/McLaren.html,https://www.racingsportscars.com/type/photo/McLaren/F1%20GTR.html,NA,https://www.racingsportscars.com/chassis/photo/GTR-17R.html,6,McLaren F1 GTR,Kyosho,own,FINA cola corta; 8º general Le Mans 1996; Cecotto/Sullivan/Piquet
le_mans,1997,1997-06-15,41,McLaren F1 GTR 97 #20R - BMW S70/3 V12/60° 4v DOHC 5995 cc N/A,2,GT1,Gulf Team Davidoff McLaren (GB),Closed bodywork,Mid-engined,"Pierre-Henri Raphanel (F)/Jean-Marc Gounon (F)/Anders Olofsson (S)listed, never drove: ""Pierre Gaston"" (F)",Gulf,blue/black/orange,Michelin,02/06/2003,Jeremy Jackson,McLaren,F1 GTR,97,#20R,Result: 2nd 1st in GT1 (1 lap behind the winner)Grid: 25th (3:48.3690) - 19th fastest qualifier,2nd 1st in GT1 (1 lap behind the winner)Grid: 25th (3:48.3690) - 19th fastest qualifier,finished,25,3M 48.369S,1 lap behind the winner,NA,https://www.racingsportscars.com/tn/photo/1997/TN_Le_Mans-1997-06-15-041.jpg,https://www.racingsportscars.com/photo/1997/Le_Mans-1997-06-15-041.jpg,https://www.racingsportscars.com/make/photo/McLaren.html,https://www.racingsportscars.com/type/photo/McLaren/F1%20GTR.html,https://www.racingsportscars.com/suffix/photo/McLaren/F1%20GTR/97.html,https://www.racingsportscars.com/chassis/photo/GTR-20R.html,1,McLaren F1 GTR 97,Kyosho,own,Loctite negro cola larga; revisar número exacto en base
le_mans,1997,1997-06-15,23,Nissan R390 #R2 (Astec-TWR) - Nissan VRH35 V8/90° 4v DOHC 3495 cc Twin-Turbo,12,GT1,Nissan Motorports (J),Closed bodywork,Mid-engined,Kazuyoshi Hoshino (J)/Erik Comas (F)/Masahiko Kageyama (J),calsonic/xanavi,black/red,Bridgestone,01/06/2017,Zdeněk Šimka and Nissan Motorsport,Nissan,R390,NA,#R2,Result: 12th (67 laps behind the winner)Grid: 21st (3:47.7450) - 14th fastest qualifier,12th (67 laps behind the winner)Grid: 21st (3:47.7450) - 14th fastest qualifier,finished,21,3M 47.745S,67 laps behind the winner,NA,https://www.racingsportscars.com/tn/photo/1997/TN_Le_Mans-1997-06-15-023.jpg,https://www.racingsportscars.com/photo/1997/Le_Mans-1997-06-15-023.jpg,https://www.racingsportscars.com/make/photo/Nissan.html,https://www.racingsportscars.com/type/photo/Nissan/R390.html,NA,https://www.racingsportscars.com/chassis/photo/R390-R2.html,5,Nissan R390 GT1 #R2,Kyosho,own,12º general Le Mans 1997; Hoshino/Comas/Kageyama
le_mans,1997,1997-06-15,25,Porsche 911 GT1 Evo #004 - Porsche F6 4v DOHC 3163 cc 2xKKK K27,NA,GT1,Porsche AG (D),Closed bodywork,Rear-engined,Bob Wollek (F)Hans-Joachim Stuck (D)/Thierry Boutsen (B),Mobil 1,white (+blue),Michelin,28/11/2002,Zdeněk Šimka,Porsche,911 GT1,Evo,#004,Result: did not finish (Gearbox)Grid: 2nd (3:43.3630),did not finish (Gearbox)Grid: 2nd (3:43.3630),not_finished,2,3M 43.363S,NA,Gearbox,https://www.racingsportscars.com/tn/photo/1997/TN_Le_Mans-1997-06-15-025.jpg,https://www.racingsportscars.com/photo/1997/Le_Mans-1997-06-15-025.jpg,https://www.racingsportscars.com/make/photo/Porsche.html,https://www.racingsportscars.com/type/photo/Porsche/911%20GT1.html,https://www.racingsportscars.com/suffix/photo/Porsche/911%20GT1/Evo.html,https://www.racingsportscars.com/chassis/photo/993-GT1-004.html,NA,Porsche 911 GT1 Evo #004,Kyosho,own,DNF; Porsche AG; Wollek/Stuck/Boutsen
le_mans,1997,1997-06-15,42,McLaren F1 GTR 97 #24R - BMW S70/3 V12/60° 4v DOHC 5995 cc N/A,NA,GT1,BMW Motorsport (D),Closed bodywork,Mid-engined,J.J. Lehto (FIN)/Steve Soper (GB)/Nelson Piquet (BR),FINA,white (+blue/red),Michelin,02/06/2003,Jeremy Jackson,McLaren,F1 GTR,97,#24R,Result: did not finish (Accident)Grid: 6th (3:45.4020) - 4th fastest qualifier,did not finish (Accident)Grid: 6th (3:45.4020) - 4th fastest qualifier,not_finished,6,3M 45.402S,NA,Accident,https://www.racingsportscars.com/tn/photo/1997/TN_Le_Mans-1997-06-15-042.jpg,https://www.racingsportscars.com/photo/1997/Le_Mans-1997-06-15-042.jpg,https://www.racingsportscars.com/make/photo/McLaren.html,https://www.racingsportscars.com/type/photo/McLaren/F1%20GTR.html,https://www.racingsportscars.com/suffix/photo/McLaren/F1%20GTR/97.html,https://www.racingsportscars.com/chassis/photo/GTR-24R.html,NA,McLaren F1 GTR 97 #24R,Kyosho,exists_164_no_own,FINA cola larga; te falta; DNF Le Mans 1997
le_mans,1998,1998-06-07,26,Porsche 911 GT1-98 #003 - Porsche F6 4v DOHC 3164 cc 2xKKK K27.2,1,GT1,Porsche AG (D),Closed bodywork,Rear-engined,"Allan McNish (GB)/Stéphane Ortelli (MC)/Laurent Aiello (F)preliminary session only: Yannick Dalmas (F); listed, never drove: Pedro Lamy (P), Jörg Müller (D), Uwe Alzen (D), Bob Wollek (F)",Mobil 1/IBM,white (+blue/red/black),Michelin,28/11/2002,Zdeněk Šimka,Porsche,911 GT1-98,NA,#003,Result: winner - (199.324 kph) - margin: 1 lapGrid: 5th (3:38.4070),winner - (199.324 kph) - margin: 1 lapGrid: 5th (3:38.4070),finished,5,3M 38.407S,199.324 kph,NA,https://www.racingsportscars.com/tn/photo/1998/TN_Le_Mans-1998-06-07-026.jpg,https://www.racingsportscars.com/photo/1998/Le_Mans-1998-06-07-026.jpg,https://www.racingsportscars.com/make/photo/Porsche.html,https://www.racingsportscars.com/type/photo/Porsche/911%20GT1-98.html,NA,https://www.racingsportscars.com/chassis/photo/GT1__98-003.html,1,Porsche 911 GT1-98,Kyosho,own,ganador Le Mans 1998; McNish/Ortelli/Aiello
le_mans,1998,1998-06-07,32,Nissan R390 GT1 #R7 (Astec-TWR) - Nissan VRH35L V8/90° 4v DOHC 3495 cc Twin-Turbo,3,GT1,Nissan Motorsport (J),Closed bodywork,Mid-engined,"Kazuyoshi Hoshino (J)/Aguri Suzuki (J)/Masahiko Kageyama (J)listed, never drove: Pedro de la Rosa (E), Satoshi Motoyama (J), Andrea Montermini (I), Jan Lammers (NL), Franck Lagorce (F), Takuya Kurosawa (J)",calsonic/xanavi/NISSAN,blue/light blue (+red),Bridgestone,01/06/2017,Paul Kooyman and Nissan Motorsport,Nissan,R390,GT1,#R7,Result: 3rd (4 laps behind the winner)Grid: 14th (3:42.3970),3rd (4 laps behind the winner)Grid: 14th (3:42.3970),finished,14,3M 42.397S,4 laps behind the winner,NA,https://www.racingsportscars.com/tn/photo/1998/TN_Le_Mans-1998-06-07-032.jpg,https://www.racingsportscars.com/photo/1998/Le_Mans-1998-06-07-032.jpg,https://www.racingsportscars.com/make/photo/Nissan.html,https://www.racingsportscars.com/type/photo/Nissan/R390.html,https://www.racingsportscars.com/suffix/photo/Nissan/R390/GT1.html,https://www.racingsportscars.com/chassis/photo/R390-R7.html,3,Nissan R390 GT1,Kyosho,own,3º general Le Mans 1998; Hoshino/Suzuki/Kageyama
le_mans,1998,1998-06-07,41,McLaren F1 GTR 97 #22R - BMW S70/3 V12/60° 4v DOHC 5995 cc N/A,NA,GT1,Gulf Team Davidoff McLaren (GB),Closed bodywork,Mid-engined,"Emanuele Pirro (I)Thomas Bscher (D)/Rinaldo Capello (I)preliminary session only: Frank Biela (D); listed, never drove: Steve O'Rourke (GB), Tim Sugden (GB)",LOCTITE,black,Goodyear,28/11/2002,Zdeněk Šimka,McLaren,F1 GTR,97,#22R,Result: did not finish (Accident)Grid: 23rd (3:50.5660),did not finish (Accident)Grid: 23rd (3:50.5660),not_finished,23,3M 50.566S,NA,Accident,https://www.racingsportscars.com/tn/photo/1998/TN_Le_Mans-1998-06-07-041.jpg,https://www.racingsportscars.com/photo/1998/Le_Mans-1998-06-07-041.jpg,https://www.racingsportscars.com/make/photo/McLaren.html,https://www.racingsportscars.com/type/photo/McLaren/F1%20GTR.html,https://www.racingsportscars.com/suffix/photo/McLaren/F1%20GTR/97.html,https://www.racingsportscars.com/chassis/photo/GTR-22R.html,NA,McLaren F1 GTR Longtail,Kyosho,own,Loctite negro cola larga
le_mans,1998,1998-06-07,60,Porsche 993 GT2 R #WP0ZZZ99ZTS394074 - Porsche Typ M64/81 F6 2v DOHC 3600 cc Turbo,NA,GT2,Ets Chéreau (F),Closed bodywork,Rear-engined,"Jean-Pierre Jarier (F)/Carl Rosenblad (S)/Robin Donovan (GB)preliminary session only: Jean-Luc Chéreau (F), Pierre Yver (F)",PlayStation/FAT/Aprimatic,black,Michelin,25/04/2006,Paul Kooyman,Porsche,993 GT2,R,#WP0ZZZ99ZTS394074,Result: did not finish (Suspension)Grid: 32nd (4:05.0100),did not finish (Suspension)Grid: 32nd (4:05.0100),not_finished,32,4M 5.01S,NA,Suspension,https://www.racingsportscars.com/tn/photo/1998/TN_Le_Mans-1998-06-07-060.jpg,https://www.racingsportscars.com/photo/1998/Le_Mans-1998-06-07-060.jpg,https://www.racingsportscars.com/make/photo/Porsche.html,https://www.racingsportscars.com/type/photo/Porsche/993%20GT2.html,https://www.racingsportscars.com/suffix/photo/Porsche/993%20GT2/R.html,https://www.racingsportscars.com/chassis/photo/WP0ZZZ99ZTS394074.html,NA,Porsche 911 GT2,Schuco,own,PlayStation; 18º general Le Mans 1998; Larbre Compétition
le_mans,1999,1999-06-13,15,BMW V12 LMR #003/99 (Williams-G Force) - BMW V12/60° 5990.5 cc N/A,1,LMP,Team BMW Motorsport (D),Open bodywork,Mid-engined,"Pierluigi Martini (I)/Yannick Dalmas (F)/Joachim Winkelhock (D)listed, never drove: Hans-Joachim Stuck (D)",DELL,white (+black),Michelin,25/04/2006,Paul Kooyman,BMW,V12 LMR,NA,#003/99,Result: winner - (207.000 kph) - margin: 1 lapGrid: 6th (3:33.9310),winner - (207.000 kph) - margin: 1 lapGrid: 6th (3:33.9310),finished,6,3M 33.931S,207.000 kph,NA,https://www.racingsportscars.com/tn/photo/1999/TN_Le_Mans-1999-06-13-015.jpg,https://www.racingsportscars.com/photo/1999/Le_Mans-1999-06-13-015.jpg,https://www.racingsportscars.com/make/photo/BMW.html,https://www.racingsportscars.com/type/photo/BMW/V12%20LMR.html,NA,https://www.racingsportscars.com/chassis/photo/V12LMR-003__99.html,1,BMW V12 LMR #003/99,Kyosho,own,ganador Le Mans 1999; Martini/Dalmas/Winkelhock
le_mans,1999,1999-06-13,17,BMW V12 LMR #002/99 (Williams-G Force) - BMW V12/60° 5990.5 cc N/A,NA,LMP,Team BMW Motorsport (D),Open bodywork,Mid-engined,"/Tom Kristensen (DK)/J.J. Lehto (FIN)/Jörg Müller (D)listed, never drove: Yannick Dalmas (F)",DELL,white (+black),Michelin,12/08/2002,Jean-Michel Lefebvre,BMW,V12 LMR,NA,#002/99,Result: did not finish (Accident)Grid: 3rd (3:31.2090),did not finish (Accident)Grid: 3rd (3:31.2090),not_finished,3,3M 31.209S,NA,Accident,https://www.racingsportscars.com/tn/photo/1999/TN_Le_Mans-1999-06-13-017.jpg,https://www.racingsportscars.com/photo/1999/Le_Mans-1999-06-13-017.jpg,https://www.racingsportscars.com/make/photo/BMW.html,https://www.racingsportscars.com/type/photo/BMW/V12%20LMR.html,NA,https://www.racingsportscars.com/chassis/photo/V12LMR-002__99.html,NA,BMW V12 LMR #002/99,Kyosho,own,asumo que es el segundo BMW blanco; DNF Le Mans 1999; Kristensen/Lehto/Müller
le_mans,2002,2002-06-16,63,Chevrolet Corvette C5-R #003 (Pratt & Miller) - Chevrolet LS1 V8/90° 2v OHV 6991 cc N/A,11,GTS,Corvette Racing Garry Pratt (USA),Closed bodywork,Front-engined,Ron Fellows (CDN)/Johnny O'Connell (USA)/Oliver Gavin (GB),AC Delco/GMAC/AER,yellow,Goodyear,01/01/2023,"GM Racing, Jerome Mugnier and Jean-Michel Lefebvre",Chevrolet,Corvette C5,-R,#003,Result: 11th 1st in GTS (40 laps behind the winner)Grid: 29th (3:54.9030),11th 1st in GTS (40 laps behind the winner)Grid: 29th (3:54.9030),finished,29,3M 54.903S,40 laps behind the winner,NA,https://www.racingsportscars.com/tn/photo/2002/TN_Le_Mans-2002-06-16-063.jpg,https://www.racingsportscars.com/photo/2002/Le_Mans-2002-06-16-063.jpg,https://www.racingsportscars.com/make/photo/Chevrolet.html,https://www.racingsportscars.com/type/photo/Chevrolet/Corvette%20C5.html,https://www.racingsportscars.com/suffix/photo/Chevrolet/Corvette%20C5/-R.html,https://www.racingsportscars.com/chassis/photo/C5R-003.html,1,Chevrolet Corvette C5-R,Kyosho,exists_164_no_own,ganador GTS
le_mans,2002,2002-06-16,64,Chevrolet Corvette C5-R #004 (Pratt & Miller) - Chevrolet LS1 V8/90° 2v OHV 6991 cc N/A,13,GTS,Corvette Racing Garry Pratt (USA),Closed bodywork,Front-engined,/Kelly Collins (USA)/Andy Pilgrim (USA)/Franck Fréon (F),AC Delco/GMAC/AER,yellow,Goodyear,01/01/2023,"GM Racing, Jerome Mugnier and Jean-Michel Lefebvre",Chevrolet,Corvette C5,-R,#004,Result: 13th (44 laps behind the winner)Grid: 32nd (3:57.9720),13th (44 laps behind the winner)Grid: 32nd (3:57.9720),finished,32,3M 57.972S,44 laps behind the winner,NA,https://www.racingsportscars.com/tn/photo/2002/TN_Le_Mans-2002-06-16-064.jpg,https://www.racingsportscars.com/photo/2002/Le_Mans-2002-06-16-064.jpg,https://www.racingsportscars.com/make/photo/Chevrolet.html,https://www.racingsportscars.com/type/photo/Chevrolet/Corvette%20C5.html,https://www.racingsportscars.com/suffix/photo/Chevrolet/Corvette%20C5/-R.html,https://www.racingsportscars.com/chassis/photo/C5R-004.html,2,Chevrolet Corvette C5-R,Kyosho,exists_164_no_own,2º GTS
le_mans,2007,2007-06-17,9,Aston Martin DBR9 #10 (Prodrive) - Aston Martin DBR9 V12/60° 4v 4xOHC 5993 cc N/A,5,GT1,Aston Martin Racing (GB),Closed bodywork,Front-engined,/Darren Turner (GB)/David Brabham (AUS)/Rickard Rydell (S),NA,NA,Michelin,18/09/2020,Julian Roberts,Aston Martin,DBR9,NA,#10,Result: 5th 1st in GT1 (26 laps behind the winner)Grid: 27th (3:52.4710),5th 1st in GT1 (26 laps behind the winner)Grid: 27th (3:52.4710),finished,27,3M 52.471S,26 laps behind the winner,NA,https://www.racingsportscars.com/tn/photo/2007/TN_Le_Mans-2007-06-17-00009.jpg,https://www.racingsportscars.com/photo/2007/Le_Mans-2007-06-17-00009.jpg,https://www.racingsportscars.com/make/photo/Aston%20Martin.html,https://www.racingsportscars.com/type/photo/Aston%20Martin/DBR9.html,NA,https://www.racingsportscars.com/chassis/photo/DBR9__10.html,1,Aston Martin DBR9,Kyosho,exists_164_no_own,"Le Mans 2007; Aston Martin Racing DBR9 #009; Brabham/Turner/Rydell; 5º general y 1º en GT1. Revisar detalle exacto de color en la miniatura, pero históricamente es el DBR9 clave de 2007."
le_mans,2007,2007-06-17,63,Chevrolet Corvette C6 .R Z06 #005 (Pratt & Miller) - Chevrolet LS7.R V8/90° 2v OHV 6993 cc N/A,6,GT1,Corvette Racing (USA),Closed bodywork,Front-engined,Jan Magnussen (DK)/Johnny O'Connell (USA)/Ron Fellows (CDN),NA,NA,Michelin,18/09/2020,Julian Roberts,Chevrolet,Corvette C6,.R Z06,#005,Result: 6th (27 laps behind the winner)Grid: 29th (3:52.6570),6th (27 laps behind the winner)Grid: 29th (3:52.6570),finished,29,3M 52.657S,27 laps behind the winner,NA,https://www.racingsportscars.com/tn/photo/2007/TN_Le_Mans-2007-06-17-063.jpg,https://www.racingsportscars.com/photo/2007/Le_Mans-2007-06-17-063.jpg,https://www.racingsportscars.com/make/photo/Chevrolet.html,https://www.racingsportscars.com/type/photo/Chevrolet/Corvette%20C6.html,https://www.racingsportscars.com/suffix/photo/Chevrolet/Corvette%20C6/.R%20Z06.html,https://www.racingsportscars.com/chassis/photo/C6R-005.html,2,Chevrolet Corvette C6-R,Kyosho,own,6º general - 2º GT1
le_mans,2007,2007-06-17,8,Aston Martin DBR9 #3 (Prodrive) - Aston Martin DBR9 V12/60° 4v 4xOHC 5993 cc N/A,7,GT1,AMR Larbre Competition (F),Closed bodywork,Front-engined,Christophe Bouchut (F)/Casper Elgaard (DK)/Fabrizio Gollin (I),INTERCONTINENTAL,green (+white/black/blue),Michelin,18/09/2020,Julian Roberts,Aston Martin,DBR9,NA,#3,Result: 7th (28 laps behind the winner)Grid: 23rd (3:50.7610),7th (28 laps behind the winner)Grid: 23rd (3:50.7610),finished,23,3M 50.761S,28 laps behind the winner,NA,https://www.racingsportscars.com/tn/photo/2007/TN_Le_Mans-2007-06-17-00008.jpg,https://www.racingsportscars.com/photo/2007/Le_Mans-2007-06-17-00008.jpg,https://www.racingsportscars.com/make/photo/Aston%20Martin.html,https://www.racingsportscars.com/type/photo/Aston%20Martin/DBR9.html,NA,https://www.racingsportscars.com/chassis/photo/DBR9__3.html,3,Aston Martin DBR9,Kyosho,exists_164_no_own,"Le Mans 2007; AMR Larbre Competition DBR9 #008; Bouchut/Elgaard/Gollin; 7º general; verde con detalle azul/celeste. Variante interesante porque no es el auto ganador, pero sí terminó mejor que varios GT1 oficiales."
le_mans,2007,2007-06-17,7,Aston Martin DBR9 #7 (Prodrive) - Aston Martin DBR9 V12/60° 4v 4xOHC 5993 cc N/A,9,GT1,Aston Martin Racing (GB),Closed bodywork,Front-engined,Peter Kox (NL)/Tomáš Enge (CZ)/Johnny Herbert (GB),INTERCONTINENTAL,green (+white/red/black),Michelin,18/09/2020,Julian Roberts,Aston Martin,DBR9,NA,#7,Result: 9th (32 laps behind the winner)Grid: 34th (3:55.7140),9th (32 laps behind the winner)Grid: 34th (3:55.7140),finished,34,3M 55.714S,32 laps behind the winner,NA,https://www.racingsportscars.com/tn/photo/2007/TN_Le_Mans-2007-06-17-00007.jpg,https://www.racingsportscars.com/photo/2007/Le_Mans-2007-06-17-00007.jpg,https://www.racingsportscars.com/make/photo/Aston%20Martin.html,https://www.racingsportscars.com/type/photo/Aston%20Martin/DBR9.html,NA,https://www.racingsportscars.com/chassis/photo/DBR9__7.html,4,Aston Martin DBR9,Kyosho,own,Le Mans 2007; Aston Martin Racing DBR9 #007; Kox/Enge/Herbert; 9º general; verde con detalle rojo/negro/blanco. Buen DBR9 oficial de la etapa GT1 contra Corvette.
le_mans,2007,2007-06-17,64,Chevrolet Corvette C6 .R Z06 #006 (Pratt & Miller) - Chevrolet LS7.R V8/90° 2v OHV 6993 cc N/A,NA,GT1,Corvette Racing (USA),Closed bodywork,Front-engined,Oliver Gavin (GB)/Olivier Beretta (MC)/Max Papis (I),NA,NA,Michelin,18/09/2020,Julian Roberts,Chevrolet,Corvette C6,.R Z06,#006,Result: did not finish (Propshaft)Grid: 26th (3:52.1300),did not finish (Propshaft)Grid: 26th (3:52.1300),not_finished,26,3M 52.13S,NA,Propshaft,https://www.racingsportscars.com/tn/photo/2007/TN_Le_Mans-2007-06-17-064.jpg,https://www.racingsportscars.com/photo/2007/Le_Mans-2007-06-17-064.jpg,https://www.racingsportscars.com/make/photo/Chevrolet.html,https://www.racingsportscars.com/type/photo/Chevrolet/Corvette%20C6.html,https://www.racingsportscars.com/suffix/photo/Chevrolet/Corvette%20C6/.R%20Z06.html,https://www.racingsportscars.com/chassis/photo/C6R-006.html,NA,Chevrolet Corvette C6-R,Kyosho,own,"Le Mans 2007; Corvette Racing; Gavin/Beretta/Papis; DNF por propshaft/cardán; grilla 26º; C6.R #006. Complementa al #63: mismo equipo oficial, pero el #63 fue el que terminó 6º general."
le_mans,2008,2008-06-15,9,Aston Martin DBR9 #8 (Prodrive) - Aston Martin DBR9 V12/60° 4v 4xOHC 5993 cc N/A,13,GT1,Aston Martin Racing (GB),Closed bodywork,Front-engined,/Antonio Garcia (E)/David Brabham (AUS)/Darren Turner (GB),Gulf/INTERCONTINENTAL,light blue (+orange/black/lime geren),Michelin,24/06/2008,RSC,Aston Martin,DBR9,NA,#8,Result: 13th 1st in GT1 (37 laps behind the winner)Grid: 36th (3:48.9940),13th 1st in GT1 (37 laps behind the winner)Grid: 36th (3:48.9940),finished,36,3M 48.994S,37 laps behind the winner,NA,https://www.racingsportscars.com/tn/photo/2008/TN_Le_Mans-2008-06-15-00009.jpg,https://www.racingsportscars.com/photo/2008/Le_Mans-2008-06-15-00009.jpg,https://www.racingsportscars.com/make/photo/Aston%20Martin.html,https://www.racingsportscars.com/type/photo/Aston%20Martin/DBR9.html,NA,https://www.racingsportscars.com/chassis/photo/DBR9__8.html,1,Aston Martin DBR9,Kyosho,own,Le Mans 2008; Aston Martin Racing DBR9 #009/#8; Garcia/Brabham/Turner; 13º general y 1º GT1; Gulf; azul claro/naranjo con acento lime/verde. Última gran victoria GT1 del DBR9 en Le Mans.
le_mans,2009,2009-06-14,7,Lola Aston Martin DBR1-2 #B0960-HU02 (DBR1-2/1) - Aston Martin DBR9 V12 5993 cc N/A,4,LMP1,AMR Eastern Europe (CZ),Closed bodywork,Mid-engined,/Tomáš Enge (CZ)/Stefan Mücke (D)/Jan Charouz (CZ),Gulf/ASTON MARTIN RACING,light blue/orange (+dark blue/black),Michelin,18/09/2020,Dominique Gasnerie and Phil Boulton,Lola,Aston Martin DBR1-2,NA,#B0960-HU02 (DBR1-2/1),Result: 4th (9 laps behind the winner)Grid: 8th (3:27.1800),4th (9 laps behind the winner)Grid: 8th (3:27.1800),finished,8,3M 27.18S,9 laps behind the winner,NA,https://www.racingsportscars.com/tn/photo/2009/TN_Le_Mans-2009-06-14-00007.jpg,https://www.racingsportscars.com/photo/2009/Le_Mans-2009-06-14-00007.jpg,https://www.racingsportscars.com/make/photo/Lola.html,https://www.racingsportscars.com/type/photo/Lola/Aston%20Martin%20DBR1-2.html,NA,https://www.racingsportscars.com/chassis/photo/B0960-HU02.html,4,Lola Aston Martin DBR1-2 LMP1,Kyosho,own,Le Mans 2009; Lola Aston Martin DBR1-2 #007; AMR Eastern Europe; Enge/Mücke/Charouz; 4º general; Gulf/Aston Martin Racing. El mejor Aston-Lola en meta y uno de los LMP1 privados más bonitos de la era diésel.
nurburgring,2012,2012-05-20,165,Toyota 86 - Toyota,65,SP3,Gazoo Racing,-,-,Yoshinobu Katsumata (J)/Masahiko Kageyama (J)/Kumi Sato (J)/Minoru Takaki (J),NA,NA,NA,27/06/2019,Thomas Morper,Toyota,86,NA,NA,Result: 65th (30 laps behind the winner)Grid: 137th (10:29.8320) - 139th fastest qualifier,65th (30 laps behind the winner)Grid: 137th (10:29.8320) - 139th fastest qualifier,finished,137,10M 29.832S,30 laps behind the winner,NA,https://www.racingsportscars.com/tn/photo/2012/TN_Nurburgring-2012-05-20-165.jpg,https://www.racingsportscars.com/photo/2012/Nurburgring-2012-05-20-165.jpg,https://www.racingsportscars.com/make/photo/Toyota.html,https://www.racingsportscars.com/type/photo/Toyota/86.html,NA,NA,6,Toyota 86,Kyosho,own,1º SP3 Nürburgring 24h 2012
nurburgring,2018,2018-05-13,44,Porsche 991 GT3 R - Porsche F6 4v DOHC 3996 cc N/A,9,SP9,Falken Motorsports,Closed bodywork,Rear-engined,Klaus Bachler (A)/Sven Müller (D)/Martin Ragginger (A)/Dirk Werner (D),NA,NA,NA,22/02/2019,Thomas Morper,Porsche,991 GT3 R,NA,NA,Result: 9th (3 laps behind the winner)Grid: 2nd (8:09.5220),9th (3 laps behind the winner)Grid: 2nd (8:09.5220),finished,2,8M 9.522S,3 laps behind the winner,NA,https://www.racingsportscars.com/tn/photo/2018/TN_Nurburgring-2018-05-13-044.jpg,https://www.racingsportscars.com/photo/2018/Nurburgring-2018-05-13-044.jpg,https://www.racingsportscars.com/make/photo/Porsche.html,https://www.racingsportscars.com/type/photo/Porsche/991%20GT3%20R.html,NA,NA,8,Porsche 991 GT3 R,Tarmac Works,own,Falken Motorsports; Nürburgring 24h 2018; Bachler/Bergmeister/Ragginger/Werner; revisar resultado exacto contra RSC antes de cerrar.
nurburgring,2019,2019-06-23,45,Nissan GT-R Nismo GT3 # - Nissan VR38DETT V6/60° 4v DOHC 3799 cc Twin-Turbo,9,SP9,Kondo Racing,Closed bodywork,Front-engined,Tom Coronel (NL)/Mitsunori Takaboshi (J)/Tomonobu Fujii (J)/Tsugio Matsuda (J),NA,NA,NA,14/07/2019,Thomas Morper,Nissan,GT-R,Nismo GT3,#,Result: 9th (3 laps behind the winner)Grid: 25th (8:19.7590),9th (3 laps behind the winner)Grid: 25th (8:19.7590),finished,25,8M 19.759S,3 laps behind the winner,NA,https://www.racingsportscars.com/tn/photo/2019/TN_Nurburgring-2019-06-23-045.jpg,https://www.racingsportscars.com/photo/2019/Nurburgring-2019-06-23-045.jpg,https://www.racingsportscars.com/make/photo/Nissan.html,https://www.racingsportscars.com/type/photo/Nissan/GT-R.html,https://www.racingsportscars.com/suffix/photo/Nissan/GT-R/Nismo%20GT3.html,https://www.racingsportscars.com/chassis/photo/R35GT3-Kondo%23.html,8,Nissan GT-R Nismo GT3,Tarmac Works,own,Nürburgring 24h 2019; Kondo Racing; Tom Coronel/Takaboshi/Fujii/Tsugio Matsuda; 9º general; grilla 25º; SP9; Nissan GT-R Nismo GT3 con VR38DETT 3.8 V6 twin-turbo. Buen resultado para GT-R en el Nordschleife moderno.
