year,number,car_title,result,group,entrant,bodywork,engine,drivers,sponsor,colour,tyre,updated,contributor,make,model,chassis,suffix,result_raw,result_txt,result_status,grid,grid_time,finish_gap,dnf_reason,thumb_url,photo_url,make_url,model_url,chassis_url,suffix_url
2025,7,Porsche 963 #127 (Multimatic) - Porsche 9RD V8/90° 4v DOHC 4593 cc Twin-Turbo Hybrid,1,GTP,Porsche Penske Motorsport (D),Closed bodywork,Mid-engined,Felipe Nasr (BR)/Nick Tandy (GB)/Laurens Vanthoor (B),NA,NA,Michelin,NA,NA,Porsche,963,#127,NA,Result: winner - (186.185 kph) - margin: 1s335Grid: 3rd (1:34.2800),winner - (186.185 kph) - margin: 1s335Grid: 3rd (1:34.2800),finished,3,1:34.2800,186.185 kph,NA,https://www.racingsportscars.com/images/car_no_photo.png,https://www.racingsportscars.com/about.html#contrib,https://www.racingsportscars.com/make/photo/Porsche.html,https://www.racingsportscars.com/type/photo/Porsche/963.html,https://www.racingsportscars.com/chassis/photo/963_127.html,NA
2025,60,Acura ARX-06 # (Oreca) - Acura AR24e V6/90° 4v DOHC 2400 cc Twin-Turbo Hybrid,2,GTP,Acura Meyer Shank Racing w/Curb Agajanian (USA),Closed bodywork,Mid-engined,Tom Blomqvist (GB)/Colin Braun (USA)/Scott Dixon (NZ)/Felix Rosenqvist (S),NA,NA,Michelin,NA,NA,Acura,ARX-06,#,NA,Result: 2nd (1s335 behind the winner)Grid: 6th (1:34.4320),2nd (1s335 behind the winner)Grid: 6th (1:34.4320),finished,6,1:34.4320,1s335 behind the winner,NA,https://www.racingsportscars.com/images/car_no_photo.png,https://www.racingsportscars.com/about.html#contrib,https://www.racingsportscars.com/make/photo/Acura.html,https://www.racingsportscars.com/type/photo/Acura/ARX-06.html,https://www.racingsportscars.com/chassis/photo/ARX-06__13.html,NA
2025,6,Porsche 963 #113 (Multimatic) - Porsche 9RD V8/90° 4v DOHC 4593 cc Twin-Turbo Hybrid,3,GTP,Porsche Penske Motorsport (D),Closed bodywork,Mid-engined,Mathieu Jaminet (F)/Matt Campbell (AUS)/Kevin Estre (F),PORSCHE 963/PENSKE/Ansys/TAG HEUER/HELLER,red/white (+black),Michelin,NA,NA,Porsche,963,#113,NA,Result: 3rd (4s423 behind the winner)Grid: 10th (1:36.5760),3rd (4s423 behind the winner)Grid: 10th (1:36.5760),finished,10,1:36.5760,4s423 behind the winner,NA,https://www.racingsportscars.com/images/car_no_photo.png,https://www.racingsportscars.com/about.html#contrib,https://www.racingsportscars.com/make/photo/Porsche.html,https://www.racingsportscars.com/type/photo/Porsche/963.html,https://www.racingsportscars.com/chassis/photo/963_113.html,NA
2025,24,BMW M Hybrid V8 # (Dallara) - BMW P66/3 V8/90° 4v DOHC 3999 cc Twin-Turbo Hybrid,4,GTP,BMW M Team RLL (USA),Closed bodywork,Mid-engined,Philipp Eng (A)/Dries Vanthoor (B)/Raffaele Marciello (I)/Kevin Magnussen (DK),NA,NA,Michelin,NA,NA,BMW,M Hybrid V8,#,NA,Result: 4th (1 lap behind the winner)Grid: 1st (1:33.8950),4th (1 lap behind the winner)Grid: 1st (1:33.8950),finished,1,1:33.8950,1 lap behind the winner,NA,https://www.racingsportscars.com/images/car_no_photo.png,https://www.racingsportscars.com/about.html#contrib,https://www.racingsportscars.com/make/photo/BMW.html,https://www.racingsportscars.com/type/photo/BMW/M%20Hybrid%20V8.html,https://www.racingsportscars.com/chassis/photo/P22B%20010.html,NA
2025,10,Cadillac V-Series.R #P222 016 (Dallara) - Cadillac LMC55R V8/90° 4v DOHC 5500 cc Hybrid,5,GTP,Cadillac Wayne Taylor Racing (USA),Closed bodywork,Mid-engined,Ricky Taylor (USA)/Filipe Albuquerque (P)/Will Stevens (GB)/Brendon Hartley (NZ),NA,NA,Michelin,NA,NA,Cadillac,V-Series.R,#P222 016,NA,Result: 5th (1 lap behind the winner)Grid: 7th (1:34.9330),5th (1 lap behind the winner)Grid: 7th (1:34.9330),finished,7,1:34.9330,1 lap behind the winner,NA,https://www.racingsportscars.com/images/car_no_photo.png,https://www.racingsportscars.com/about.html#contrib,https://www.racingsportscars.com/make/photo/Cadillac.html,https://www.racingsportscars.com/type/photo/Cadillac/V-Series.R.html,https://www.racingsportscars.com/chassis/photo/P222%20016.html,NA
2025,85,Porsche 963 #112 (Multimatic) - Porsche 9RD V8/90° 4v DOHC 4593 cc Twin-Turbo Hybrid,6,GTP,JDC Miller MotorSports (USA),Closed bodywork,Mid-engined,Tijmen van der Helm (NL)/Gianmaria Bruni (I)/Pascal Wehrlein (D)/Bryce Aron (USA),NA,NA,Michelin,NA,NA,Porsche,963,#112,NA,Result: 6th (1 lap behind the winner)Grid: 5th (1:34.3740),6th (1 lap behind the winner)Grid: 5th (1:34.3740),finished,5,1:34.3740,1 lap behind the winner,NA,https://www.racingsportscars.com/images/car_no_photo.png,https://www.racingsportscars.com/about.html#contrib,https://www.racingsportscars.com/make/photo/Porsche.html,https://www.racingsportscars.com/type/photo/Porsche/963.html,https://www.racingsportscars.com/chassis/photo/963_112.html,NA
2025,25,BMW M Hybrid V8 (Dallara) - BMW P66/3 V8/90° 4v DOHC 3999 cc Twin-Turbo Hybrid,7,GTP,BMW M Team RLL (USA),Closed bodywork,Mid-engined,Marco Wittmann (D)/Sheldon van der Linde (ZA)/Robin Frijns (NL)/René Rast (D),NA,NA,Michelin,NA,NA,BMW,M Hybrid V8,NA,NA,Result: 7th (4 laps behind the winner)Grid: 12th (no time) - 61st fastest qualifier,7th (4 laps behind the winner)Grid: 12th (no time) - 61st fastest qualifier,finished,12,no time,4 laps behind the winner,NA,https://www.racingsportscars.com/images/car_no_photo.png,https://www.racingsportscars.com/about.html#contrib,https://www.racingsportscars.com/make/photo/BMW.html,https://www.racingsportscars.com/type/photo/BMW/M%20Hybrid%20V8.html,NA,NA
2025,22,Oreca 07 - Gibson GK428/Gibson Technology V8/90° 4v DOHC 4200 cc N/A,8,LMP2,United Autosports USA (USA),Closed bodywork,Mid-engined,Dan Goldburg (USA)/Paul di Resta (GB)/James Allen (AUS)/Rasmus Lindh (S),NA,NA,Michelin,NA,NA,Oreca,07,NA,NA,Result: 8th 1st in LMP2 (16 laps behind the winner)Grid: 13th (1:38.6760) - 11th fastest qualifier,8th 1st in LMP2 (16 laps behind the winner)Grid: 13th (1:38.6760) - 11th fastest qualifier,finished,13,1:38.6760,16 laps behind the winner,NA,https://www.racingsportscars.com/images/car_no_photo.png,https://www.racingsportscars.com/about.html#contrib,https://www.racingsportscars.com/make/photo/Oreca.html,https://www.racingsportscars.com/type/photo/Oreca/07.html,NA,NA
2025,74,Oreca 07 # - Gibson GK428/Gibson Technology V8/90° 4v DOHC 4200 cc N/A,9,LMP2,Riley (USA),Closed bodywork,Mid-engined,Gar Robinson (USA)/Josh Burdon (AUS)/Felipe Fraga (BR)/Felipe Massa (BR),NA,NA,Michelin,NA,NA,Oreca,07,#,NA,Result: 9th (16 laps behind the winner)Grid: 20th (1:39.7680) - 18th fastest qualifier,9th (16 laps behind the winner)Grid: 20th (1:39.7680) - 18th fastest qualifier,finished,20,1:39.7680,16 laps behind the winner,NA,https://www.racingsportscars.com/images/car_no_photo.png,https://www.racingsportscars.com/about.html#contrib,https://www.racingsportscars.com/make/photo/Oreca.html,https://www.racingsportscars.com/type/photo/Oreca/07.html,https://www.racingsportscars.com/chassis/photo/07-LMP2-Riley%23.html,NA
2025,52,Oreca 07 # - Gibson GK428/Gibson Technology V8/90° 4v DOHC 4200 cc N/A,10,LMP2,PR1 Mathiasen Motorsports (USA),Closed bodywork,Mid-engined,Rodrigo Sales (USA)/Ben Keating (USA)/Mathias Beche (CH)/Benjamin Pedersen (DK),NA,NA,Michelin,NA,NA,Oreca,07,#,NA,Result: 10th (17 laps behind the winner)Grid: 14th (1:39.0000) - 12th fastest qualifier,10th (17 laps behind the winner)Grid: 14th (1:39.0000) - 12th fastest qualifier,finished,14,1:39.0000,17 laps behind the winner,NA,https://www.racingsportscars.com/images/car_no_photo.png,https://www.racingsportscars.com/about.html#contrib,https://www.racingsportscars.com/make/photo/Oreca.html,https://www.racingsportscars.com/type/photo/Oreca/07.html,https://www.racingsportscars.com/chassis/photo/07-LMP2-46%23.html,NA
2025,18,Oreca 07 # - Gibson GK428/Gibson Technology V8/90° 4v DOHC 4200 cc N/A,11,LMP2,Era Motorsport (USA),Closed bodywork,Mid-engined,Tobi Lütke (CDN)/Paul-Loup Chatin (F)/David Heinemeier Hansson (DK)/Ryan Dalziel (GB),NA,NA,Michelin,NA,NA,Oreca,07,#,NA,Result: 11th (17 laps behind the winner)Grid: 23rd (1:41.1580) - 21st fastest qualifier,11th (17 laps behind the winner)Grid: 23rd (1:41.1580) - 21st fastest qualifier,finished,23,1:41.1580,17 laps behind the winner,NA,https://www.racingsportscars.com/images/car_no_photo.png,https://www.racingsportscars.com/about.html#contrib,https://www.racingsportscars.com/make/photo/Oreca.html,https://www.racingsportscars.com/type/photo/Oreca/07.html,https://www.racingsportscars.com/chassis/photo/07-LMP2-108.html,NA
2025,99,Oreca 07 # - Gibson GK428/Gibson Technology V8/90° 4v DOHC 4200 cc N/A,12,LMP2,AO Racing (USA),Closed bodywork,Mid-engined,P. J. Hyett (USA)/Dane Cameron (USA)/Jonny Edgar (GB)/Christian Rasmussen (DK),NA,NA,Michelin,NA,NA,Oreca,07,#,NA,Result: 12th (24 laps behind the winner)Grid: 18th (1:39.6000) - 16th fastest qualifier,12th (24 laps behind the winner)Grid: 18th (1:39.6000) - 16th fastest qualifier,finished,18,1:39.6000,24 laps behind the winner,NA,https://www.racingsportscars.com/images/car_no_photo.png,https://www.racingsportscars.com/about.html#contrib,https://www.racingsportscars.com/make/photo/Oreca.html,https://www.racingsportscars.com/type/photo/Oreca/07.html,https://www.racingsportscars.com/chassis/photo/07-LMP2-125.html,NA
2025,4,Oreca 07 # - Gibson GK428/Gibson Technology V8/90° 4v DOHC 4200 cc N/A,13,LMP2,Crowdstrike Racing by APR (P),Closed bodywork,Mid-engined,George Kurtz (USA)/Malthe Jakobsen (DK)/Toby Sowery (GB)/Colton Herta (USA),NA,NA,Michelin,NA,NA,Oreca,07,#,NA,Result: 13th (26 laps behind the winner)Grid: 21st (1:39.8680) - 19th fastest qualifier,13th (26 laps behind the winner)Grid: 21st (1:39.8680) - 19th fastest qualifier,finished,21,1:39.8680,26 laps behind the winner,NA,https://www.racingsportscars.com/images/car_no_photo.png,https://www.racingsportscars.com/about.html#contrib,https://www.racingsportscars.com/make/photo/Oreca.html,https://www.racingsportscars.com/type/photo/Oreca/07.html,https://www.racingsportscars.com/chassis/photo/07-LMP2-120.html,NA
2025,93,Acura ARX-06 # (Oreca) - Acura AR24e V6/90° 4v DOHC 2400 cc Twin-Turbo Hybrid,14,GTP,Acura Meyer Shank Racing w/Curb Agajanian (USA),Closed bodywork,Mid-engined,Renger van der Zande (NL)/Nick Yelloly (GB)/Alex Palou (E)/Kaku Ohta (J),NA,NA,Michelin,NA,NA,Acura,ARX-06,#,NA,Result: 14th (40 laps behind the winner)Grid: 2nd (1:34.1860),14th (40 laps behind the winner)Grid: 2nd (1:34.1860),finished,2,1:34.1860,40 laps behind the winner,NA,https://www.racingsportscars.com/images/car_no_photo.png,https://www.racingsportscars.com/about.html#contrib,https://www.racingsportscars.com/make/photo/Acura.html,https://www.racingsportscars.com/type/photo/Acura/ARX-06.html,https://www.racingsportscars.com/chassis/photo/ARX-06__08.html,NA
2025,31,Cadillac V-Series.R #P222 019 (Dallara) - Cadillac LMC55R V8/90° 4v DOHC 5500 cc Hybrid,15,GTP,Cadillac Whelen (USA),Closed bodywork,Mid-engined,Jack Aitken (GB)/Earl Bamber (NZ)/Frederik Vesti (DK)/Felipe Drugovich (BR),NA,NA,Michelin,NA,NA,Cadillac,V-Series.R,#P222 019,NA,Result: 15th (50 laps behind the winner)Grid: 4th (1:34.3500),15th (50 laps behind the winner)Grid: 4th (1:34.3500),finished,4,1:34.3500,50 laps behind the winner,NA,https://www.racingsportscars.com/images/car_no_photo.png,https://www.racingsportscars.com/about.html#contrib,https://www.racingsportscars.com/make/photo/Cadillac.html,https://www.racingsportscars.com/type/photo/Cadillac/V-Series.R.html,https://www.racingsportscars.com/chassis/photo/P222%20019.html,NA
2025,65,Ford Mustang GT3 Gen 7 #FP GT3 005 (Multimatic) - Ford Coyote V8/90° 4v DOHC 5408 cc N/A,16,GTD Pro,Ford Multimatic Motorsports (CDN),Closed bodywork,Front-engined,Christopher Mies (D)/Frederic Vervisch (B)/Dennis Olsen (N),NA,NA,Michelin,NA,NA,Ford,Mustang GT3,#FP GT3 005,Gen 7,Result: 16th 1st in GTD Pro (58 laps behind the winner)Grid: 26th (1:45.8550) - 24th fastest qualifier,16th 1st in GTD Pro (58 laps behind the winner)Grid: 26th (1:45.8550) - 24th fastest qualifier,finished,26,1:45.8550,58 laps behind the winner,NA,https://www.racingsportscars.com/images/car_no_photo.png,https://www.racingsportscars.com/about.html#contrib,https://www.racingsportscars.com/make/photo/Ford.html,https://www.racingsportscars.com/type/photo/Ford/Mustang%20GT3.html,https://www.racingsportscars.com/chassis/photo/FP%20GT3%20005.html,https://www.racingsportscars.com/suffix/photo/Ford/Mustang%20GT3/Gen%207.html
2025,3,Chevrolet Corvette C8 Z06 GT3.R # (Pratt & Miller) - Chevrolet LT6.R V8/90° 4v DOHC 5463 cc N/A,17,GTD Pro,Corvette Racing by Pratt Miller Motorsports (USA),Closed bodywork,Mid-engined,Antonio Garcia (E)/Alexander Sims (GB)/Daniel Juncadella (E),NA,NA,Michelin,NA,NA,Chevrolet,Corvette C8,#,Z06 GT3.R,Result: 17th (58 laps behind the winner)Grid: 28th (1:46.0120) - 26th fastest qualifier,17th (58 laps behind the winner)Grid: 28th (1:46.0120) - 26th fastest qualifier,finished,28,1:46.0120,58 laps behind the winner,NA,https://www.racingsportscars.com/images/car_no_photo.png,https://www.racingsportscars.com/about.html#contrib,https://www.racingsportscars.com/make/photo/Chevrolet.html,https://www.racingsportscars.com/type/photo/Chevrolet/Corvette%20C8.html,https://www.racingsportscars.com/chassis/photo/C8Z06GT3.R-003.html,https://www.racingsportscars.com/suffix/photo/Chevrolet/Corvette%20C8/Z06%20GT3.R.html
2025,64,Ford Mustang GT3 Gen 7 #FP GT3 004 (Multimatic) - Ford Coyote V8/90° 4v DOHC 5408 cc N/A,18,GTD Pro,Ford Multimatic Motorsports (CDN),Closed bodywork,Front-engined,"Mike Rockenfeller (D)/Seb Priaulx (GB)/Austin Cindric (USA)listed, never drove: Ben Barker (GB)",NA,NA,Michelin,NA,NA,Ford,Mustang GT3,#FP GT3 004,Gen 7,Result: 18th (58 laps behind the winner)Grid: 25th (1:45.5230) - 23rd fastest qualifier,18th (58 laps behind the winner)Grid: 25th (1:45.5230) - 23rd fastest qualifier,finished,25,1:45.5230,58 laps behind the winner,NA,https://www.racingsportscars.com/images/car_no_photo.png,https://www.racingsportscars.com/about.html#contrib,https://www.racingsportscars.com/make/photo/Ford.html,https://www.racingsportscars.com/type/photo/Ford/Mustang%20GT3.html,https://www.racingsportscars.com/chassis/photo/FP%20GT3%20004.html,https://www.racingsportscars.com/suffix/photo/Ford/Mustang%20GT3/Gen%207.html
2025,1,BMW M4 G82 GT3 Evo # - BMW P58 L6 4v DOHC 2993 cc M TwinPower Turbo,19,GTD Pro,Paul Miller Racing (USA),Closed bodywork,Front-engined,Madison Snow (USA)/Neil Verhagen (USA)/Connor De Phillippi (USA)/Kelvin van der Linde (ZA),NA,NA,Michelin,NA,NA,BMW,M4,#,G82 GT3 Evo,Result: 19th (58 laps behind the winner)Grid: 37th (1:46.9630) - 44th fastest qualifier,19th (58 laps behind the winner)Grid: 37th (1:46.9630) - 44th fastest qualifier,finished,37,1:46.9630,58 laps behind the winner,NA,https://www.racingsportscars.com/images/car_no_photo.png,https://www.racingsportscars.com/about.html#contrib,https://www.racingsportscars.com/make/photo/BMW.html,https://www.racingsportscars.com/type/photo/BMW/M4.html,https://www.racingsportscars.com/chassis/photo/G82-M4%20GT3%2022064.html,https://www.racingsportscars.com/suffix/photo/BMW/M4/G82%20GT3%20Evo.html
2025,69,Mercedes-AMG GT3 - Mercedes-AMG M159 V8/90° 4v DOHC 6208 cc N/A,20,GTD Pro,GetSpeed (D),Closed bodywork,Front-engined,Anthony Bartone (USA)/Maxime Martin (B)/Fabian Schiller (D)/Luca Stolz (D),NA,NA,Michelin,NA,NA,Mercedes-AMG,GT3,NA,NA,Result: 20th (58 laps behind the winner)Grid: 35th (1:46.6530),20th (58 laps behind the winner)Grid: 35th (1:46.6530),finished,35,1:46.6530,58 laps behind the winner,NA,https://www.racingsportscars.com/images/car_no_photo.png,https://www.racingsportscars.com/about.html#contrib,https://www.racingsportscars.com/make/photo/Mercedes-AMG.html,https://www.racingsportscars.com/type/photo/Mercedes-AMG/GT3.html,NA,NA
2025,81,Ferrari 296 GT3 # (Oreca) - Ferrari Tipo F163CE V6/120° 4v DOHC 2992 cc GDI,21,GTD Pro,DragonSpeed (USA),Closed bodywork,Mid-engined,Albert Costa (E)/Davide Rigon (I)/Miguel Molina (E)/Thomas Neubauer (F),NA,NA,Michelin,NA,NA,Ferrari,296,#,GT3,Result: 21st (58 laps behind the winner)Grid: 36th (1:46.8580) - 40th fastest qualifier,21st (58 laps behind the winner)Grid: 36th (1:46.8580) - 40th fastest qualifier,finished,36,1:46.8580,58 laps behind the winner,NA,https://www.racingsportscars.com/images/car_no_photo.png,https://www.racingsportscars.com/about.html#contrib,https://www.racingsportscars.com/make/photo/Ferrari.html,https://www.racingsportscars.com/type/photo/Ferrari/296.html,https://www.racingsportscars.com/chassis/photo/F171-GT3-Dragon-01%23.html,https://www.racingsportscars.com/suffix/photo/Ferrari/296/GT3.html
2025,4,Chevrolet Corvette C8 Z06 GT3.R # (Pratt & Miller) - Chevrolet LT6.R V8/90° 4v DOHC 5463 cc N/A,22,GTD Pro,Corvette Racing by Pratt Miller Motorsports (USA),Closed bodywork,Mid-engined,Tommy Milner (USA)/Nicky Catsburg (NL)/Nicolás Varrone (RA),NA,NA,Michelin,NA,NA,Chevrolet,Corvette C8,#,Z06 GT3.R,Result: 22nd (58 laps behind the winner)Grid: 30th (1:46.4450) - 28th fastest qualifier,22nd (58 laps behind the winner)Grid: 30th (1:46.4450) - 28th fastest qualifier,finished,30,1:46.4450,58 laps behind the winner,NA,https://www.racingsportscars.com/images/car_no_photo.png,https://www.racingsportscars.com/about.html#contrib,https://www.racingsportscars.com/make/photo/Chevrolet.html,https://www.racingsportscars.com/type/photo/Chevrolet/Corvette%20C8.html,https://www.racingsportscars.com/chassis/photo/C8Z06GT3.R-004.html,https://www.racingsportscars.com/suffix/photo/Chevrolet/Corvette%20C8/Z06%20GT3.R.html
2025,77,Porsche 992 GT3 R I #WP0ZZZ99ZPS299522 - Porsche M97/80 F6 4v DOHC 4194 cc N/A,23,GTD Pro,AO Racing (USA),Closed bodywork,Rear-engined,/Klaus Bachler (A)/Alessio Picariello (B)/Laurin Heinrich (D),NA,NA,Michelin,NA,NA,Porsche,992 GT3 R,#WP0ZZZ99ZPS299522,I,Result: 23rd (59 laps behind the winner)Grid: 31st (1:46.5390) - 29th fastest qualifier,23rd (59 laps behind the winner)Grid: 31st (1:46.5390) - 29th fastest qualifier,finished,31,1:46.5390,59 laps behind the winner,NA,https://www.racingsportscars.com/images/car_no_photo.png,https://www.racingsportscars.com/about.html#contrib,https://www.racingsportscars.com/make/photo/Porsche.html,https://www.racingsportscars.com/type/photo/Porsche/992%20GT3%20R.html,https://www.racingsportscars.com/chassis/photo/WP0ZZZ99ZPS299522.html,https://www.racingsportscars.com/suffix/photo/Porsche/992%20GT3%20R/I.html
2025,91,Chevrolet Corvette C8 Z06 GT3.R #012 (Pratt & Miller) - Chevrolet LT6.R V8/90° 4v DOHC 5463 cc N/A,24,GTD Pro,Trackhouse by TF Sport (GB),Closed bodywork,Mid-engined,Ben Keating (USA)/Connor Zilisch (USA)/Scott McLaughlin (NZ)/Shane van Gisbergen (NZ),NA,NA,Michelin,NA,NA,Chevrolet,Corvette C8,#012,Z06 GT3.R,Result: 24th (59 laps behind the winner)Grid: 32nd (1:46.5790) - 30th fastest qualifier,24th (59 laps behind the winner)Grid: 32nd (1:46.5790) - 30th fastest qualifier,finished,32,1:46.5790,59 laps behind the winner,NA,https://www.racingsportscars.com/images/car_no_photo.png,https://www.racingsportscars.com/about.html#contrib,https://www.racingsportscars.com/make/photo/Chevrolet.html,https://www.racingsportscars.com/type/photo/Chevrolet/Corvette%20C8.html,https://www.racingsportscars.com/chassis/photo/C8Z06GT3.R-012.html,https://www.racingsportscars.com/suffix/photo/Chevrolet/Corvette%20C8/Z06%20GT3.R.html
2025,13,Chevrolet Corvette C8 Z06 GT3.R #006 (Pratt & Miller) - Chevrolet LT6.R V8/90° 4v DOHC 5463 cc N/A,25,GTD,AWA (CDN),Closed bodywork,Mid-engined,Orey Fidani (CDN)/Matt Bell (GB)/Lars Kern (D)/Marvin Kirchhöfer (D),NA,NA,Michelin,NA,NA,Chevrolet,Corvette C8,#006,Z06 GT3.R,Result: 25th 1st in GTD (62 laps behind the winner)Grid: 55th (1:48.3340) - 53rd fastest qualifier,25th 1st in GTD (62 laps behind the winner)Grid: 55th (1:48.3340) - 53rd fastest qualifier,finished,55,1:48.3340,62 laps behind the winner,NA,https://www.racingsportscars.com/images/car_no_photo.png,https://www.racingsportscars.com/about.html#contrib,https://www.racingsportscars.com/make/photo/Chevrolet.html,https://www.racingsportscars.com/type/photo/Chevrolet/Corvette%20C8.html,https://www.racingsportscars.com/chassis/photo/C8Z06GT3.R-006.html,https://www.racingsportscars.com/suffix/photo/Chevrolet/Corvette%20C8/Z06%20GT3.R.html
2025,120,Porsche 992 GT3 R I # - Porsche M97/80 F6 4v DOHC 4194 cc N/A,26,GTD,Wright Motorsports (USA),Closed bodywork,Rear-engined,Adam Adelson (USA)/Elliott Skeer (USA)/Tom Sargent (AUS)/Ayhancan Güven (TR),NA,NA,Michelin,NA,NA,Porsche,992 GT3 R,#,I,Result: 26th (62 laps behind the winner)Grid: 40th (1:46.6340) - 32nd fastest qualifier,26th (62 laps behind the winner)Grid: 40th (1:46.6340) - 32nd fastest qualifier,finished,40,1:46.6340,62 laps behind the winner,NA,https://www.racingsportscars.com/images/car_no_photo.png,https://www.racingsportscars.com/about.html#contrib,https://www.racingsportscars.com/make/photo/Porsche.html,https://www.racingsportscars.com/type/photo/Porsche/992%20GT3%20R.html,https://www.racingsportscars.com/chassis/photo/WP0ZZZ99ZRS299523.html,https://www.racingsportscars.com/suffix/photo/Porsche/992%20GT3%20R/I.html
2025,27,Aston Martin Vantage AMR GT3 Evo #16A-003-1 - Aston Martin Mercedes-AMG M177/AMR V8/90° 4v DOHC 3982 cc 2xBorg Warner,27,GTD,Heart of Racing Team (USA),Closed bodywork,Front-engined,Tom Gamble (GB)/Casper Stevenson (GB)/Zacharie Robichon (CDN)/Mattia Drudi (I),NA,NA,Michelin,NA,NA,Aston Martin,Vantage AMR,#16A-003-1,GT3 Evo,Result: 27th (62 laps behind the winner)Grid: 46th (1:46.9050) - 41st fastest qualifier,27th (62 laps behind the winner)Grid: 46th (1:46.9050) - 41st fastest qualifier,finished,46,1:46.9050,62 laps behind the winner,NA,https://www.racingsportscars.com/images/car_no_photo.png,https://www.racingsportscars.com/about.html#contrib,https://www.racingsportscars.com/make/photo/Aston%20Martin.html,https://www.racingsportscars.com/type/photo/Aston%20Martin/Vantage%20AMR.html,https://www.racingsportscars.com/chassis/photo/AMR%2016A-003-1.html,https://www.racingsportscars.com/suffix/photo/Aston%20Martin/Vantage%20AMR/GT3%20Evo.html
2025,20,Porsche 992 GT3 R I - Porsche M97/80 F6 4v DOHC 4194 cc N/A,28,GTD Pro,Proton Competition (D),Closed bodywork,Rear-engined,Claudio Schiavoni (I)/Matteo Cressoni (I)/Richard Lietz (A)/Thomas Preining (A),NA,NA,Michelin,NA,NA,Porsche,992 GT3 R,NA,I,Result: 28th (62 laps behind the winner)Grid: 38th (1:47.1150) - 46th fastest qualifier,28th (62 laps behind the winner)Grid: 38th (1:47.1150) - 46th fastest qualifier,finished,38,1:47.1150,62 laps behind the winner,NA,https://www.racingsportscars.com/images/car_no_photo.png,https://www.racingsportscars.com/about.html#contrib,https://www.racingsportscars.com/make/photo/Porsche.html,https://www.racingsportscars.com/type/photo/Porsche/992%20GT3%20R.html,NA,https://www.racingsportscars.com/suffix/photo/Porsche/992%20GT3%20R/I.html
2025,57,Mercedes-AMG GT3 # - Mercedes-AMG M159 V8/90° 4v DOHC 6208 cc N/A,29,GTD,Winward Racing (USA),Closed bodywork,Front-engined,Russell Ward (USA)/Philip Ellis (GB)/Indy Dontje (NL)/Lucas Auer (A),NA,NA,Michelin,NA,NA,Mercedes-AMG,GT3,#,NA,Result: 29th (62 laps behind the winner)Grid: 41st (1:46.6520) - 34th fastest qualifier,29th (62 laps behind the winner)Grid: 41st (1:46.6520) - 34th fastest qualifier,finished,41,1:46.6520,62 laps behind the winner,NA,https://www.racingsportscars.com/images/car_no_photo.png,https://www.racingsportscars.com/about.html#contrib,https://www.racingsportscars.com/make/photo/Mercedes-AMG.html,https://www.racingsportscars.com/type/photo/Mercedes-AMG/GT3.html,https://www.racingsportscars.com/chassis/photo/AMG%20GT3%20190%2023%20438.html,NA
2025,96,BMW M4 G82 GT3 Evo - BMW P58 L6 4v DOHC 2993 cc M TwinPower Turbo,30,GTD,Turner Motorsport (USA),Closed bodywork,Front-engined,Robby Foley (USA)/Patrick Gallagher (USA)/Jake Walker (USA)/Jens Klingmann (D),NA,NA,Michelin,NA,NA,BMW,M4,NA,G82 GT3 Evo,Result: 30th (62 laps behind the winner)Grid: 52nd (1:47.2810) - 49th fastest qualifier,30th (62 laps behind the winner)Grid: 52nd (1:47.2810) - 49th fastest qualifier,finished,52,1:47.2810,62 laps behind the winner,NA,https://www.racingsportscars.com/images/car_no_photo.png,https://www.racingsportscars.com/about.html#contrib,https://www.racingsportscars.com/make/photo/BMW.html,https://www.racingsportscars.com/type/photo/BMW/M4.html,NA,https://www.racingsportscars.com/suffix/photo/BMW/M4/G82%20GT3%20Evo.html
2025,19,Aston Martin Vantage AMR GT3 Evo # - Aston Martin Mercedes-AMG M177/AMR V8/90° 4v DOHC 3982 cc 2xBorg Warner,31,GTD,van der Steur Racing (USA),Closed bodywork,Front-engined,Maxime Robin (RI)/Rory van der Steur (USA)/Valentin Hasse-Clot (F)/Anthony McIntosh (USA),NA,NA,Michelin,NA,NA,Aston Martin,Vantage AMR,#,GT3 Evo,Result: 31st (62 laps behind the winner)Grid: 45th (1:46.8510) - 39th fastest qualifier,31st (62 laps behind the winner)Grid: 45th (1:46.8510) - 39th fastest qualifier,finished,45,1:46.8510,62 laps behind the winner,NA,https://www.racingsportscars.com/images/car_no_photo.png,https://www.racingsportscars.com/about.html#contrib,https://www.racingsportscars.com/make/photo/Aston%20Martin.html,https://www.racingsportscars.com/type/photo/Aston%20Martin/Vantage%20AMR.html,https://www.racingsportscars.com/chassis/photo/AMR%2038A-016-1.html,https://www.racingsportscars.com/suffix/photo/Aston%20Martin/Vantage%20AMR/GT3%20Evo.html
2025,50,Ferrari 296 GT3 (Oreca) - Ferrari Tipo F163CE V6/120° 4v DOHC 2992 cc GDI,32,GTD,AF Corse (I),Closed bodywork,Mid-engined,Custodio Toledo (BR)/Riccardo Agostini (I)/Arthur Leclerc (MC)/Conrad Laursen (DK),NA,NA,Michelin,NA,NA,Ferrari,296,NA,GT3,Result: 32nd (62 laps behind the winner)Grid: 59th (1:49.6560) - 57th fastest qualifier,32nd (62 laps behind the winner)Grid: 59th (1:49.6560) - 57th fastest qualifier,finished,59,1:49.6560,62 laps behind the winner,NA,https://www.racingsportscars.com/images/car_no_photo.png,https://www.racingsportscars.com/about.html#contrib,https://www.racingsportscars.com/make/photo/Ferrari.html,https://www.racingsportscars.com/type/photo/Ferrari/296.html,NA,https://www.racingsportscars.com/suffix/photo/Ferrari/296/GT3.html
2025,83,Porsche 992 GT3 R I - Porsche M97/80 F6 4v DOHC 4194 cc N/A,33,GTD,Iron Dames (I),Closed bodywork,Rear-engined,Sarah Bovy (B)/Rahel Frey (CH)/Karen Gaillard (CH)/Michelle Gatting (DK),NA,NA,Michelin,NA,NA,Porsche,992 GT3 R,NA,I,Result: 33rd (62 laps behind the winner)Grid: 49th (1:46.9810) - 45th fastest qualifier,33rd (62 laps behind the winner)Grid: 49th (1:46.9810) - 45th fastest qualifier,finished,49,1:46.9810,62 laps behind the winner,NA,https://www.racingsportscars.com/images/car_no_photo.png,https://www.racingsportscars.com/about.html#contrib,https://www.racingsportscars.com/make/photo/Porsche.html,https://www.racingsportscars.com/type/photo/Porsche/992%20GT3%20R.html,NA,https://www.racingsportscars.com/suffix/photo/Porsche/992%20GT3%20R/I.html
2025,32,Mercedes-AMG GT3 - Mercedes-AMG M159 V8/90° 4v DOHC 6208 cc N/A,34,GTD,Korthoff Competition Motors (USA),Closed bodywork,Front-engined,Seth Lucas (USA)/Kenton Koch (USA)/Maximilian Götz (D)/Daniel Morad (CDN),NA,NA,Michelin,NA,NA,Mercedes-AMG,GT3,NA,NA,Result: 34th (62 laps behind the winner)Grid: 60th (1:53.2050) - 58th fastest qualifier,34th (62 laps behind the winner)Grid: 60th (1:53.2050) - 58th fastest qualifier,finished,60,1:53.2050,62 laps behind the winner,NA,https://www.racingsportscars.com/images/car_no_photo.png,https://www.racingsportscars.com/about.html#contrib,https://www.racingsportscars.com/make/photo/Mercedes-AMG.html,https://www.racingsportscars.com/type/photo/Mercedes-AMG/GT3.html,NA,NA
2025,14,Lexus RC F GT3 # - Lexus 2UR-GSE V8/90° 4v DOHC 5400 cc N/A,35,GTD Pro,Vasser Sullivan Racing (USA),Closed bodywork,Front-engined,Ben Barnicoat (GB)/Aaron Telitz (USA)/Kyle Kirkwood (USA)/Townsend Bell (USA),NA,NA,Michelin,NA,NA,Lexus,RC F,#,GT3,Result: 35th (77 laps behind the winner)Grid: 39th (1:47.2810) - 50th fastest qualifier,35th (77 laps behind the winner)Grid: 39th (1:47.2810) - 50th fastest qualifier,finished,39,1:47.2810,77 laps behind the winner,NA,https://www.racingsportscars.com/images/car_no_photo.png,https://www.racingsportscars.com/about.html#contrib,https://www.racingsportscars.com/make/photo/Lexus.html,https://www.racingsportscars.com/type/photo/Lexus/RC%20F.html,https://www.racingsportscars.com/chassis/photo/RCF%20GT3-0201.html,https://www.racingsportscars.com/suffix/photo/Lexus/RC%20F/GT3.html
2025,88,Oreca 07 # - Gibson GK428/Gibson Technology V8/90° 4v DOHC 4200 cc N/A,36,LMP2,AF Corse (I),Closed bodywork,Mid-engined,Luis Pérez Companc (RA)/Dylan Murry (USA)/Nicklas Nielsen (DK)/Matthieu Vaxiviere (F),NA,NA,Michelin,NA,NA,Oreca,07,#,NA,Result: 36th - did not finish (Gearbox)Grid: 19th (1:39.7540) - 17th fastest qualifier,36th - did not finish (Gearbox)Grid: 19th (1:39.7540) - 17th fastest qualifier,finished,19,1:39.7540,NA,NA,https://www.racingsportscars.com/images/car_no_photo.png,https://www.racingsportscars.com/about.html#contrib,https://www.racingsportscars.com/make/photo/Oreca.html,https://www.racingsportscars.com/type/photo/Oreca/07.html,https://www.racingsportscars.com/chassis/photo/07-LMP2-AF-01%23.html,NA
2025,45,Lamborghini Huracán GT3 Evo2 # - Lamborghini V10/90° 4v DOHC 5204 cc N/A,37,GTD,Wayne Taylor Racing (USA),Closed bodywork,Mid-engined,Danny Formal (CR)/Trent Hindman (USA)/Graham Doyle (USA)/Kyle Marcelli (CDN),NA,NA,Michelin,NA,NA,Lamborghini,Huracán,#,GT3 Evo2,Result: 37th - did not finish (Suspension)Grid: 42nd (1:46.6580) - 36th fastest qualifier,37th - did not finish (Suspension)Grid: 42nd (1:46.6580) - 36th fastest qualifier,finished,42,1:46.6580,NA,NA,https://www.racingsportscars.com/images/car_no_photo.png,https://www.racingsportscars.com/about.html#contrib,https://www.racingsportscars.com/make/photo/Lamborghini.html,https://www.racingsportscars.com/type/photo/Lamborghini/Hurac%c3%a1n.html,https://www.racingsportscars.com/chassis/photo/ALSCGT202200153.html,https://www.racingsportscars.com/suffix/photo/Lamborghini/Hurac%c3%a1n/GT3%20Evo2.html
2025,11,Oreca 07 # - Gibson GK428/Gibson Technology V8/90° 4v DOHC 4200 cc N/A,38,LMP2,TDS Racing (F),Closed bodywork,Mid-engined,Steven Thomas (USA)/Mikkel Jensen (DK)/Hunter McElrea (AUS)/Charles Milesi (F),NA,NA,Michelin,NA,NA,Oreca,07,#,NA,Result: 38th (99 laps behind the winner)Grid: 17th (1:39.3890) - 15th fastest qualifier,38th (99 laps behind the winner)Grid: 17th (1:39.3890) - 15th fastest qualifier,finished,17,1:39.3890,99 laps behind the winner,NA,https://www.racingsportscars.com/images/car_no_photo.png,https://www.racingsportscars.com/about.html#contrib,https://www.racingsportscars.com/make/photo/Oreca.html,https://www.racingsportscars.com/type/photo/Oreca/07.html,https://www.racingsportscars.com/chassis/photo/07-LMP2-121.html,NA
2025,73,Oreca 07 # - Gibson GK428/Gibson Technology V8/90° 4v DOHC 4200 cc N/A,39,LMP2,Pratt Miller Motorsports (USA),Closed bodywork,Mid-engined,Pietro Fittipaldi (BR)/Callum Ilott (GB)/Chris Cumming (CDN)/James Roe (IRL),NA,NA,Michelin,NA,NA,Oreca,07,#,NA,Result: 39th (103 laps behind the winner)Grid: 16th (1:39.2170) - 14th fastest qualifier,39th (103 laps behind the winner)Grid: 16th (1:39.2170) - 14th fastest qualifier,finished,16,1:39.2170,103 laps behind the winner,NA,https://www.racingsportscars.com/images/car_no_photo.png,https://www.racingsportscars.com/about.html#contrib,https://www.racingsportscars.com/make/photo/Oreca.html,https://www.racingsportscars.com/type/photo/Oreca/07.html,https://www.racingsportscars.com/chassis/photo/07-LMP2-DragonSpeed%23.html,NA
2025,34,Ferrari 296 GT3 #F171 GT3 5152 (Oreca) - Ferrari Tipo F163CE V6/120° 4v DOHC 2992 cc GDI,40,GTD,Conquest Racing (USA),Closed bodywork,Mid-engined,Manny Franco (USA)/Daniel Serra (BR)/Cedric Sbirrazzuoli (MC)/Giacomo Altoè (I),NA,NA,Michelin,NA,NA,Ferrari,296,#F171 GT3 5152,GT3,Result: 40th (108 laps behind the winner)Grid: 48th (1:46.9590) - 43rd fastest qualifier,40th (108 laps behind the winner)Grid: 48th (1:46.9590) - 43rd fastest qualifier,finished,48,1:46.9590,108 laps behind the winner,NA,https://www.racingsportscars.com/images/car_no_photo.png,https://www.racingsportscars.com/about.html#contrib,https://www.racingsportscars.com/make/photo/Ferrari.html,https://www.racingsportscars.com/type/photo/Ferrari/296.html,https://www.racingsportscars.com/chassis/photo/F171%20GT3%205152.html,https://www.racingsportscars.com/suffix/photo/Ferrari/296/GT3.html
2025,48,BMW M4 G82 GT3 Evo # - BMW P58 L6 4v DOHC 2993 cc M TwinPower Turbo,41,GTD Pro,Paul Miller Racing (USA),Closed bodywork,Front-engined,Dan Harper (GB)/Max Hesse (D)/Jesse Krohn (FIN)/Augusto Farfus (BR),NA,NA,Michelin,NA,NA,BMW,M4,#,G82 GT3 Evo,Result: 41st (113 laps behind the winner)Grid: 27th (1:46.0050) - 25th fastest qualifier,41st (113 laps behind the winner)Grid: 27th (1:46.0050) - 25th fastest qualifier,finished,27,1:46.0050,113 laps behind the winner,NA,https://www.racingsportscars.com/images/car_no_photo.png,https://www.racingsportscars.com/about.html#contrib,https://www.racingsportscars.com/make/photo/BMW.html,https://www.racingsportscars.com/type/photo/BMW/M4.html,https://www.racingsportscars.com/chassis/photo/G82-M4%20GT3%2022014.html,https://www.racingsportscars.com/suffix/photo/BMW/M4/G82%20GT3%20Evo.html
2025,78,Lamborghini Huracán GT3 Evo2 #ALSCGT202200133 - Lamborghini V10/90° 4v DOHC 5204 cc N/A,42,GTD,Forte Racing (USA),Closed bodywork,Mid-engined,Misha Goikhberg (CDN)/Mario Farnbacher (D)/Franck Perera (F)/Parker Kligerman (USA),NA,NA,Michelin,NA,NA,Lamborghini,Huracán,#ALSCGT202200133,GT3 Evo2,Result: 42nd - did not finish (Steering)Grid: 44th (1:46.8050) - 38th fastest qualifier,42nd - did not finish (Steering)Grid: 44th (1:46.8050) - 38th fastest qualifier,finished,44,1:46.8050,NA,NA,https://www.racingsportscars.com/images/car_no_photo.png,https://www.racingsportscars.com/about.html#contrib,https://www.racingsportscars.com/make/photo/Lamborghini.html,https://www.racingsportscars.com/type/photo/Lamborghini/Hurac%c3%a1n.html,https://www.racingsportscars.com/chassis/photo/ALSCGT202200133.html,https://www.racingsportscars.com/suffix/photo/Lamborghini/Hurac%c3%a1n/GT3%20Evo2.html
2025,80,Mercedes-AMG GT3 Evo # - Mercedes-AMG M159 V8/90° 4v DOHC 6208 cc N/A,43,GTD,Lone Star Racing (USA),Closed bodywork,Front-engined,Dan Knox (USA)/Scott Andrews (AUS)/Eric Filgueiras (USA)/Ralf Aron (EST),NA,NA,Michelin,NA,NA,Mercedes-AMG,GT3,#,Evo,Result: 43rd - did not finish (Collision damage)Grid: 57th (1:48.4520) - 55th fastest qualifier,43rd - did not finish (Collision damage)Grid: 57th (1:48.4520) - 55th fastest qualifier,finished,57,1:48.4520,NA,NA,https://www.racingsportscars.com/images/car_no_photo.png,https://www.racingsportscars.com/about.html#contrib,https://www.racingsportscars.com/make/photo/Mercedes-AMG.html,https://www.racingsportscars.com/type/photo/Mercedes-AMG/GT3.html,https://www.racingsportscars.com/chassis/photo/AMG%20GT3%20190%2023%20514.html,https://www.racingsportscars.com/suffix/photo/Mercedes-AMG/GT3/Evo.html
2025,12,Lexus RC F GT3 # - Lexus 2UR-GSE V8/90° 4v DOHC 5400 cc N/A,44,GTD,Vasser Sullivan Racing (USA),Closed bodywork,Front-engined,Jack Hawksworth (GB)/Parker Thompson (CDN)/Frankie Montecalvo (USA)/Kyle Kirkwood (USA),NA,NA,Michelin,NA,NA,Lexus,RC F,#,GT3,Result: 44th - did not finish (Engine)Grid: 43rd (1:46.7880) - 37th fastest qualifier,44th - did not finish (Engine)Grid: 43rd (1:46.7880) - 37th fastest qualifier,finished,43,1:46.7880,NA,NA,https://www.racingsportscars.com/images/car_no_photo.png,https://www.racingsportscars.com/about.html#contrib,https://www.racingsportscars.com/make/photo/Lexus.html,https://www.racingsportscars.com/type/photo/Lexus/RC%20F.html,https://www.racingsportscars.com/chassis/photo/RCF%20GT3-0007.html,https://www.racingsportscars.com/suffix/photo/Lexus/RC%20F/GT3.html
2025,23,Ferrari 296 GT3 # (Oreca) - Ferrari Tipo F163CE V6/120° 4v DOHC 2992 cc GDI,45,GTD,Triarsi Competizione (USA),Closed bodywork,Mid-engined,"Onofrio Triarsi (USA)/Charlie Scardina (USA)/Alessio Rovera (I)/Edward Cheever (I)listed, never drove: Riccardo Agostini (I)",NA,NA,Michelin,NA,NA,Ferrari,296,#,GT3,Result: 45th - did not finish (Collision damage)Grid: 61st (no time) - 60th fastest qualifier,45th - did not finish (Collision damage)Grid: 61st (no time) - 60th fastest qualifier,finished,61,no time,NA,NA,https://www.racingsportscars.com/images/car_no_photo.png,https://www.racingsportscars.com/about.html#contrib,https://www.racingsportscars.com/make/photo/Ferrari.html,https://www.racingsportscars.com/type/photo/Ferrari/296.html,https://www.racingsportscars.com/chassis/photo/F171%20GT3%205124.html,https://www.racingsportscars.com/suffix/photo/Ferrari/296/GT3.html
2025,21,Ferrari 296 GT3 # (Oreca) - Ferrari Tipo F163CE V6/120° 4v DOHC 2992 cc GDI,46,GTD,AF Corse (I),Closed bodywork,Mid-engined,Simon Mann (GB)/Lilou Wadoux (F)/Alessandro Pier Guidi (I)/Kei Cozzolino (J),NA,NA,Michelin,NA,NA,Ferrari,296,#,GT3,Result: 46th - did not finish (Collision)Grid: 53rd (1:47.3820) - 51st fastest qualifier,46th - did not finish (Collision)Grid: 53rd (1:47.3820) - 51st fastest qualifier,finished,53,1:47.3820,NA,NA,https://www.racingsportscars.com/images/car_no_photo.png,https://www.racingsportscars.com/about.html#contrib,https://www.racingsportscars.com/make/photo/Ferrari.html,https://www.racingsportscars.com/type/photo/Ferrari/296.html,https://www.racingsportscars.com/chassis/photo/F171%20GT3%205062.html,https://www.racingsportscars.com/suffix/photo/Ferrari/296/GT3.html
2025,43,Oreca 07 # - Gibson GK428/Gibson Technology V8/90° 4v DOHC 4200 cc N/A,47,LMP2,Inter Europol Competition (PL),Closed bodywork,Mid-engined,Tom Dillmann (F)/Jon Field (USA)/António Félix da Costa (P)/Bijoy Garg (USA),NA,NA,Michelin,NA,NA,Oreca,07,#,NA,Result: 47th - did not finish (Gearbox)Grid: 22nd (1:40.4010) - 20th fastest qualifier,47th - did not finish (Gearbox)Grid: 22nd (1:40.4010) - 20th fastest qualifier,finished,22,1:40.4010,NA,NA,https://www.racingsportscars.com/images/car_no_photo.png,https://www.racingsportscars.com/about.html#contrib,https://www.racingsportscars.com/make/photo/Oreca.html,https://www.racingsportscars.com/type/photo/Oreca/07.html,https://www.racingsportscars.com/chassis/photo/07-LMP2-Europol-IMSA%23.html,NA
2025,66,Ford Mustang GT3 Gen 7 #FP GT3 008 (Multimatic) - Ford Coyote V8/90° 4v DOHC 5408 cc N/A,48,GTD,Gradient Racing (USA),Closed bodywork,Front-engined,Joey Hand (USA)/Till Bechtolsheimer (GB)/Tatiana Calderón (CO)/Harry Tincknell (GB),NA,NA,Michelin,NA,NA,Ford,Mustang GT3,#FP GT3 008,Gen 7,Result: 48th - did not finish (Clutch)Grid: 56th (1:48.3810) - 54th fastest qualifier,48th - did not finish (Clutch)Grid: 56th (1:48.3810) - 54th fastest qualifier,finished,56,1:48.3810,NA,NA,https://www.racingsportscars.com/images/car_no_photo.png,https://www.racingsportscars.com/about.html#contrib,https://www.racingsportscars.com/make/photo/Ford.html,https://www.racingsportscars.com/type/photo/Ford/Mustang%20GT3.html,https://www.racingsportscars.com/chassis/photo/FP%20GT3%20008.html,https://www.racingsportscars.com/suffix/photo/Ford/Mustang%20GT3/Gen%207.html
2025,70,Ferrari 296 GT3 # (Oreca) - Ferrari Tipo F163CE V6/120° 4v DOHC 2992 cc GDI,49,GTD,Inception Racing (GB),Closed bodywork,Mid-engined,Brendan Iribe (USA)/Frederik Schandorff (DK)/Ollie Millroy (GB)/David Fumanelli (I),NA,NA,Michelin,NA,NA,Ferrari,296,#,GT3,Result: 49th - did not finish (Suspension)Grid: 47th (1:46.9280) - 42nd fastest qualifier,49th - did not finish (Suspension)Grid: 47th (1:46.9280) - 42nd fastest qualifier,finished,47,1:46.9280,NA,NA,https://www.racingsportscars.com/images/car_no_photo.png,https://www.racingsportscars.com/about.html#contrib,https://www.racingsportscars.com/make/photo/Ferrari.html,https://www.racingsportscars.com/type/photo/Ferrari/296.html,https://www.racingsportscars.com/chassis/photo/F171%20GT3%205224.html,https://www.racingsportscars.com/suffix/photo/Ferrari/296/GT3.html
2025,36,Chevrolet Corvette C8 Z06 GT3.R # (Pratt & Miller) - Chevrolet LT6.R V8/90° 4v DOHC 5463 cc N/A,50,GTD,DXDT Racing (USA),Closed bodywork,Mid-engined,Salih Yoluc (TR)/Alec Udell (USA)/Charlie Eastwood (GB)/Pipo Derani (BR),NA,NA,Michelin,NA,NA,Chevrolet,Corvette C8,#,Z06 GT3.R,Result: 50th - did not finish (Fire)Grid: 54th (1:47.5920) - 52nd fastest qualifier,50th - did not finish (Fire)Grid: 54th (1:47.5920) - 52nd fastest qualifier,finished,54,1:47.5920,NA,NA,https://www.racingsportscars.com/images/car_no_photo.png,https://www.racingsportscars.com/about.html#contrib,https://www.racingsportscars.com/make/photo/Chevrolet.html,https://www.racingsportscars.com/type/photo/Chevrolet/Corvette%20C8.html,https://www.racingsportscars.com/chassis/photo/C8Z06GT3.R-013.html,https://www.racingsportscars.com/suffix/photo/Chevrolet/Corvette%20C8/Z06%20GT3.R.html
2025,5,Porsche 963 # (Multimatic) - Porsche 9RD V8/90° 4v DOHC 4593 cc Twin-Turbo Hybrid,51,GTP,Proton Competition (D),Closed bodywork,Mid-engined,"Neel Jani (CH)/Tristan Vautier (F)/Nicolas Pino (RCH)/Julien Andlauer (F)listed, never drove: Gianmaria Bruni (I)",NA,NA,Michelin,NA,NA,Porsche,963,#,NA,Result: 51st - did not finish (Suspension)Grid: 11th (no time) - 59th fastest qualifier,51st - did not finish (Suspension)Grid: 11th (no time) - 59th fastest qualifier,finished,11,no time,NA,NA,https://www.racingsportscars.com/images/car_no_photo.png,https://www.racingsportscars.com/about.html#contrib,https://www.racingsportscars.com/make/photo/Porsche.html,https://www.racingsportscars.com/type/photo/Porsche/963.html,https://www.racingsportscars.com/chassis/photo/963_117.html,NA
2025,47,Ferrari 296 GT3 (Oreca) - Ferrari Tipo F163CE V6/120° 4v DOHC 2992 cc GDI,52,GTD,CETILAR RACING (I),Closed bodywork,Mid-engined,Roberto Lacorte (I)/Nicola Lacorte (I)/Lorenzo Patrese (I)/Antonio Fuoco (I),NA,NA,Michelin,NA,NA,Ferrari,296,NA,GT3,Result: 52nd - did not finish (Mechanical)Grid: 58th (1:48.5580) - 56th fastest qualifier,52nd - did not finish (Mechanical)Grid: 58th (1:48.5580) - 56th fastest qualifier,finished,58,1:48.5580,NA,NA,https://www.racingsportscars.com/images/car_no_photo.png,https://www.racingsportscars.com/about.html#contrib,https://www.racingsportscars.com/make/photo/Ferrari.html,https://www.racingsportscars.com/type/photo/Ferrari/296.html,NA,https://www.racingsportscars.com/suffix/photo/Ferrari/296/GT3.html
2025,40,Cadillac V-Series.R #P222 021 (Dallara) - Cadillac LMC55R V8/90° 4v DOHC 5500 cc Hybrid,53,GTP,Cadillac Wayne Taylor Racing (USA),Closed bodywork,Mid-engined,"Jordan Taylor (USA)/Louis Deletraz (CH)/Kamui Kobayashi (J)listed, never drove: Alex Lynn (GB)",NA,NA,Michelin,NA,NA,Cadillac,V-Series.R,#P222 021,NA,Result: 53rd - did not finish (Collision)Grid: 8th (1:34.9350),53rd - did not finish (Collision)Grid: 8th (1:34.9350),finished,8,1:34.9350,NA,NA,https://www.racingsportscars.com/images/car_no_photo.png,https://www.racingsportscars.com/about.html#contrib,https://www.racingsportscars.com/make/photo/Cadillac.html,https://www.racingsportscars.com/type/photo/Cadillac/V-Series.R.html,https://www.racingsportscars.com/chassis/photo/P222%20021.html,NA
2025,2,Oreca 07 # - Gibson GK428/Gibson Technology V8/90° 4v DOHC 4200 cc N/A,54,LMP2,United Autosports USA (USA),Closed bodywork,Mid-engined,Nicholas Boulle (USA)/Garnet Patterson (AUS)/Oliver Jarvis (GB)DNS: Ben Hanley (GB),NA,NA,Michelin,NA,NA,Oreca,07,#,NA,Result: 54th - did not finish (Accident)Grid: 15th (1:39.2030) - 13th fastest qualifier,54th - did not finish (Accident)Grid: 15th (1:39.2030) - 13th fastest qualifier,finished,15,1:39.2030,NA,NA,https://www.racingsportscars.com/images/car_no_photo.png,https://www.racingsportscars.com/about.html#contrib,https://www.racingsportscars.com/make/photo/Oreca.html,https://www.racingsportscars.com/type/photo/Oreca/07.html,https://www.racingsportscars.com/chassis/photo/LMP2-07-United-02%23.html,NA
2025,8,Oreca 07 # - Gibson GK428/Gibson Technology V8/90° 4v DOHC 4200 cc N/A,55,LMP2,Tower Motorsports (USA),Closed bodywork,Mid-engined,John Farano (CDN)/Sebastian Alvarez (MEX)/Sébastien Bourdais (F)/Job van Uitert (NL),NA,NA,Michelin,NA,NA,Oreca,07,#,NA,Result: 55th (16 laps behind the winner)Grid: 24th (1:41.2440) - 22nd fastest qualifier,55th (16 laps behind the winner)Grid: 24th (1:41.2440) - 22nd fastest qualifier,finished,24,1:41.2440,16 laps behind the winner,NA,https://www.racingsportscars.com/images/car_no_photo.png,https://www.racingsportscars.com/about.html#contrib,https://www.racingsportscars.com/make/photo/Oreca.html,https://www.racingsportscars.com/type/photo/Oreca/07.html,https://www.racingsportscars.com/chassis/photo/07-LMP2-Tower%23.html,NA
2025,9,"Lamborghini Huracán GT3 Evo2 #brand new ""Giulia"" - Lamborghini V10/90° 4v DOHC 5204 cc N/A",56,GTD Pro,Pfaff Motorsports (CDN),Closed bodywork,Mid-engined,Andrea Caldarelli (I)/Jordan Pepper (ZA)/Marco Mapelli (I)/James Hinchcliffe (CDN),NA,NA,Michelin,NA,NA,Lamborghini,Huracán,"#brand new ""Giulia""",GT3 Evo2,Result: 56th - did not finish (Collision)Grid: 29th (1:46.1360) - 27th fastest qualifier,56th - did not finish (Collision)Grid: 29th (1:46.1360) - 27th fastest qualifier,finished,29,1:46.1360,NA,NA,https://www.racingsportscars.com/images/car_no_photo.png,https://www.racingsportscars.com/about.html#contrib,https://www.racingsportscars.com/make/photo/Lamborghini.html,https://www.racingsportscars.com/type/photo/Lamborghini/Hurac%c3%a1n.html,https://www.racingsportscars.com/chassis/photo/Huracan-GT3-Giulia%23.html,https://www.racingsportscars.com/suffix/photo/Lamborghini/Hurac%c3%a1n/GT3%20Evo2.html
2025,7,Aston Martin Vantage AMR GT3 Evo - Aston Martin Mercedes-AMG M177/AMR V8/90° 4v DOHC 3982 cc 2xBorg Warner,57,GTD Pro,Heart of Racing Team (USA),Closed bodywork,Front-engined,Ross Gunn (GB)/Alex Riberas (E)/Roman de Angelis (CDN)/Marco Sørensen (DK),NA,NA,Michelin,NA,NA,Aston Martin,Vantage AMR,NA,GT3 Evo,Result: 57th - did not finish (Wheel)Grid: 34th (1:46.6460) - 33rd fastest qualifier,57th - did not finish (Wheel)Grid: 34th (1:46.6460) - 33rd fastest qualifier,finished,34,1:46.6460,NA,NA,https://www.racingsportscars.com/images/car_no_photo.png,https://www.racingsportscars.com/about.html#contrib,https://www.racingsportscars.com/make/photo/Aston%20Martin.html,https://www.racingsportscars.com/type/photo/Aston%20Martin/Vantage%20AMR.html,NA,https://www.racingsportscars.com/suffix/photo/Aston%20Martin/Vantage%20AMR/GT3%20Evo.html
2025,44,Aston Martin Vantage AMR GT3 Evo - Aston Martin Mercedes-AMG M177/AMR V8/90° 4v DOHC 3982 cc 2xBorg Warner,58,GTD,Magnus Racing (USA),Closed bodywork,Front-engined,John Potter (USA)/Andy Lally (USA)/Spencer Pumpelly (USA)DNS: Nicki Thiim (DK),NA,NA,Michelin,NA,NA,Aston Martin,Vantage AMR,NA,GT3 Evo,Result: 58th - did not finish (Engine)Grid: 51st (1:47.2800) - 48th fastest qualifier,58th - did not finish (Engine)Grid: 51st (1:47.2800) - 48th fastest qualifier,finished,51,1:47.2800,NA,NA,https://www.racingsportscars.com/images/car_no_photo.png,https://www.racingsportscars.com/about.html#contrib,https://www.racingsportscars.com/make/photo/Aston%20Martin.html,https://www.racingsportscars.com/type/photo/Aston%20Martin/Vantage%20AMR.html,NA,https://www.racingsportscars.com/suffix/photo/Aston%20Martin/Vantage%20AMR/GT3%20Evo.html
2025,21,Ferrari 296 GT3 # (Oreca) - Ferrari Tipo F163CE V6/120° 4v DOHC 2992 cc GDI,59,GTD,Triarsi Competizione (USA),Closed bodywork,Mid-engined,Sheena Monk (USA)/Stevan McAleer (GB)/Mike Skeen (USA)/James Calado (GB),NA,NA,Michelin,NA,NA,Ferrari,296,#,GT3,Result: 59th - did not finish (Collision damage)Grid: 50th (1:47.1890) - 47th fastest qualifier,59th - did not finish (Collision damage)Grid: 50th (1:47.1890) - 47th fastest qualifier,finished,50,1:47.1890,NA,NA,https://www.racingsportscars.com/images/car_no_photo.png,https://www.racingsportscars.com/about.html#contrib,https://www.racingsportscars.com/make/photo/Ferrari.html,https://www.racingsportscars.com/type/photo/Ferrari/296.html,https://www.racingsportscars.com/chassis/photo/F171%20GT3%205016.html,https://www.racingsportscars.com/suffix/photo/Ferrari/296/GT3.html
2025,75,Mercedes-AMG GT3 Evo #new - Mercedes-AMG M159 V8/90° 4v DOHC 6208 cc N/A,60,GTD Pro,75 Express (AUS),Closed bodywork,Front-engined,Kenny Habul (AUS)/Mikaël Grenier (CDN)/Jules Gounon (F)/Maro Engel (D),NA,NA,Michelin,NA,NA,Mercedes-AMG,GT3,#new,Evo,Result: 60th - did not finish (Oil tank)Grid: 33rd (1:46.6130) - 31st fastest qualifier,60th - did not finish (Oil tank)Grid: 33rd (1:46.6130) - 31st fastest qualifier,finished,33,1:46.6130,NA,NA,https://www.racingsportscars.com/images/car_no_photo.png,https://www.racingsportscars.com/about.html#contrib,https://www.racingsportscars.com/make/photo/Mercedes-AMG.html,https://www.racingsportscars.com/type/photo/Mercedes-AMG/GT3.html,https://www.racingsportscars.com/chassis/photo/AMG-GT3-75-Express-02%23.html,https://www.racingsportscars.com/suffix/photo/Mercedes-AMG/GT3/Evo.html
2025,63,Lamborghini SC63 #009 (Ligier) - Lamborghini V8/90° 4v DOHC 3800 cc Twin-Turbo Hybrid,61,GTP,Automobili Lamborghini Squadra Corse (I),Closed bodywork,Mid-engined,"Mirko Bortolotti (I)DNS: Romain Grosjean (F), Daniil Kvyat (RUS), Edoardo Mortara (I)",NA,NA,Michelin,NA,NA,Lamborghini,SC63,#009,NA,Result: 61st - did not finish (Water pressure)Grid: 9th (1:36.4750),61st - did not finish (Water pressure)Grid: 9th (1:36.4750),finished,9,1:36.4750,NA,NA,https://www.racingsportscars.com/images/car_no_photo.png,https://www.racingsportscars.com/about.html#contrib,https://www.racingsportscars.com/make/photo/Lamborghini.html,https://www.racingsportscars.com/type/photo/Lamborghini/SC63.html,https://www.racingsportscars.com/chassis/photo/SC63-009.html,NA
2025,NA,Toyota GR010 Hybrid - Toyota H8909 V6/90° 4v DOHC 3500 cc 2xGarrett Hybrid,NA,GTP,Toyota Gazoo Racing (J),Closed bodywork,Mid-engined,,NA,black (+silver/red/white),Michelin,NA,NA,Toyota,GR010 Hybrid,NA,NA,Result: (Show car),(Show car),other,NA,NA,NA,Show car,https://www.racingsportscars.com/images/car_no_photo.png,https://www.racingsportscars.com/about.html#contrib,https://www.racingsportscars.com/make/photo/Toyota.html,https://www.racingsportscars.com/type/photo/Toyota/GR010%20Hybrid.html,NA,NA
2025,NA,Oreca 07 - Gibson GK428/Gibson Technology V8/90° 4v DOHC 4200 cc N/A,NA,LMP2,AO Racing (USA),Closed bodywork,Mid-engined,,NA,NA,Michelin,NA,NA,Oreca,07,NA,NA,Result: (Spare car),(Spare car),other,NA,NA,NA,Spare car,https://www.racingsportscars.com/images/car_no_photo.png,https://www.racingsportscars.com/about.html#contrib,https://www.racingsportscars.com/make/photo/Oreca.html,https://www.racingsportscars.com/type/photo/Oreca/07.html,NA,NA
