track,date,number,car_title,result,group,entrant,bodywork,engine,drivers,sponsor,colour,tyre,updated,contributor,make,model,suffix,chassis,result_raw,result_txt,result_status,grid,grid_time,finish_gap,dnf_reason,thumb_url,photo_url,make_url,model_url,suffix_url,chassis_url
nurburgring,1988-06-19,52,Porsche 911 Carrera RSR - Porsche F6 2v SOHC,1,Class 1,Original ATE Bremsen,Closed bodywork,Rear-engined,Edgar Dören (D)/Gerhard Holup (D)/Peter Faubel (D),NA,NA,NA,NA,NA,Porsche,911 Carrera,RSR,NA,Result: winner - (146.500 kph) - margin: 4 lapsGrid:,winner - (146.500 kph) - margin: 4 lapsGrid:,finished,NA,NA,146.500 kph,NA,https://www.racingsportscars.com/images/car_no_photo.png,https://www.racingsportscars.com/about.html#contrib,https://www.racingsportscars.com/make/photo/Porsche.html,https://www.racingsportscars.com/type/photo/Porsche/911%20Carrera.html,https://www.racingsportscars.com/suffix/photo/Porsche/911%20Carrera/RSR.html,NA
nurburgring,1988-06-19,50,Porsche 911 Carrera RSR - Porsche F6 2v SOHC,2,Class 1,Motortuning Horst Derkum,Closed bodywork,Rear-engined,Heinz Dorr/Günter Döbler (D)/Jürgen Barth (D),NA,NA,NA,NA,NA,Porsche,911 Carrera,RSR,NA,Result: 2nd (4 laps behind the winner)Grid:,2nd (4 laps behind the winner)Grid:,finished,NA,NA,4 laps behind the winner,NA,https://www.racingsportscars.com/images/car_no_photo.png,https://www.racingsportscars.com/about.html#contrib,https://www.racingsportscars.com/make/photo/Porsche.html,https://www.racingsportscars.com/type/photo/Porsche/911%20Carrera.html,https://www.racingsportscars.com/suffix/photo/Porsche/911%20Carrera/RSR.html,NA
nurburgring,1988-06-19,63,Opel Manta 400 - Opel,3,Class 2,Deutsches Opel Team,Closed bodywork,Front-engined,Norbert Haug (D)/Karl Mauer (D)/Joachim Winkelhock (D),NA,NA,NA,NA,NA,Opel,Manta,400,NA,Result: 3rd 1st in Class 2 (5 laps behind the winner)Grid:,3rd 1st in Class 2 (5 laps behind the winner)Grid:,finished,NA,NA,5 laps behind the winner,NA,https://www.racingsportscars.com/images/car_no_photo.png,https://www.racingsportscars.com/about.html#contrib,https://www.racingsportscars.com/make/photo/Opel.html,https://www.racingsportscars.com/type/photo/Opel/Manta.html,https://www.racingsportscars.com/suffix/photo/Opel/Manta/400.html,NA
nurburgring,1988-06-19,62,Opel Manta 400 - Opel,4,Class 2,Mich Motorsport GmbH,Closed bodywork,Front-engined,"Karl-Heinz Ternes/Volker Strycek (D)/""Garuda""",NA,NA,NA,NA,NA,Opel,Manta,400,NA,Result: 4th (5 laps behind the winner)Grid:,4th (5 laps behind the winner)Grid:,finished,NA,NA,5 laps behind the winner,NA,https://www.racingsportscars.com/images/car_no_photo.png,https://www.racingsportscars.com/about.html#contrib,https://www.racingsportscars.com/make/photo/Opel.html,https://www.racingsportscars.com/type/photo/Opel/Manta.html,https://www.racingsportscars.com/suffix/photo/Opel/Manta/400.html,NA
nurburgring,1988-06-19,15,Mercedes-Benz 190 E 2.3-16 - Mercedes-Benz L4 4v 2323 cc N/A,5,Class 7,AMG Motorenbau GmbH,Closed bodywork,Front-engined,Johnny Cecotto (YV)/Dany Snobeck (F)/Alain Cudini (F),NA,NA,NA,NA,NA,Mercedes-Benz,190 E,2.3-16,NA,Result: 5th 1st in Class 7 (10 laps behind the winner)Grid:,5th 1st in Class 7 (10 laps behind the winner)Grid:,finished,NA,NA,10 laps behind the winner,NA,https://www.racingsportscars.com/images/car_no_photo.png,https://www.racingsportscars.com/about.html#contrib,https://www.racingsportscars.com/make/photo/Mercedes-Benz.html,https://www.racingsportscars.com/type/photo/Mercedes-Benz/190%20E.html,https://www.racingsportscars.com/suffix/photo/Mercedes-Benz/190%20E/2.3-16.html,NA
nurburgring,1988-06-19,25,BMW 325i - BMW,6,Class 9,,-,-,Bernd Benning/Hermann Klupp/Andy Bovensiepen (D),NA,NA,NA,NA,NA,BMW,325i,NA,NA,Result: 6th 1st in Class 9 (11 laps behind the winner)Grid:,6th 1st in Class 9 (11 laps behind the winner)Grid:,finished,NA,NA,11 laps behind the winner,NA,https://www.racingsportscars.com/images/car_no_photo.png,https://www.racingsportscars.com/about.html#contrib,https://www.racingsportscars.com/make/photo/BMW.html,https://www.racingsportscars.com/type/photo/BMW/325i.html,NA,NA
nurburgring,1988-06-19,205,Porsche 944 Turbo - Porsche Turbo,7,Class 19,,-,-,Wolfgang Eickwinkel/Uwe Eickwinkel (D)/Karl-Heinz Wlazik (D),NA,NA,NA,NA,NA,Porsche,944,Turbo,NA,Result: 7th 1st in Class 19 (12 laps behind the winner)Grid:,7th 1st in Class 19 (12 laps behind the winner)Grid:,finished,NA,NA,12 laps behind the winner,NA,https://www.racingsportscars.com/images/car_no_photo.png,https://www.racingsportscars.com/about.html#contrib,https://www.racingsportscars.com/make/photo/Porsche.html,https://www.racingsportscars.com/type/photo/Porsche/944.html,https://www.racingsportscars.com/suffix/photo/Porsche/944/Turbo.html,NA
nurburgring,1988-06-19,157,BMW M3 - BMW,8,Class 15,MSC Aachen e. V. im ADAC,Closed bodywork,Front-engined,Helmut Hennes (D)/Manfred Wollgarten (D)/Michael Lauer (D),NA,NA,NA,NA,NA,BMW,M3,NA,NA,Result: 8th 1st in Class 15 (13 laps behind the winner)Grid:,8th 1st in Class 15 (13 laps behind the winner)Grid:,finished,NA,NA,13 laps behind the winner,NA,https://www.racingsportscars.com/images/car_no_photo.png,https://www.racingsportscars.com/about.html#contrib,https://www.racingsportscars.com/make/photo/BMW.html,https://www.racingsportscars.com/type/photo/BMW/M3.html,NA,NA
nurburgring,1988-06-19,24,BMW 325i - BMW,9,Class 9,MSC Aachen e. V. im ADAC,-,-,Herbert Wolf (D)/Robert Schumacher (D)/Michael Prym (A),NA,NA,NA,NA,NA,BMW,325i,NA,NA,Result: 9th (14 laps behind the winner)Grid:,9th (14 laps behind the winner)Grid:,finished,NA,NA,14 laps behind the winner,NA,https://www.racingsportscars.com/images/car_no_photo.png,https://www.racingsportscars.com/about.html#contrib,https://www.racingsportscars.com/make/photo/BMW.html,https://www.racingsportscars.com/type/photo/BMW/325i.html,NA,NA
nurburgring,1988-06-19,51,Porsche 911 Carrera RSR - Porsche F6 2v SOHC,10,Class 1,Motortuning Horst Derkum,Closed bodywork,Rear-engined,Christian Wussler/Matthias Felser (D)/Otto Altenbach (D),NA,NA,NA,NA,NA,Porsche,911 Carrera,RSR,NA,Result: 10th (14 laps behind the winner)Grid:,10th (14 laps behind the winner)Grid:,finished,NA,NA,14 laps behind the winner,NA,https://www.racingsportscars.com/images/car_no_photo.png,https://www.racingsportscars.com/about.html#contrib,https://www.racingsportscars.com/make/photo/Porsche.html,https://www.racingsportscars.com/type/photo/Porsche/911%20Carrera.html,https://www.racingsportscars.com/suffix/photo/Porsche/911%20Carrera/RSR.html,NA
nurburgring,1988-06-19,22,BMW 325i - BMW,11,Class 9,Auto Budde Team,-,-,Dieter Schäfer (D)/Rainer Teitscheid/Ellen Lohr (D),NA,NA,NA,NA,NA,BMW,325i,NA,NA,Result: 11th (15 laps behind the winner)Grid:,11th (15 laps behind the winner)Grid:,finished,NA,NA,15 laps behind the winner,NA,https://www.racingsportscars.com/images/car_no_photo.png,https://www.racingsportscars.com/about.html#contrib,https://www.racingsportscars.com/make/photo/BMW.html,https://www.racingsportscars.com/type/photo/BMW/325i.html,NA,NA
nurburgring,1988-06-19,27,BMW 323i - BMW,12,Class 9,AC Radevormwald e. V. im ADAC,-,-,Michael Ickenstein (D)/Horst Scheidereiter (D)/Manfred Wader (D),NA,NA,NA,NA,NA,BMW,323i,NA,NA,Result: 12th (15 laps behind the winner)Grid:,12th (15 laps behind the winner)Grid:,finished,NA,NA,15 laps behind the winner,NA,https://www.racingsportscars.com/images/car_no_photo.png,https://www.racingsportscars.com/about.html#contrib,https://www.racingsportscars.com/make/photo/BMW.html,https://www.racingsportscars.com/type/photo/BMW/323i.html,NA,NA
nurburgring,1988-06-19,77,Opel Manta - Opel,13,Class 3,,Closed bodywork,Front-engined,Jürgen Siebel (D)/René Gassen/Klaus Gödderz (D),NA,NA,NA,NA,NA,Opel,Manta,NA,NA,Result: 13th 1st in Class 3 (16 laps behind the winner)Grid:,13th 1st in Class 3 (16 laps behind the winner)Grid:,finished,NA,NA,16 laps behind the winner,NA,https://www.racingsportscars.com/images/car_no_photo.png,https://www.racingsportscars.com/about.html#contrib,https://www.racingsportscars.com/make/photo/Opel.html,https://www.racingsportscars.com/type/photo/Opel/Manta.html,NA,NA
nurburgring,1988-06-19,204,Porsche 944 Turbo - Porsche Turbo,14,Class 19,,-,-,Hans-Peter Lehmann/Horst Gallas/Hans Reinisch,NA,NA,NA,NA,NA,Porsche,944,Turbo,NA,Result: 14th (16 laps behind the winner)Grid:,14th (16 laps behind the winner)Grid:,finished,NA,NA,16 laps behind the winner,NA,https://www.racingsportscars.com/images/car_no_photo.png,https://www.racingsportscars.com/about.html#contrib,https://www.racingsportscars.com/make/photo/Porsche.html,https://www.racingsportscars.com/type/photo/Porsche/944.html,https://www.racingsportscars.com/suffix/photo/Porsche/944/Turbo.html,NA
nurburgring,1988-06-19,34,VW Golf GTI - VW,15,Class 10,Hohenester Motorsport,-,-,Florian Billen/Michael Dernedde/Ludwig Damminger,NA,NA,NA,NA,NA,VW,Golf,GTI,NA,Result: 15th 1st in Class 10 (16 laps behind the winner)Grid:,15th 1st in Class 10 (16 laps behind the winner)Grid:,finished,NA,NA,16 laps behind the winner,NA,https://www.racingsportscars.com/images/car_no_photo.png,https://www.racingsportscars.com/about.html#contrib,https://www.racingsportscars.com/make/photo/VW.html,https://www.racingsportscars.com/type/photo/VW/Golf.html,https://www.racingsportscars.com/suffix/photo/VW/Golf/GTI.html,NA
nurburgring,1988-06-19,213,Mercedes-Benz 190 E 2.3-16 - Mercedes-Benz L4 4v 2323 cc N/A,16,Class 20,,Closed bodywork,Front-engined,Christian Mögling/Dieter Köll (D)/Ludwig Hölzl (D),NA,NA,NA,NA,NA,Mercedes-Benz,190 E,2.3-16,NA,Result: 16th 1st in Class 20 (17 laps behind the winner)Grid:,16th 1st in Class 20 (17 laps behind the winner)Grid:,finished,NA,NA,17 laps behind the winner,NA,https://www.racingsportscars.com/images/car_no_photo.png,https://www.racingsportscars.com/about.html#contrib,https://www.racingsportscars.com/make/photo/Mercedes-Benz.html,https://www.racingsportscars.com/type/photo/Mercedes-Benz/190%20E.html,https://www.racingsportscars.com/suffix/photo/Mercedes-Benz/190%20E/2.3-16.html,NA
nurburgring,1988-06-19,138,Ford Sierra Cosworth - Ford,17,Class 14,Ford Pohl RS-Center,-,-,Hans-Günther Paul/Arno Wester (D)/Hubert Witzel,NA,NA,NA,NA,NA,Ford,Sierra,Cosworth,NA,Result: 17th 1st in Class 14 (17 laps behind the winner)Grid:,17th 1st in Class 14 (17 laps behind the winner)Grid:,finished,NA,NA,17 laps behind the winner,NA,https://www.racingsportscars.com/images/car_no_photo.png,https://www.racingsportscars.com/about.html#contrib,https://www.racingsportscars.com/make/photo/Ford.html,https://www.racingsportscars.com/type/photo/Ford/Sierra.html,https://www.racingsportscars.com/suffix/photo/Ford/Sierra/Cosworth.html,NA
nurburgring,1988-06-19,119,VW Polo Coupé - VW,18,Class 5,Autohaus Scholz Racing Team,-,-,Hermann Lamberty/Lutz-Wilhelm Höhl,NA,NA,NA,NA,NA,VW,Polo,Coupé,NA,Result: 18th 1st in Class 5 (17 laps behind the winner)Grid:,18th 1st in Class 5 (17 laps behind the winner)Grid:,finished,NA,NA,17 laps behind the winner,NA,https://www.racingsportscars.com/images/car_no_photo.png,https://www.racingsportscars.com/about.html#contrib,https://www.racingsportscars.com/make/photo/VW.html,https://www.racingsportscars.com/type/photo/VW/Polo.html,https://www.racingsportscars.com/suffix/photo/VW/Polo/Coup%c3%a9.html,NA
nurburgring,1988-06-19,215,BMW 325i - BMW,19,Class 20,MSC Adenau e. V. im ADAC,-,-,Werner Schmidt/Franz-Josef Bröhling (D)/Rafael Lunau,NA,NA,NA,NA,NA,BMW,325i,NA,NA,Result: 19th (18 laps behind the winner)Grid:,19th (18 laps behind the winner)Grid:,finished,NA,NA,18 laps behind the winner,NA,https://www.racingsportscars.com/images/car_no_photo.png,https://www.racingsportscars.com/about.html#contrib,https://www.racingsportscars.com/make/photo/BMW.html,https://www.racingsportscars.com/type/photo/BMW/325i.html,NA,NA
nurburgring,1988-06-19,36,Opel Kadett GSi - Opel,20,Class 10,Deutsches Opel Team,Closed bodywork,Front-engined,Klaus-Peter Thaler/Karl Senne (D)/Bernd Ostmann (D),NA,NA,NA,NA,NA,Opel,Kadett,GSi,NA,Result: 20th (18 laps behind the winner)Grid:,20th (18 laps behind the winner)Grid:,finished,NA,NA,18 laps behind the winner,NA,https://www.racingsportscars.com/images/car_no_photo.png,https://www.racingsportscars.com/about.html#contrib,https://www.racingsportscars.com/make/photo/Opel.html,https://www.racingsportscars.com/type/photo/Opel/Kadett.html,https://www.racingsportscars.com/suffix/photo/Opel/Kadett/GSi.html,NA
nurburgring,1988-06-19,61,Mercedes-Benz 190 E 2.3-16 - Mercedes-Benz L4 4v 2323 cc N/A,21,Class 2,Hartmann Motorsport,Closed bodywork,Front-engined,Peter John (D)/Olaf Manthey (D)/Wolfgang Schütz (D),NA,NA,NA,NA,NA,Mercedes-Benz,190 E,2.3-16,NA,Result: 21st (18 laps behind the winner)Grid:,21st (18 laps behind the winner)Grid:,finished,NA,NA,18 laps behind the winner,NA,https://www.racingsportscars.com/images/car_no_photo.png,https://www.racingsportscars.com/about.html#contrib,https://www.racingsportscars.com/make/photo/Mercedes-Benz.html,https://www.racingsportscars.com/type/photo/Mercedes-Benz/190%20E.html,https://www.racingsportscars.com/suffix/photo/Mercedes-Benz/190%20E/2.3-16.html,NA
nurburgring,1988-06-19,250,Porsche 924 S Kat. - Porsche,22,Class 22,VW Schultz Renngemeinschaft,-,-,Jürgen Ilgner (D)/Werner Kowald,NA,NA,NA,NA,NA,Porsche,924,S Kat.,NA,Result: 22nd 1st in Class 22 (18 laps behind the winner)Grid:,22nd 1st in Class 22 (18 laps behind the winner)Grid:,finished,NA,NA,18 laps behind the winner,NA,https://www.racingsportscars.com/images/car_no_photo.png,https://www.racingsportscars.com/about.html#contrib,https://www.racingsportscars.com/make/photo/Porsche.html,https://www.racingsportscars.com/type/photo/Porsche/924.html,https://www.racingsportscars.com/suffix/photo/Porsche/924/S%20Kat._.html,NA
nurburgring,1988-06-19,20,BMW 325i - BMW,23,Class 9,MSC Aachen e. V. im ADAC,-,-,Georg Severich (D)/Helmut Mallmann/Wilfried Brust,NA,NA,NA,NA,NA,BMW,325i,NA,NA,Result: 23rd (18 laps behind the winner)Grid:,23rd (18 laps behind the winner)Grid:,finished,NA,NA,18 laps behind the winner,NA,https://www.racingsportscars.com/images/car_no_photo.png,https://www.racingsportscars.com/about.html#contrib,https://www.racingsportscars.com/make/photo/BMW.html,https://www.racingsportscars.com/type/photo/BMW/325i.html,NA,NA
nurburgring,1988-06-19,248,Mercedes-Benz 190 E 2.3-16 - Mercedes-Benz L4 4v 2323 cc N/A,24,Class 21,(D),Closed bodywork,Front-engined,Wolfgang Schrey (D)/Günter Schrey (D),NA,NA,NA,NA,NA,Mercedes-Benz,190 E,2.3-16,NA,Result: 24th 1st in Class 21 (19 laps behind the winner)Grid:,24th 1st in Class 21 (19 laps behind the winner)Grid:,finished,NA,NA,19 laps behind the winner,NA,https://www.racingsportscars.com/images/car_no_photo.png,https://www.racingsportscars.com/about.html#contrib,https://www.racingsportscars.com/make/photo/Mercedes-Benz.html,https://www.racingsportscars.com/type/photo/Mercedes-Benz/190%20E.html,https://www.racingsportscars.com/suffix/photo/Mercedes-Benz/190%20E/2.3-16.html,NA
nurburgring,1988-06-19,154,BMW M3 - BMW,25,Class 15,BMW Niederlassung Düsseldorf,Closed bodywork,Front-engined,Susanne Schmitz/Otto Rensing (D)/Markus Großmann (D),NA,NA,NA,NA,NA,BMW,M3,NA,NA,Result: 25th (19 laps behind the winner)Grid:,25th (19 laps behind the winner)Grid:,finished,NA,NA,19 laps behind the winner,NA,https://www.racingsportscars.com/images/car_no_photo.png,https://www.racingsportscars.com/about.html#contrib,https://www.racingsportscars.com/make/photo/BMW.html,https://www.racingsportscars.com/type/photo/BMW/M3.html,NA,NA
nurburgring,1988-06-19,115,Škoda 130 - Škoda,26,Class 5,Škoda Team ČSSR,-,-,Willi Obermann (D)/Petr Samohýl (CS)/Svatjy Kveisa,NA,NA,NA,NA,NA,Škoda,130,NA,NA,Result: 26th (20 laps behind the winner)Grid:,26th (20 laps behind the winner)Grid:,finished,NA,NA,20 laps behind the winner,NA,https://www.racingsportscars.com/images/car_no_photo.png,https://www.racingsportscars.com/about.html#contrib,https://www.racingsportscars.com/make/photo/%c5%a0koda.html,https://www.racingsportscars.com/type/photo/%c5%a0koda/130.html,NA,NA
nurburgring,1988-06-19,176,Peugeot 205 - Peugeot,27,Class 16,ACBL Remscheid e. V.,-,-,Gunnar Hermann/Hugo Schauff (D)/Jürgen Schmitt (D),NA,NA,NA,NA,NA,Peugeot,205,NA,NA,Result: 27th 1st in Class 16 (20 laps behind the winner)Grid:,27th 1st in Class 16 (20 laps behind the winner)Grid:,finished,NA,NA,20 laps behind the winner,NA,https://www.racingsportscars.com/images/car_no_photo.png,https://www.racingsportscars.com/about.html#contrib,https://www.racingsportscars.com/make/photo/Peugeot.html,https://www.racingsportscars.com/type/photo/Peugeot/205.html,NA,NA
nurburgring,1988-06-19,209,Ford Sierra 4x4 - Ford,28,Class 20,MSC Hennef,-,-,Wolfgang Loosen/Burkhard Scheffler/Peter Knoche,NA,NA,NA,NA,NA,Ford,Sierra,4x4,NA,Result: 28th (20 laps behind the winner)Grid:,28th (20 laps behind the winner)Grid:,finished,NA,NA,20 laps behind the winner,NA,https://www.racingsportscars.com/images/car_no_photo.png,https://www.racingsportscars.com/about.html#contrib,https://www.racingsportscars.com/make/photo/Ford.html,https://www.racingsportscars.com/type/photo/Ford/Sierra.html,https://www.racingsportscars.com/suffix/photo/Ford/Sierra/4x4.html,NA
nurburgring,1988-06-19,42,Toyota Corolla - Toyota,29,Class 11,East Belgium Racing Team (B),-,-,Günther Peters (B)/José Close (B)/Paul Fraikin,NA,NA,NA,NA,NA,Toyota,Corolla,NA,NA,Result: 29th 1st in Class 11 (20 laps behind the winner)Grid:,29th 1st in Class 11 (20 laps behind the winner)Grid:,finished,NA,NA,20 laps behind the winner,NA,https://www.racingsportscars.com/images/car_no_photo.png,https://www.racingsportscars.com/about.html#contrib,https://www.racingsportscars.com/make/photo/Toyota.html,https://www.racingsportscars.com/type/photo/Toyota/Corolla.html,NA,NA
nurburgring,1988-06-19,38,Toyota Corolla - Toyota,30,Class 11,Sazma-Calypsol-Team,-,-,Rudolf Sazma/Wolfgang Haugg (D)/Peter Packbier,NA,NA,NA,NA,NA,Toyota,Corolla,NA,NA,Result: 30th (20 laps behind the winner)Grid:,30th (20 laps behind the winner)Grid:,finished,NA,NA,20 laps behind the winner,NA,https://www.racingsportscars.com/images/car_no_photo.png,https://www.racingsportscars.com/about.html#contrib,https://www.racingsportscars.com/make/photo/Toyota.html,https://www.racingsportscars.com/type/photo/Toyota/Corolla.html,NA,NA
nurburgring,1988-06-19,183,Peugeot 205 - Peugeot,31,Class 17,AC Rübenach e. V. im ADAC,-,-,Wolf-Dieter Feuerlein (D)/Jürgen Nett (D)/Wilfried Fasting,NA,NA,NA,NA,NA,Peugeot,205,NA,NA,Result: 31st 1st in Class 17 (21 laps behind the winner)Grid:,31st 1st in Class 17 (21 laps behind the winner)Grid:,finished,NA,NA,21 laps behind the winner,NA,https://www.racingsportscars.com/images/car_no_photo.png,https://www.racingsportscars.com/about.html#contrib,https://www.racingsportscars.com/make/photo/Peugeot.html,https://www.racingsportscars.com/type/photo/Peugeot/205.html,NA,NA
nurburgring,1988-06-19,173,Peugeot 205 - Peugeot,32,Class 16,,-,-,Thomas Gruhler/Peter Schneider/Karl-Friedrich Beck,NA,NA,NA,NA,NA,Peugeot,205,NA,NA,Result: 32nd (21 laps behind the winner)Grid:,32nd (21 laps behind the winner)Grid:,finished,NA,NA,21 laps behind the winner,NA,https://www.racingsportscars.com/images/car_no_photo.png,https://www.racingsportscars.com/about.html#contrib,https://www.racingsportscars.com/make/photo/Peugeot.html,https://www.racingsportscars.com/type/photo/Peugeot/205.html,NA,NA
nurburgring,1988-06-19,159,Mercedes-Benz 190 E 2.3-16 - Mercedes-Benz L4 4v 2323 cc N/A,33,Class 15,AC Baden-Baden,Closed bodywork,Front-engined,Walter Hirsch/Erhard Brochwitz/Günther Braumüller (D),NA,NA,NA,NA,NA,Mercedes-Benz,190 E,2.3-16,NA,Result: 33rd (22 laps behind the winner)Grid:,33rd (22 laps behind the winner)Grid:,finished,NA,NA,22 laps behind the winner,NA,https://www.racingsportscars.com/images/car_no_photo.png,https://www.racingsportscars.com/about.html#contrib,https://www.racingsportscars.com/make/photo/Mercedes-Benz.html,https://www.racingsportscars.com/type/photo/Mercedes-Benz/190%20E.html,https://www.racingsportscars.com/suffix/photo/Mercedes-Benz/190%20E/2.3-16.html,NA
nurburgring,1988-06-19,131,Audi 50 - Audi,34,Class 5,,-,-,Kurt Löschel/Josef Bussinger (D)/Günther Thorn,NA,NA,NA,NA,NA,Audi,50,NA,NA,Result: 34th (22 laps behind the winner)Grid:,34th (22 laps behind the winner)Grid:,finished,NA,NA,22 laps behind the winner,NA,https://www.racingsportscars.com/images/car_no_photo.png,https://www.racingsportscars.com/about.html#contrib,https://www.racingsportscars.com/make/photo/Audi.html,https://www.racingsportscars.com/type/photo/Audi/50.html,NA,NA
nurburgring,1988-06-19,186,Peugeot 205 - Peugeot,35,Class 17,RG MSC Langenfeld e. V. im ADAC,-,-,Wolfgang Simon/Jürgen Sebastian/Klaus Lütkenhues,NA,NA,NA,NA,NA,Peugeot,205,NA,NA,Result: 35th (23 laps behind the winner)Grid:,35th (23 laps behind the winner)Grid:,finished,NA,NA,23 laps behind the winner,NA,https://www.racingsportscars.com/images/car_no_photo.png,https://www.racingsportscars.com/about.html#contrib,https://www.racingsportscars.com/make/photo/Peugeot.html,https://www.racingsportscars.com/type/photo/Peugeot/205.html,NA,NA
nurburgring,1988-06-19,43,Toyota Corolla - Toyota,36,Class 11,Scuderia Augustusburg Brühl e. V. im ADAC (D),-,-,Bernd Over/Karl Over/Klaus Hemp (D),NA,NA,NA,NA,NA,Toyota,Corolla,NA,NA,Result: 36th (23 laps behind the winner)Grid:,36th (23 laps behind the winner)Grid:,finished,NA,NA,23 laps behind the winner,NA,https://www.racingsportscars.com/images/car_no_photo.png,https://www.racingsportscars.com/about.html#contrib,https://www.racingsportscars.com/make/photo/Toyota.html,https://www.racingsportscars.com/type/photo/Toyota/Corolla.html,NA,NA
nurburgring,1988-06-19,82,BMW 320 - BMW,37,Class 3,,Closed bodywork,Front-engined,Ralf Pasmann/Horst Honrath (D),NA,NA,NA,NA,NA,BMW,320,NA,NA,Result: 37th (23 laps behind the winner)Grid:,37th (23 laps behind the winner)Grid:,finished,NA,NA,23 laps behind the winner,NA,https://www.racingsportscars.com/images/car_no_photo.png,https://www.racingsportscars.com/about.html#contrib,https://www.racingsportscars.com/make/photo/BMW.html,https://www.racingsportscars.com/type/photo/BMW/320.html,NA,NA
nurburgring,1988-06-19,231,Opel Kadett C - Opel,38,Class 21,,Closed bodywork,Front-engined,Hartmut Vogt/Gerd Lambert/Holger Zilles,NA,NA,NA,NA,NA,Opel,Kadett,C,NA,Result: 38th (24 laps behind the winner)Grid:,38th (24 laps behind the winner)Grid:,finished,NA,NA,24 laps behind the winner,NA,https://www.racingsportscars.com/images/car_no_photo.png,https://www.racingsportscars.com/about.html#contrib,https://www.racingsportscars.com/make/photo/Opel.html,https://www.racingsportscars.com/type/photo/Opel/Kadett.html,https://www.racingsportscars.com/suffix/photo/Opel/Kadett/C.html,NA
nurburgring,1988-06-19,169,VW Golf GTI - VW,39,Class 16,MSC Stuttgart e. V.,-,-,Georg Nack (D)/Tom Nack (D)/Jürgen Ditzinger (D),NA,NA,NA,NA,NA,VW,Golf,GTI,NA,Result: 39th (24 laps behind the winner)Grid:,39th (24 laps behind the winner)Grid:,finished,NA,NA,24 laps behind the winner,NA,https://www.racingsportscars.com/images/car_no_photo.png,https://www.racingsportscars.com/about.html#contrib,https://www.racingsportscars.com/make/photo/VW.html,https://www.racingsportscars.com/type/photo/VW/Golf.html,https://www.racingsportscars.com/suffix/photo/VW/Golf/GTI.html,NA
nurburgring,1988-06-19,162,VW Golf GTI - VW,40,Class 16,East Belgium Racing Team,-,-,Nico Demuth (L)/Bruno Lukac/Henry Warmy,NA,NA,NA,NA,NA,VW,Golf,GTI,NA,Result: 40th (24 laps behind the winner)Grid:,40th (24 laps behind the winner)Grid:,finished,NA,NA,24 laps behind the winner,NA,https://www.racingsportscars.com/images/car_no_photo.png,https://www.racingsportscars.com/about.html#contrib,https://www.racingsportscars.com/make/photo/VW.html,https://www.racingsportscars.com/type/photo/VW/Golf.html,https://www.racingsportscars.com/suffix/photo/VW/Golf/GTI.html,NA
nurburgring,1988-06-19,95,VW Golf GTI - VW,41,Class 4,Dortmunder Motorsport-Club e. V. im ADAC,-,-,Arnold Weck/Arnd Winkelkötter/Wolfgang Öding,NA,NA,NA,NA,NA,VW,Golf,GTI,NA,Result: 41st 1st in Class 4 (24 laps behind the winner)Grid:,41st 1st in Class 4 (24 laps behind the winner)Grid:,finished,NA,NA,24 laps behind the winner,NA,https://www.racingsportscars.com/images/car_no_photo.png,https://www.racingsportscars.com/about.html#contrib,https://www.racingsportscars.com/make/photo/VW.html,https://www.racingsportscars.com/type/photo/VW/Golf.html,https://www.racingsportscars.com/suffix/photo/VW/Golf/GTI.html,NA
nurburgring,1988-06-19,59,Ferrari 308 - Ferrari,42,Class 2,QV Motors Ferrari Specialist,-,-,Robbie Stirling (CDN)/Ross Hyett (GB)/Tony Worswick,NA,NA,NA,NA,NA,Ferrari,308,NA,NA,Result: 42nd (24 laps behind the winner)Grid:,42nd (24 laps behind the winner)Grid:,finished,NA,NA,24 laps behind the winner,NA,https://www.racingsportscars.com/images/car_no_photo.png,https://www.racingsportscars.com/about.html#contrib,https://www.racingsportscars.com/make/photo/Ferrari.html,https://www.racingsportscars.com/type/photo/Ferrari/308.html,NA,NA
nurburgring,1988-06-19,238,BMW 325i Kat. - BMW,43,Class 21,Scuderia Starnberger See e. V. im ADAC,-,-,Peter Riedl/Peter Schöller (A)/Herbert Göpfert (D),NA,NA,NA,NA,NA,BMW,325i,Kat.,NA,Result: 43rd (25 laps behind the winner)Grid:,43rd (25 laps behind the winner)Grid:,finished,NA,NA,25 laps behind the winner,NA,https://www.racingsportscars.com/images/car_no_photo.png,https://www.racingsportscars.com/about.html#contrib,https://www.racingsportscars.com/make/photo/BMW.html,https://www.racingsportscars.com/type/photo/BMW/325i.html,https://www.racingsportscars.com/suffix/photo/BMW/325i/Kat._.html,NA
nurburgring,1988-06-19,156,BMW M3 - BMW,44,Class 15,AC Rübenach e. V. im ADAC,Closed bodywork,Front-engined,Jürgen Endres/Marcus Luhr/Rudi Seher (D),NA,NA,NA,NA,NA,BMW,M3,NA,NA,Result: 44th (25 laps behind the winner)Grid:,44th (25 laps behind the winner)Grid:,finished,NA,NA,25 laps behind the winner,NA,https://www.racingsportscars.com/images/car_no_photo.png,https://www.racingsportscars.com/about.html#contrib,https://www.racingsportscars.com/make/photo/BMW.html,https://www.racingsportscars.com/type/photo/BMW/M3.html,NA,NA
nurburgring,1988-06-19,185,Peugeot 205 - Peugeot,45,Class 17,Motorsportclub Burgring Nideggen e. V.,-,-,Ralf Fischer/Frank Fischer/Johannes Birkemeyer,NA,NA,NA,NA,NA,Peugeot,205,NA,NA,Result: 45th (25 laps behind the winner)Grid:,45th (25 laps behind the winner)Grid:,finished,NA,NA,25 laps behind the winner,NA,https://www.racingsportscars.com/images/car_no_photo.png,https://www.racingsportscars.com/about.html#contrib,https://www.racingsportscars.com/make/photo/Peugeot.html,https://www.racingsportscars.com/type/photo/Peugeot/205.html,NA,NA
nurburgring,1988-06-19,71,Ford Escort - Ford,46,Class 3,,Closed bodywork,Front-engined,Herbert Kummle (D)/Joachim Utsch (D)/Andreas Schall (D),NA,NA,NA,NA,NA,Ford,Escort,NA,NA,Result: 46th (25 laps behind the winner)Grid:,46th (25 laps behind the winner)Grid:,finished,NA,NA,25 laps behind the winner,NA,https://www.racingsportscars.com/images/car_no_photo.png,https://www.racingsportscars.com/about.html#contrib,https://www.racingsportscars.com/make/photo/Ford.html,https://www.racingsportscars.com/type/photo/Ford/Escort.html,NA,NA
nurburgring,1988-06-19,236,Opel Kadett GSi Kat. - Opel,47,Class 21,,Closed bodywork,Front-engined,Martin Füsser/Horst Rotter/Roland Stern,NA,NA,NA,NA,NA,Opel,Kadett,GSi Kat.,NA,Result: 47th (25 laps behind the winner)Grid:,47th (25 laps behind the winner)Grid:,finished,NA,NA,25 laps behind the winner,NA,https://www.racingsportscars.com/images/car_no_photo.png,https://www.racingsportscars.com/about.html#contrib,https://www.racingsportscars.com/make/photo/Opel.html,https://www.racingsportscars.com/type/photo/Opel/Kadett.html,https://www.racingsportscars.com/suffix/photo/Opel/Kadett/GSi%20Kat._.html,NA
nurburgring,1988-06-19,33,VW Golf GTI # - VW,48,Class 10,,-,-,Günter Kühlewein (D)/Wolfgang Süss/Richard Seiler,NA,NA,NA,NA,NA,VW,Golf,GTI,#,Result: 48th (25 laps behind the winner)Grid:,48th (25 laps behind the winner)Grid:,finished,NA,NA,25 laps behind the winner,NA,https://www.racingsportscars.com/images/car_no_photo.png,https://www.racingsportscars.com/about.html#contrib,https://www.racingsportscars.com/make/photo/VW.html,https://www.racingsportscars.com/type/photo/VW/Golf.html,https://www.racingsportscars.com/suffix/photo/VW/Golf/GTI.html,https://www.racingsportscars.com/chassis/photo/Golf-Kuhlewein%23.html
nurburgring,1988-06-19,261,BMW 318 i Kat. - BMW,49,Class 23,,-,-,Karl-Heinz Kuhlendahl/Reiner Matthes (D)/Klaus Matthes (D),NA,NA,NA,NA,NA,BMW,318,i Kat.,NA,Result: 49th 1st in Class 23 (26 laps behind the winner)Grid:,49th 1st in Class 23 (26 laps behind the winner)Grid:,finished,NA,NA,26 laps behind the winner,NA,https://www.racingsportscars.com/images/car_no_photo.png,https://www.racingsportscars.com/about.html#contrib,https://www.racingsportscars.com/make/photo/BMW.html,https://www.racingsportscars.com/type/photo/BMW/318.html,https://www.racingsportscars.com/suffix/photo/BMW/318/i%20Kat._.html,NA
nurburgring,1988-06-19,214,Ford Escort Turbo - Ford,50,Class 20,,Closed bodywork,Front-engined,Dirk Ehlebracht/Willi Mönnekes/Friedrich Weiß (D),NA,NA,NA,NA,NA,Ford,Escort,Turbo,NA,Result: 50th (26 laps behind the winner)Grid:,50th (26 laps behind the winner)Grid:,finished,NA,NA,26 laps behind the winner,NA,https://www.racingsportscars.com/images/car_no_photo.png,https://www.racingsportscars.com/about.html#contrib,https://www.racingsportscars.com/make/photo/Ford.html,https://www.racingsportscars.com/type/photo/Ford/Escort.html,https://www.racingsportscars.com/suffix/photo/Ford/Escort/Turbo.html,NA
nurburgring,1988-06-19,99,Ford Fiesta - Ford,51,Class 4,Auto Center RS Hoffarth,-,-,Eva-Maria Gerlings/Karl Schestak/Günther Schulze-Ardey,NA,NA,NA,NA,NA,Ford,Fiesta,NA,NA,Result: 51st (26 laps behind the winner)Grid:,51st (26 laps behind the winner)Grid:,finished,NA,NA,26 laps behind the winner,NA,https://www.racingsportscars.com/images/car_no_photo.png,https://www.racingsportscars.com/about.html#contrib,https://www.racingsportscars.com/make/photo/Ford.html,https://www.racingsportscars.com/type/photo/Ford/Fiesta.html,NA,NA
nurburgring,1988-06-19,107,Toyota Corolla - Toyota,52,Class 4,ms racing team e. V. im DMV,-,-,Jürgen Bonk (D)/Michael Bonk (D)/Wilfried Thomas,NA,NA,NA,NA,NA,Toyota,Corolla,NA,NA,Result: 52nd (26 laps behind the winner)Grid:,52nd (26 laps behind the winner)Grid:,finished,NA,NA,26 laps behind the winner,NA,https://www.racingsportscars.com/images/car_no_photo.png,https://www.racingsportscars.com/about.html#contrib,https://www.racingsportscars.com/make/photo/Toyota.html,https://www.racingsportscars.com/type/photo/Toyota/Corolla.html,NA,NA
nurburgring,1988-06-19,163,Fiat Ritmo - Fiat,53,Class 16,,-,-,Hans Niemann/Guy Lorang (L)/Christian Hacker,NA,NA,NA,NA,NA,Fiat,Ritmo,NA,NA,Result: 53rd (26 laps behind the winner)Grid:,53rd (26 laps behind the winner)Grid:,finished,NA,NA,26 laps behind the winner,NA,https://www.racingsportscars.com/images/car_no_photo.png,https://www.racingsportscars.com/about.html#contrib,https://www.racingsportscars.com/make/photo/Fiat.html,https://www.racingsportscars.com/type/photo/Fiat/Ritmo.html,NA,NA
nurburgring,1988-06-19,195,Suzuki Swift - Suzuki,55,Class 18,AC Rübenach e. V. im ADAC,-,-,Raimund Wittlich (D)/Jörg Chmiela (D)/Clemens Diewald (D),NA,NA,NA,NA,NA,Suzuki,Swift,NA,NA,Result: 55th 1st in Class 18 (27 laps behind the winner)Grid:,55th 1st in Class 18 (27 laps behind the winner)Grid:,finished,NA,NA,27 laps behind the winner,NA,https://www.racingsportscars.com/images/car_no_photo.png,https://www.racingsportscars.com/about.html#contrib,https://www.racingsportscars.com/make/photo/Suzuki.html,https://www.racingsportscars.com/type/photo/Suzuki/Swift.html,NA,NA
nurburgring,1988-06-19,184,Peugeot 205 - Peugeot,56,Class 17,AC Rübenach e. V. im ADAC,-,-,Bernd Ulrich/Carola Westermayer/Harald Köhler,NA,NA,NA,NA,NA,Peugeot,205,NA,NA,Result: 56th (27 laps behind the winner)Grid:,56th (27 laps behind the winner)Grid:,finished,NA,NA,27 laps behind the winner,NA,https://www.racingsportscars.com/images/car_no_photo.png,https://www.racingsportscars.com/about.html#contrib,https://www.racingsportscars.com/make/photo/Peugeot.html,https://www.racingsportscars.com/type/photo/Peugeot/205.html,NA,NA
nurburgring,1988-06-19,246,Opel Kadett GSi Kat. - Opel,57,Class 21,Deutsches Opel Team,Closed bodywork,Front-engined,Hermann-Josef Müller (D)/Horst von Saurma/Dierk Möller,NA,NA,NA,NA,NA,Opel,Kadett,GSi Kat.,NA,Result: 57th (27 laps behind the winner)Grid:,57th (27 laps behind the winner)Grid:,finished,NA,NA,27 laps behind the winner,NA,https://www.racingsportscars.com/images/car_no_photo.png,https://www.racingsportscars.com/about.html#contrib,https://www.racingsportscars.com/make/photo/Opel.html,https://www.racingsportscars.com/type/photo/Opel/Kadett.html,https://www.racingsportscars.com/suffix/photo/Opel/Kadett/GSi%20Kat._.html,NA
nurburgring,1988-06-19,244,Opel Kadett GSi Kat. - Opel,58,Class 21,Deutsches Opel Team,Closed bodywork,Front-engined,Ludwig Scheuer (D)/Holger Glanz/Nikolaus Reichert,NA,NA,NA,NA,NA,Opel,Kadett,GSi Kat.,NA,Result: 58th (27 laps behind the winner)Grid:,58th (27 laps behind the winner)Grid:,finished,NA,NA,27 laps behind the winner,NA,https://www.racingsportscars.com/images/car_no_photo.png,https://www.racingsportscars.com/about.html#contrib,https://www.racingsportscars.com/make/photo/Opel.html,https://www.racingsportscars.com/type/photo/Opel/Kadett.html,https://www.racingsportscars.com/suffix/photo/Opel/Kadett/GSi%20Kat._.html,NA
nurburgring,1988-06-19,135,Audi 50 - Audi,59,Class 5,Manfred von der Stück,-,-,Martin Schilling/Thomas Schilling,NA,NA,NA,NA,NA,Audi,50,NA,NA,Result: 59th (27 laps behind the winner)Grid:,59th (27 laps behind the winner)Grid:,finished,NA,NA,27 laps behind the winner,NA,https://www.racingsportscars.com/images/car_no_photo.png,https://www.racingsportscars.com/about.html#contrib,https://www.racingsportscars.com/make/photo/Audi.html,https://www.racingsportscars.com/type/photo/Audi/50.html,NA,NA
nurburgring,1988-06-19,201,Suzuki Swift - Suzuki,60,Class 18,,-,-,Richard Hamann (D)/Joachim Lutz/Matthias Richly,NA,NA,NA,NA,NA,Suzuki,Swift,NA,NA,Result: 60th (27 laps behind the winner)Grid:,60th (27 laps behind the winner)Grid:,finished,NA,NA,27 laps behind the winner,NA,https://www.racingsportscars.com/images/car_no_photo.png,https://www.racingsportscars.com/about.html#contrib,https://www.racingsportscars.com/make/photo/Suzuki.html,https://www.racingsportscars.com/type/photo/Suzuki/Swift.html,NA,NA
nurburgring,1988-06-19,245,Opel Kadett GSi Kat. - Opel,61,Class 21,Deutsches Opel Team,Closed bodywork,Front-engined,Heinz-Harald Frentzen (D)/Marco Werner (D)/Wilhelm Hahne (D),NA,NA,NA,NA,NA,Opel,Kadett,GSi Kat.,NA,Result: 61st (28 laps behind the winner)Grid:,61st (28 laps behind the winner)Grid:,finished,NA,NA,28 laps behind the winner,NA,https://www.racingsportscars.com/images/car_no_photo.png,https://www.racingsportscars.com/about.html#contrib,https://www.racingsportscars.com/make/photo/Opel.html,https://www.racingsportscars.com/type/photo/Opel/Kadett.html,https://www.racingsportscars.com/suffix/photo/Opel/Kadett/GSi%20Kat._.html,NA
nurburgring,1988-06-19,232,Opel Kadett - Opel,62,Class 21,,Closed bodywork,Front-engined,Becker/Gerd Daniels/Siegbert Richter,NA,NA,NA,NA,NA,Opel,Kadett,NA,NA,Result: 62nd (28 laps behind the winner)Grid:,62nd (28 laps behind the winner)Grid:,finished,NA,NA,28 laps behind the winner,NA,https://www.racingsportscars.com/images/car_no_photo.png,https://www.racingsportscars.com/about.html#contrib,https://www.racingsportscars.com/make/photo/Opel.html,https://www.racingsportscars.com/type/photo/Opel/Kadett.html,NA,NA
nurburgring,1988-06-19,199,Suzuki Swift - Suzuki,63,Class 18,MSC Adenau e. V. im ADAC,-,-,Frank Babendererde/Hubert Jahn (D)/Nikolaus Arkenau (D),NA,NA,NA,NA,NA,Suzuki,Swift,NA,NA,Result: 63rd (29 laps behind the winner)Grid:,63rd (29 laps behind the winner)Grid:,finished,NA,NA,29 laps behind the winner,NA,https://www.racingsportscars.com/images/car_no_photo.png,https://www.racingsportscars.com/about.html#contrib,https://www.racingsportscars.com/make/photo/Suzuki.html,https://www.racingsportscars.com/type/photo/Suzuki/Swift.html,NA,NA
nurburgring,1988-06-19,188,Peugeot 205 # - Peugeot,64,Class 17,Renngemeinschaft Sieglar e. V. im ADAC (D),-,-,Astrid Hild/Helmut Klinkhammer (D)/Hans Frensch (D),NA,NA,NA,NA,NA,Peugeot,205,NA,#,Result: 64th (29 laps behind the winner)Grid:,64th (29 laps behind the winner)Grid:,finished,NA,NA,29 laps behind the winner,NA,https://www.racingsportscars.com/images/car_no_photo.png,https://www.racingsportscars.com/about.html#contrib,https://www.racingsportscars.com/make/photo/Peugeot.html,https://www.racingsportscars.com/type/photo/Peugeot/205.html,NA,https://www.racingsportscars.com/chassis/photo/205-1985-Frensch%23.html
nurburgring,1988-06-19,243,Opel Kadett GSi Kat. - Opel,65,Class 21,RCvD-Ladies-Junior-Team,Closed bodywork,Front-engined,Gaby Sonnauer/Isolde Holderied/Peter Mahn,NA,NA,NA,NA,NA,Opel,Kadett,GSi Kat.,NA,Result: 65th (29 laps behind the winner)Grid:,65th (29 laps behind the winner)Grid:,finished,NA,NA,29 laps behind the winner,NA,https://www.racingsportscars.com/images/car_no_photo.png,https://www.racingsportscars.com/about.html#contrib,https://www.racingsportscars.com/make/photo/Opel.html,https://www.racingsportscars.com/type/photo/Opel/Kadett.html,https://www.racingsportscars.com/suffix/photo/Opel/Kadett/GSi%20Kat._.html,NA
nurburgring,1988-06-19,266,VW Golf Diesel - VW Diesel,66,Class 24,,-,-,Bernd Kindt/Ulrich Frank/Rainer Keck,NA,NA,NA,NA,NA,VW,Golf,Diesel,NA,Result: 66th 1st in Class 24 (29 laps behind the winner)Grid:,66th 1st in Class 24 (29 laps behind the winner)Grid:,finished,NA,NA,29 laps behind the winner,NA,https://www.racingsportscars.com/images/car_no_photo.png,https://www.racingsportscars.com/about.html#contrib,https://www.racingsportscars.com/make/photo/VW.html,https://www.racingsportscars.com/type/photo/VW/Golf.html,https://www.racingsportscars.com/suffix/photo/VW/Golf/Diesel.html,NA
nurburgring,1988-06-19,265,BMW 324td - BMW Diesel,67,Class 24,BMW Händler Team Saar,-,-,Gerd Bauer (D)/Paul Niemczyk/Jürgen Scheuerer,NA,NA,NA,NA,NA,BMW,324td,NA,NA,Result: 67th (30 laps behind the winner)Grid:,67th (30 laps behind the winner)Grid:,finished,NA,NA,30 laps behind the winner,NA,https://www.racingsportscars.com/images/car_no_photo.png,https://www.racingsportscars.com/about.html#contrib,https://www.racingsportscars.com/make/photo/BMW.html,https://www.racingsportscars.com/type/photo/BMW/324td.html,NA,NA
nurburgring,1988-06-19,242,Opel Kadett GSi Kat. - Opel,68,Class 21,,Closed bodywork,Front-engined,Meinolf Heide/Udo Jentzsch/Gerd Hakenesch,NA,NA,NA,NA,NA,Opel,Kadett,GSi Kat.,NA,Result: 68th (30 laps behind the winner)Grid:,68th (30 laps behind the winner)Grid:,finished,NA,NA,30 laps behind the winner,NA,https://www.racingsportscars.com/images/car_no_photo.png,https://www.racingsportscars.com/about.html#contrib,https://www.racingsportscars.com/make/photo/Opel.html,https://www.racingsportscars.com/type/photo/Opel/Kadett.html,https://www.racingsportscars.com/suffix/photo/Opel/Kadett/GSi%20Kat._.html,NA
nurburgring,1988-06-19,206,Ford Sierra Cosworth - Ford,69,Class 19,Original ATE Bremsen,-,-,Erbo Hermanns/Stefan Roser/Kalli Hufstadt (D),NA,NA,NA,NA,NA,Ford,Sierra,Cosworth,NA,Result: 69th (30 laps behind the winner)Grid:,69th (30 laps behind the winner)Grid:,finished,NA,NA,30 laps behind the winner,NA,https://www.racingsportscars.com/images/car_no_photo.png,https://www.racingsportscars.com/about.html#contrib,https://www.racingsportscars.com/make/photo/Ford.html,https://www.racingsportscars.com/type/photo/Ford/Sierra.html,https://www.racingsportscars.com/suffix/photo/Ford/Sierra/Cosworth.html,NA
nurburgring,1988-06-19,178,Honda Civic - Honda,70,Class 17,MSC Ruhrblitz e. V.,-,-,Dino Drössiger (D)/Klaus Marienfeld/Helge Probst (D),NA,NA,NA,NA,NA,Honda,Civic,NA,NA,Result: 70th (30 laps behind the winner)Grid:,70th (30 laps behind the winner)Grid:,finished,NA,NA,30 laps behind the winner,NA,https://www.racingsportscars.com/images/car_no_photo.png,https://www.racingsportscars.com/about.html#contrib,https://www.racingsportscars.com/make/photo/Honda.html,https://www.racingsportscars.com/type/photo/Honda/Civic.html,NA,NA
nurburgring,1988-06-19,256,Audi 80 Kat. - Audi,71,Class 23,MSC Dhünn e. V.,-,-,Wilfried Selbach/Arnd Lennartz/Gerhard Diel,NA,NA,NA,NA,NA,Audi,80,Kat.,NA,Result: 71st (30 laps behind the winner)Grid:,71st (30 laps behind the winner)Grid:,finished,NA,NA,30 laps behind the winner,NA,https://www.racingsportscars.com/images/car_no_photo.png,https://www.racingsportscars.com/about.html#contrib,https://www.racingsportscars.com/make/photo/Audi.html,https://www.racingsportscars.com/type/photo/Audi/80.html,https://www.racingsportscars.com/suffix/photo/Audi/80/Kat._.html,NA
nurburgring,1988-06-19,241,VW Golf GTI - VW,72,Class 21,VAG Hoffrichter Sport,-,-,Michael Hess (D)/Ralf Hoffrichter/Franz Fahnenbruck,NA,NA,NA,NA,NA,VW,Golf,GTI,NA,Result: 72nd (31 laps behind the winner)Grid:,72nd (31 laps behind the winner)Grid:,finished,NA,NA,31 laps behind the winner,NA,https://www.racingsportscars.com/images/car_no_photo.png,https://www.racingsportscars.com/about.html#contrib,https://www.racingsportscars.com/make/photo/VW.html,https://www.racingsportscars.com/type/photo/VW/Golf.html,https://www.racingsportscars.com/suffix/photo/VW/Golf/GTI.html,NA
nurburgring,1988-06-19,168,Opel Kadett GSi - Opel,73,Class 16,Kreis Opel Motorsport,Closed bodywork,Front-engined,Helmut Kreis (D)/Gregor Schulte/Jürgen Stöcklein,NA,NA,NA,NA,NA,Opel,Kadett,GSi,NA,Result: 73rd (31 laps behind the winner)Grid:,73rd (31 laps behind the winner)Grid:,finished,NA,NA,31 laps behind the winner,NA,https://www.racingsportscars.com/images/car_no_photo.png,https://www.racingsportscars.com/about.html#contrib,https://www.racingsportscars.com/make/photo/Opel.html,https://www.racingsportscars.com/type/photo/Opel/Kadett.html,https://www.racingsportscars.com/suffix/photo/Opel/Kadett/GSi.html,NA
nurburgring,1988-06-19,219,Ford Escort RS 2000 - Ford,74,Class 20,Ford Kuhn Motorsport Renngemeinschaft Krefeld,Closed bodywork,Front-engined,Tomaso Ossino/Udo Plotkowiak/Edmund Gastes (D),NA,NA,NA,NA,NA,Ford,Escort,RS 2000,NA,Result: 74th (31 laps behind the winner)Grid:,74th (31 laps behind the winner)Grid:,finished,NA,NA,31 laps behind the winner,NA,https://www.racingsportscars.com/images/car_no_photo.png,https://www.racingsportscars.com/about.html#contrib,https://www.racingsportscars.com/make/photo/Ford.html,https://www.racingsportscars.com/type/photo/Ford/Escort.html,https://www.racingsportscars.com/suffix/photo/Ford/Escort/RS%202000.html,NA
nurburgring,1988-06-19,226,Opel Ascona - Opel,75,Class 21,,Closed bodywork,Front-engined,Manfred Schlaug/Johann Kainz/Frank Haack,NA,NA,NA,NA,NA,Opel,Ascona,NA,NA,Result: 75th (31 laps behind the winner)Grid:,75th (31 laps behind the winner)Grid:,finished,NA,NA,31 laps behind the winner,NA,https://www.racingsportscars.com/images/car_no_photo.png,https://www.racingsportscars.com/about.html#contrib,https://www.racingsportscars.com/make/photo/Opel.html,https://www.racingsportscars.com/type/photo/Opel/Ascona.html,NA,NA
nurburgring,1988-06-19,68,Opel Kadett C - Opel,76,Class 3,AMC 1927 Lünen e. V. im ADAC,Closed bodywork,Front-engined,Klaus Kuhne/Gerd Flentje/Peter Brink (D),NA,NA,NA,NA,NA,Opel,Kadett,C,NA,Result: 76th (31 laps behind the winner)Grid:,76th (31 laps behind the winner)Grid:,finished,NA,NA,31 laps behind the winner,NA,https://www.racingsportscars.com/images/car_no_photo.png,https://www.racingsportscars.com/about.html#contrib,https://www.racingsportscars.com/make/photo/Opel.html,https://www.racingsportscars.com/type/photo/Opel/Kadett.html,https://www.racingsportscars.com/suffix/photo/Opel/Kadett/C.html,NA
nurburgring,1988-06-19,233,Opel Kadett - Opel,77,Class 21,Renngemeinschaft Düren e. V.,Closed bodywork,Front-engined,Jürgen Jansen/Karl Jonas/Hans-Werner Schüller,NA,NA,NA,NA,NA,Opel,Kadett,NA,NA,Result: 77th (32 laps behind the winner)Grid:,77th (32 laps behind the winner)Grid:,finished,NA,NA,32 laps behind the winner,NA,https://www.racingsportscars.com/images/car_no_photo.png,https://www.racingsportscars.com/about.html#contrib,https://www.racingsportscars.com/make/photo/Opel.html,https://www.racingsportscars.com/type/photo/Opel/Kadett.html,NA,NA
nurburgring,1988-06-19,179,Toyota Corolla - Toyota,78,Class 17,MSC Adenau e. V. im ADAC,-,-,Karl-Rudolf Hamacher/Dieter Jung/Hans Jürgen Kettner,NA,NA,NA,NA,NA,Toyota,Corolla,NA,NA,Result: 78th (32 laps behind the winner)Grid:,78th (32 laps behind the winner)Grid:,finished,NA,NA,32 laps behind the winner,NA,https://www.racingsportscars.com/images/car_no_photo.png,https://www.racingsportscars.com/about.html#contrib,https://www.racingsportscars.com/make/photo/Toyota.html,https://www.racingsportscars.com/type/photo/Toyota/Corolla.html,NA,NA
nurburgring,1988-06-19,144,Ford Sierra Cosworth - Ford,79,Class 14,Original ATE Bremsen,-,-,Klaus-Peter Frieske/Kalli Hufstadt (D)/Wolfgang Sander (D),NA,NA,NA,NA,NA,Ford,Sierra,Cosworth,NA,Result: 79th (32 laps behind the winner)Grid:,79th (32 laps behind the winner)Grid:,finished,NA,NA,32 laps behind the winner,NA,https://www.racingsportscars.com/images/car_no_photo.png,https://www.racingsportscars.com/about.html#contrib,https://www.racingsportscars.com/make/photo/Ford.html,https://www.racingsportscars.com/type/photo/Ford/Sierra.html,https://www.racingsportscars.com/suffix/photo/Ford/Sierra/Cosworth.html,NA
nurburgring,1988-06-19,167,Opel Kadett E - Opel,80,Class 16,,Closed bodywork,Front-engined,Andreas Willhaus/Johannes Egenolf,NA,NA,NA,NA,NA,Opel,Kadett,E,NA,Result: 80th (32 laps behind the winner)Grid:,80th (32 laps behind the winner)Grid:,finished,NA,NA,32 laps behind the winner,NA,https://www.racingsportscars.com/images/car_no_photo.png,https://www.racingsportscars.com/about.html#contrib,https://www.racingsportscars.com/make/photo/Opel.html,https://www.racingsportscars.com/type/photo/Opel/Kadett.html,https://www.racingsportscars.com/suffix/photo/Opel/Kadett/E.html,NA
nurburgring,1988-06-19,254,Opel Kadett Kat. - Opel,81,Class 22,VSA-Vereinigung Süddeutscher Automobilsportler,Closed bodywork,Front-engined,Andy Middendorf (D)/Ingrid Steger/Gertrud Hartge,NA,NA,NA,NA,NA,Opel,Kadett,Kat.,NA,Result: 81st (32 laps behind the winner)Grid:,81st (32 laps behind the winner)Grid:,finished,NA,NA,32 laps behind the winner,NA,https://www.racingsportscars.com/images/car_no_photo.png,https://www.racingsportscars.com/about.html#contrib,https://www.racingsportscars.com/make/photo/Opel.html,https://www.racingsportscars.com/type/photo/Opel/Kadett.html,https://www.racingsportscars.com/suffix/photo/Opel/Kadett/Kat._.html,NA
nurburgring,1988-06-19,28,BMW 325i - BMW,82,Class 9,,-,-,Axel von Hatten/Georg Memminger (D)/Logan Willms (D),NA,NA,NA,NA,NA,BMW,325i,NA,NA,Result: 82nd (32 laps behind the winner)Grid:,82nd (32 laps behind the winner)Grid:,finished,NA,NA,32 laps behind the winner,NA,https://www.racingsportscars.com/images/car_no_photo.png,https://www.racingsportscars.com/about.html#contrib,https://www.racingsportscars.com/make/photo/BMW.html,https://www.racingsportscars.com/type/photo/BMW/325i.html,NA,NA
nurburgring,1988-06-19,207,Honda Civic CRX - Honda,83,Class 19,,-,-,Markus König/Jürgen Klaiber/Horst Reblitz,NA,NA,NA,NA,NA,Honda,Civic,CRX,NA,Result: 83rd (32 laps behind the winner)Grid:,83rd (32 laps behind the winner)Grid:,finished,NA,NA,32 laps behind the winner,NA,https://www.racingsportscars.com/images/car_no_photo.png,https://www.racingsportscars.com/about.html#contrib,https://www.racingsportscars.com/make/photo/Honda.html,https://www.racingsportscars.com/type/photo/Honda/Civic.html,https://www.racingsportscars.com/suffix/photo/Honda/Civic/CRX.html,NA
nurburgring,1988-06-19,80,Ford Escort RS 2000 - Ford,84,Class 3,Scuderia Augustusburg Brühl e. V. im ADAC,Closed bodywork,Front-engined,Klemens Nüchter/Ingo Jeleniowski (D)/Jürgen Zanetti,NA,NA,NA,NA,NA,Ford,Escort,RS 2000,NA,Result: 84th (32 laps behind the winner)Grid:,84th (32 laps behind the winner)Grid:,finished,NA,NA,32 laps behind the winner,NA,https://www.racingsportscars.com/images/car_no_photo.png,https://www.racingsportscars.com/about.html#contrib,https://www.racingsportscars.com/make/photo/Ford.html,https://www.racingsportscars.com/type/photo/Ford/Escort.html,https://www.racingsportscars.com/suffix/photo/Ford/Escort/RS%202000.html,NA
nurburgring,1988-06-19,41,Honda Civic SI - Honda,85,Class 11,Hasco Motor-Honda Dealer Team,-,-,Harald Huysman (B)/Lars Helgerud Andersen/Lars Sundling,NA,NA,NA,NA,NA,Honda,Civic,SI,NA,Result: 85th (32 laps behind the winner)Grid:,85th (32 laps behind the winner)Grid:,finished,NA,NA,32 laps behind the winner,NA,https://www.racingsportscars.com/images/car_no_photo.png,https://www.racingsportscars.com/about.html#contrib,https://www.racingsportscars.com/make/photo/Honda.html,https://www.racingsportscars.com/type/photo/Honda/Civic.html,https://www.racingsportscars.com/suffix/photo/Honda/Civic/SI.html,NA
nurburgring,1988-06-19,228,Opel Kadett C - Opel,86,Class 21,,Closed bodywork,Front-engined,Peter Hass (D)/Bernhard Schmittner/Eckhard Kern,NA,NA,NA,NA,NA,Opel,Kadett,C,NA,Result: 86th (33 laps behind the winner)Grid:,86th (33 laps behind the winner)Grid:,finished,NA,NA,33 laps behind the winner,NA,https://www.racingsportscars.com/images/car_no_photo.png,https://www.racingsportscars.com/about.html#contrib,https://www.racingsportscars.com/make/photo/Opel.html,https://www.racingsportscars.com/type/photo/Opel/Kadett.html,https://www.racingsportscars.com/suffix/photo/Opel/Kadett/C.html,NA
nurburgring,1988-06-19,123,Fiat 128 Sport Coupé - Fiat N/A,87,Class 5,,-,-,Karl-Alois Kaster/Aribert Poensgen,NA,NA,NA,NA,NA,Fiat,128 Sport Coupé,NA,NA,Result: 87th (33 laps behind the winner)Grid:,87th (33 laps behind the winner)Grid:,finished,NA,NA,33 laps behind the winner,NA,https://www.racingsportscars.com/images/car_no_photo.png,https://www.racingsportscars.com/about.html#contrib,https://www.racingsportscars.com/make/photo/Fiat.html,https://www.racingsportscars.com/type/photo/Fiat/128%20Sport%20Coup%c3%a9.html,NA,NA
nurburgring,1988-06-19,145,Ford Sierra Cosworth - Ford,88,Class 14,Krafft Walzen Team,-,-,Werner Kather (D)/Stefan Schlesack (D)/Rüdiger Hahn,NA,NA,NA,NA,NA,Ford,Sierra,Cosworth,NA,Result: 88th (34 laps behind the winner)Grid:,88th (34 laps behind the winner)Grid:,finished,NA,NA,34 laps behind the winner,NA,https://www.racingsportscars.com/images/car_no_photo.png,https://www.racingsportscars.com/about.html#contrib,https://www.racingsportscars.com/make/photo/Ford.html,https://www.racingsportscars.com/type/photo/Ford/Sierra.html,https://www.racingsportscars.com/suffix/photo/Ford/Sierra/Cosworth.html,NA
nurburgring,1988-06-19,87,VW Golf GTI - VW,90,Class 3,,-,-,Hans Mühlenz/Peter Prosten/Michael Mühlenz,NA,NA,NA,NA,NA,VW,Golf,GTI,NA,Result: 90th (34 laps behind the winner)Grid:,90th (34 laps behind the winner)Grid:,finished,NA,NA,34 laps behind the winner,NA,https://www.racingsportscars.com/images/car_no_photo.png,https://www.racingsportscars.com/about.html#contrib,https://www.racingsportscars.com/make/photo/VW.html,https://www.racingsportscars.com/type/photo/VW/Golf.html,https://www.racingsportscars.com/suffix/photo/VW/Golf/GTI.html,NA
nurburgring,1988-06-19,166,VW Golf GTI - VW,91,Class 16,Dortmunder Motorsport-Club e. V. im ADAC,-,-,Otto Hüneke/Hans-Werner Bruch/Rolf Dippe,NA,NA,NA,NA,NA,VW,Golf,GTI,NA,Result: 91st (34 laps behind the winner)Grid:,91st (34 laps behind the winner)Grid:,finished,NA,NA,34 laps behind the winner,NA,https://www.racingsportscars.com/images/car_no_photo.png,https://www.racingsportscars.com/about.html#contrib,https://www.racingsportscars.com/make/photo/VW.html,https://www.racingsportscars.com/type/photo/VW/Golf.html,https://www.racingsportscars.com/suffix/photo/VW/Golf/GTI.html,NA
nurburgring,1988-06-19,67,VW Golf GTI # - VW,92,Class 3,(D),-,-,Werner Lungstrass (D)/Hans-Joachim Scheurlen/Luis Enderle/Jürgen Jäger,NA,NA,NA,NA,NA,VW,Golf,GTI,#,Result: 92nd (35 laps behind the winner)Grid:,92nd (35 laps behind the winner)Grid:,finished,NA,NA,35 laps behind the winner,NA,https://www.racingsportscars.com/images/car_no_photo.png,https://www.racingsportscars.com/about.html#contrib,https://www.racingsportscars.com/make/photo/VW.html,https://www.racingsportscars.com/type/photo/VW/Golf.html,https://www.racingsportscars.com/suffix/photo/VW/Golf/GTI.html,https://www.racingsportscars.com/chassis/photo/Golf-Lungstrass%23.html
nurburgring,1988-06-19,103,Lotus Caterham,93,Class 4,,-,-,Simon James Wheeler/John McLean (GB)/Alec Poole (IRL),NA,NA,NA,NA,NA,Lotus,Caterham,NA,NA,Result: 93rd (35 laps behind the winner)Grid:,93rd (35 laps behind the winner)Grid:,finished,NA,NA,35 laps behind the winner,NA,https://www.racingsportscars.com/images/car_no_photo.png,https://www.racingsportscars.com/about.html#contrib,https://www.racingsportscars.com/make/photo/Lotus.html,https://www.racingsportscars.com/type/photo/Lotus/Caterham.html,NA,NA
nurburgring,1988-06-19,253,VW Golf GTI Kat. - VW,94,Class 22,MSC Indersdorf e. V. im ADAC,-,-,Arthur Kellndorfer/Alfons Stock/Dieter Uhlemann,NA,NA,NA,NA,NA,VW,Golf,GTI Kat.,NA,Result: 94th (36 laps behind the winner)Grid:,94th (36 laps behind the winner)Grid:,finished,NA,NA,36 laps behind the winner,NA,https://www.racingsportscars.com/images/car_no_photo.png,https://www.racingsportscars.com/about.html#contrib,https://www.racingsportscars.com/make/photo/VW.html,https://www.racingsportscars.com/type/photo/VW/Golf.html,https://www.racingsportscars.com/suffix/photo/VW/Golf/GTI%20Kat._.html,NA
nurburgring,1988-06-19,84,Ford Escort RS 2000 - Ford,95,Class 3,Sportfahrergemeinschaft Köln e. V. im ADAC,Closed bodywork,Front-engined,Berthold Schmitz/Dieter Lingen (D)/Robert Baumann,NA,NA,NA,NA,NA,Ford,Escort,RS 2000,NA,Result: 95th (37 laps behind the winner)Grid:,95th (37 laps behind the winner)Grid:,finished,NA,NA,37 laps behind the winner,NA,https://www.racingsportscars.com/images/car_no_photo.png,https://www.racingsportscars.com/about.html#contrib,https://www.racingsportscars.com/make/photo/Ford.html,https://www.racingsportscars.com/type/photo/Ford/Escort.html,https://www.racingsportscars.com/suffix/photo/Ford/Escort/RS%202000.html,NA
nurburgring,1988-06-19,202,Suzuki Swift - Suzuki,96,Class 18,Scuderia Starnberger See e. V. im ADAC,-,-,Robert Göpfert/Renate Göpfert/Gunter Debatin,NA,NA,NA,NA,NA,Suzuki,Swift,NA,NA,Result: 96th (38 laps behind the winner)Grid:,96th (38 laps behind the winner)Grid:,finished,NA,NA,38 laps behind the winner,NA,https://www.racingsportscars.com/images/car_no_photo.png,https://www.racingsportscars.com/about.html#contrib,https://www.racingsportscars.com/make/photo/Suzuki.html,https://www.racingsportscars.com/type/photo/Suzuki/Swift.html,NA,NA
nurburgring,1988-06-19,235,Alfa Romeo 75 Kat. - Alfa Romeo,97,Class 21,Scuderia Starnberger See e. V. im ADAC,-,-,Dieter Kuppi (D)/Peter Schöller (A)/Jakob Straßer (D),NA,NA,NA,NA,NA,Alfa Romeo,75,Kat.,NA,Result: 97th (38 laps behind the winner)Grid:,97th (38 laps behind the winner)Grid:,finished,NA,NA,38 laps behind the winner,NA,https://www.racingsportscars.com/images/car_no_photo.png,https://www.racingsportscars.com/about.html#contrib,https://www.racingsportscars.com/make/photo/Alfa%20Romeo.html,https://www.racingsportscars.com/type/photo/Alfa%20Romeo/75.html,https://www.racingsportscars.com/suffix/photo/Alfa%20Romeo/75/Kat._.html,NA
nurburgring,1988-06-19,113,Fiat 128 Sport Coupé - Fiat N/A,98,Class 5,Motor-Club Köln e. V. im ADAC,-,-,Gerd Berlin/Klaus Derlath/Wilfried Friederichs,NA,NA,NA,NA,NA,Fiat,128 Sport Coupé,NA,NA,Result: 98th (38 laps behind the winner)Grid:,98th (38 laps behind the winner)Grid:,finished,NA,NA,38 laps behind the winner,NA,https://www.racingsportscars.com/images/car_no_photo.png,https://www.racingsportscars.com/about.html#contrib,https://www.racingsportscars.com/make/photo/Fiat.html,https://www.racingsportscars.com/type/photo/Fiat/128%20Sport%20Coup%c3%a9.html,NA,NA
nurburgring,1988-06-19,239,VW Golf GTI Kat. - VW,100,Class 21,MSC Gladbeck e. V.,-,-,Jörg Thewes/Jörg Karkowski/Wolfgang Buchholz (D),NA,NA,NA,NA,NA,VW,Golf,GTI Kat.,NA,Result: 100th (41 laps behind the winner)Grid:,100th (41 laps behind the winner)Grid:,finished,NA,NA,41 laps behind the winner,NA,https://www.racingsportscars.com/images/car_no_photo.png,https://www.racingsportscars.com/about.html#contrib,https://www.racingsportscars.com/make/photo/VW.html,https://www.racingsportscars.com/type/photo/VW/Golf.html,https://www.racingsportscars.com/suffix/photo/VW/Golf/GTI%20Kat._.html,NA
nurburgring,1988-06-19,129,Audi 50 - Audi,101,Class 5,,-,-,Peter Spell/Jürgen Schröder/Bodo Herrmann,NA,NA,NA,NA,NA,Audi,50,NA,NA,Result: 101st (41 laps behind the winner)Grid:,101st (41 laps behind the winner)Grid:,finished,NA,NA,41 laps behind the winner,NA,https://www.racingsportscars.com/images/car_no_photo.png,https://www.racingsportscars.com/about.html#contrib,https://www.racingsportscars.com/make/photo/Audi.html,https://www.racingsportscars.com/type/photo/Audi/50.html,NA,NA
nurburgring,1988-06-19,224,Opel Manta B - Opel,102,Class 21,,Closed bodywork,Front-engined,Roland Hardtke/Peter Meschkat,NA,NA,NA,NA,NA,Opel,Manta,B,NA,Result: 102nd (42 laps behind the winner)Grid:,102nd (42 laps behind the winner)Grid:,finished,NA,NA,42 laps behind the winner,NA,https://www.racingsportscars.com/images/car_no_photo.png,https://www.racingsportscars.com/about.html#contrib,https://www.racingsportscars.com/make/photo/Opel.html,https://www.racingsportscars.com/type/photo/Opel/Manta.html,https://www.racingsportscars.com/suffix/photo/Opel/Manta/B.html,NA
nurburgring,1988-06-19,140,Ford Sierra - Ford,103,Class 14,,-,-,Alessandro Berti (I)/Andreas Maier (D)/Wolfgang Weigel,NA,NA,NA,NA,NA,Ford,Sierra,NA,NA,Result: 103rd (45 laps behind the winner)Grid:,103rd (45 laps behind the winner)Grid:,finished,NA,NA,45 laps behind the winner,NA,https://www.racingsportscars.com/images/car_no_photo.png,https://www.racingsportscars.com/about.html#contrib,https://www.racingsportscars.com/make/photo/Ford.html,https://www.racingsportscars.com/type/photo/Ford/Sierra.html,NA,NA
nurburgring,1988-06-19,223,Ford Escort RS 2000 - Ford,104,Class 21,Ford Kuhn Motorsport Renngemeinschaft Krefeld,Closed bodywork,Front-engined,Hans-Otto Mallwitz/Michael Jaerchow/Jürgen Jaerchow,NA,NA,NA,NA,NA,Ford,Escort,RS 2000,NA,Result: 104th (46 laps behind the winner)Grid:,104th (46 laps behind the winner)Grid:,finished,NA,NA,46 laps behind the winner,NA,https://www.racingsportscars.com/images/car_no_photo.png,https://www.racingsportscars.com/about.html#contrib,https://www.racingsportscars.com/make/photo/Ford.html,https://www.racingsportscars.com/type/photo/Ford/Escort.html,https://www.racingsportscars.com/suffix/photo/Ford/Escort/RS%202000.html,NA
nurburgring,1988-06-19,73,Opel Ascona - Opel,105,Class 3,,Closed bodywork,Front-engined,Alwin Dargel/Günther Heider/Fritz Hundrieser,NA,NA,NA,NA,NA,Opel,Ascona,NA,NA,Result: 105th (47 laps behind the winner)Grid:,105th (47 laps behind the winner)Grid:,finished,NA,NA,47 laps behind the winner,NA,https://www.racingsportscars.com/images/car_no_photo.png,https://www.racingsportscars.com/about.html#contrib,https://www.racingsportscars.com/make/photo/Opel.html,https://www.racingsportscars.com/type/photo/Opel/Ascona.html,NA,NA
nurburgring,1988-06-19,175,Opel Kadett - Opel,106,Class 16,,Closed bodywork,Front-engined,Armin Bickmann/Rainer Lehmann/Gerd Ostländer,NA,NA,NA,NA,NA,Opel,Kadett,NA,NA,Result: 106th (48 laps behind the winner)Grid:,106th (48 laps behind the winner)Grid:,finished,NA,NA,48 laps behind the winner,NA,https://www.racingsportscars.com/images/car_no_photo.png,https://www.racingsportscars.com/about.html#contrib,https://www.racingsportscars.com/make/photo/Opel.html,https://www.racingsportscars.com/type/photo/Opel/Kadett.html,NA,NA
nurburgring,1988-06-19,69,Ford Escort RS 2000 - Ford,107,Class 3,Ford Kuhn Motorsport Renngemeinschaft Krefeld,Closed bodywork,Front-engined,Hans-Otto Mallwitz/Michael Brooks (GB)/Helmut Trommer,NA,NA,NA,NA,NA,Ford,Escort,RS 2000,NA,Result: 107th (49 laps behind the winner)Grid:,107th (49 laps behind the winner)Grid:,finished,NA,NA,49 laps behind the winner,NA,https://www.racingsportscars.com/images/car_no_photo.png,https://www.racingsportscars.com/about.html#contrib,https://www.racingsportscars.com/make/photo/Ford.html,https://www.racingsportscars.com/type/photo/Ford/Escort.html,https://www.racingsportscars.com/suffix/photo/Ford/Escort/RS%202000.html,NA
nurburgring,1988-06-19,35,VW Golf GTI - VW,108,Class 10,,-,-,Gustav Edelhoff (D)/Johannes Kirchhoff (D)/Wolfgang Boller (D),NA,NA,NA,NA,NA,VW,Golf,GTI,NA,Result: 108th (50 laps behind the winner)Grid:,108th (50 laps behind the winner)Grid:,finished,NA,NA,50 laps behind the winner,NA,https://www.racingsportscars.com/images/car_no_photo.png,https://www.racingsportscars.com/about.html#contrib,https://www.racingsportscars.com/make/photo/VW.html,https://www.racingsportscars.com/type/photo/VW/Golf.html,https://www.racingsportscars.com/suffix/photo/VW/Golf/GTI.html,NA
nurburgring,1988-06-19,240,Mercedes-Benz 190 E 2.3-16 - Mercedes-Benz L4 4v 2323 cc N/A,109,Class 21,,Closed bodywork,Front-engined,Frank Kostera/Gerhard Lepler/Heinrich Weiss,NA,NA,NA,NA,NA,Mercedes-Benz,190 E,2.3-16,NA,Result: 109th (52 laps behind the winner)Grid:,109th (52 laps behind the winner)Grid:,finished,NA,NA,52 laps behind the winner,NA,https://www.racingsportscars.com/images/car_no_photo.png,https://www.racingsportscars.com/about.html#contrib,https://www.racingsportscars.com/make/photo/Mercedes-Benz.html,https://www.racingsportscars.com/type/photo/Mercedes-Benz/190%20E.html,https://www.racingsportscars.com/suffix/photo/Mercedes-Benz/190%20E/2.3-16.html,NA
nurburgring,1988-06-19,118,VW Polo Coupé - VW,110,Class 5,D.A.M.C. 05 Düsseldorf e. V. im ADAC,-,-,Michael Hauck/Gerd Holtkamp (D)/Norbert Welter,NA,NA,NA,NA,NA,VW,Polo,Coupé,NA,Result: 110th (53 laps behind the winner)Grid:,110th (53 laps behind the winner)Grid:,finished,NA,NA,53 laps behind the winner,NA,https://www.racingsportscars.com/images/car_no_photo.png,https://www.racingsportscars.com/about.html#contrib,https://www.racingsportscars.com/make/photo/VW.html,https://www.racingsportscars.com/type/photo/VW/Polo.html,https://www.racingsportscars.com/suffix/photo/VW/Polo/Coup%c3%a9.html,NA
nurburgring,1988-06-19,217,Porsche 944 Turbo - Porsche Turbo,NA,Class 20,Löhr und Becker,-,-,Dirk Busch-Ridder/Dirk Wagner/Edgar Wagner,NA,NA,NA,NA,NA,Porsche,944,Turbo,NA,Result: disqualified (12 laps behind the winner)Grid:,disqualified (12 laps behind the winner)Grid:,other,NA,NA,NA,12 laps behind the winner,https://www.racingsportscars.com/images/car_no_photo.png,https://www.racingsportscars.com/about.html#contrib,https://www.racingsportscars.com/make/photo/Porsche.html,https://www.racingsportscars.com/type/photo/Porsche/944.html,https://www.racingsportscars.com/suffix/photo/Porsche/944/Turbo.html,NA
nurburgring,1988-06-19,2,Ford Sierra Cosworth - Ford,NA,Class 8,Ford Texaco Eggenberger Racing Team,-,-,Gianfranco Brancatelli (I)Pierre Dieudonné (B)/Steve Soper (GB),NA,NA,NA,NA,NA,Ford,Sierra,Cosworth,NA,Result: did not finishGrid:,did not finishGrid:,not_finished,NA,NA,NA,NA,https://www.racingsportscars.com/images/car_no_photo.png,https://www.racingsportscars.com/about.html#contrib,https://www.racingsportscars.com/make/photo/Ford.html,https://www.racingsportscars.com/type/photo/Ford/Sierra.html,https://www.racingsportscars.com/suffix/photo/Ford/Sierra/Cosworth.html,NA
nurburgring,1988-06-19,225,Opel Kadett C GT/E - Opel L4 2v CIH 1979 cc N/A,NA,Class 21,Kissling Motorsport,Closed bodywork,Front-engined,Klaus Kober/Peter Kober/Hans-Jürgen Berg,NA,NA,NA,NA,NA,Opel,Kadett,C GT/E,NA,Result: did not finishGrid:,did not finishGrid:,not_finished,NA,NA,NA,NA,https://www.racingsportscars.com/images/car_no_photo.png,https://www.racingsportscars.com/about.html#contrib,https://www.racingsportscars.com/make/photo/Opel.html,https://www.racingsportscars.com/type/photo/Opel/Kadett.html,https://www.racingsportscars.com/suffix/photo/Opel/Kadett/C%20GT__E.html,NA
nurburgring,1988-06-19,109,VW Golf GTI - VW,NA,Class 4,,-,-,Horst-Peter Buron/Helmut Nelson/Kurt Schwarzin (D),NA,NA,NA,NA,NA,VW,Golf,GTI,NA,Result: did not finishGrid:,did not finishGrid:,not_finished,NA,NA,NA,NA,https://www.racingsportscars.com/images/car_no_photo.png,https://www.racingsportscars.com/about.html#contrib,https://www.racingsportscars.com/make/photo/VW.html,https://www.racingsportscars.com/type/photo/VW/Golf.html,https://www.racingsportscars.com/suffix/photo/VW/Golf/GTI.html,NA
nurburgring,1988-06-19,8,BMW M3 - BMW,NA,Class 7,BMW Motorsport GmbH,Closed bodywork,Front-engined,Altfrid Heger (D)/Wilfried Vogt (D)/Dieter Quester (A),NA,NA,NA,NA,NA,BMW,M3,NA,NA,Result: did not finishGrid:,did not finishGrid:,not_finished,NA,NA,NA,NA,https://www.racingsportscars.com/images/car_no_photo.png,https://www.racingsportscars.com/about.html#contrib,https://www.racingsportscars.com/make/photo/BMW.html,https://www.racingsportscars.com/type/photo/BMW/M3.html,NA,NA
nurburgring,1988-06-19,121,VW Polo Coupé - VW,NA,Class 5,,-,-,Horst Farnbacher/Volker Cordlandwehr (D)/Joachim Weege,NA,NA,NA,NA,NA,VW,Polo,Coupé,NA,Result: did not finishGrid:,did not finishGrid:,not_finished,NA,NA,NA,NA,https://www.racingsportscars.com/images/car_no_photo.png,https://www.racingsportscars.com/about.html#contrib,https://www.racingsportscars.com/make/photo/VW.html,https://www.racingsportscars.com/type/photo/VW/Polo.html,https://www.racingsportscars.com/suffix/photo/VW/Polo/Coup%c3%a9.html,NA
nurburgring,1988-06-19,264,BMW 524td # - BMW Turbo Diesel,NA,Class 24,,Closed bodywork,Front-engined,Fred Koch/Michael Martini (D)/Gerd Hakenesch,NA,NA,NA,NA,NA,BMW,524td,NA,#,Result: did not finishGrid:,did not finishGrid:,not_finished,NA,NA,NA,NA,https://www.racingsportscars.com/images/car_no_photo.png,https://www.racingsportscars.com/about.html#contrib,https://www.racingsportscars.com/make/photo/BMW.html,https://www.racingsportscars.com/type/photo/BMW/524td.html,NA,https://www.racingsportscars.com/chassis/photo/524-Koch%23.html
nurburgring,1988-06-19,104,Lotus Caterham,NA,Class 4,,-,-,Reg Price (GB)/Jez Coates/Andy Noble,NA,NA,NA,NA,NA,Lotus,Caterham,NA,NA,Result: did not finishGrid:,did not finishGrid:,not_finished,NA,NA,NA,NA,https://www.racingsportscars.com/images/car_no_photo.png,https://www.racingsportscars.com/about.html#contrib,https://www.racingsportscars.com/make/photo/Lotus.html,https://www.racingsportscars.com/type/photo/Lotus/Caterham.html,NA,NA
nurburgring,1988-06-19,222,Fiat Uno Turbo Kat. - Fiat,NA,Class 21,MSC Adenau e. V. im ADAC,-,-,Manfred Schreiner/Peter Geyer (A)/Horst Fohr,NA,NA,NA,NA,NA,Fiat,Uno,Turbo Kat.,NA,Result: did not finishGrid:,did not finishGrid:,not_finished,NA,NA,NA,NA,https://www.racingsportscars.com/images/car_no_photo.png,https://www.racingsportscars.com/about.html#contrib,https://www.racingsportscars.com/make/photo/Fiat.html,https://www.racingsportscars.com/type/photo/Fiat/Uno.html,https://www.racingsportscars.com/suffix/photo/Fiat/Uno/Turbo%20Kat._.html,NA
nurburgring,1988-06-19,259,Nissan B12 Kat. - Nissan,NA,Class 23,MSC Adenau e. V. im ADAC (D),-,-,Edgar Rausch/Josef Esser/Manfred Anspann (D),NA,NA,NA,NA,NA,Nissan,B12,Kat.,NA,Result: did not finishGrid:,did not finishGrid:,not_finished,NA,NA,NA,NA,https://www.racingsportscars.com/images/car_no_photo.png,https://www.racingsportscars.com/about.html#contrib,https://www.racingsportscars.com/make/photo/Nissan.html,https://www.racingsportscars.com/type/photo/Nissan/B12.html,https://www.racingsportscars.com/suffix/photo/Nissan/B12/Kat._.html,NA
nurburgring,1988-06-19,12,Mercedes-Benz 190 E 2.3-16 - Mercedes-Benz L4 4v 2323 cc N/A,NA,Class 7,IPS-JET-Racing,Closed bodywork,Front-engined,"Per Stureson (S)/Siegfried Müller, Jr. (D)/Örnulf Wirdheim (S)",NA,NA,NA,NA,NA,Mercedes-Benz,190 E,2.3-16,NA,Result: did not finishGrid:,did not finishGrid:,not_finished,NA,NA,NA,NA,https://www.racingsportscars.com/images/car_no_photo.png,https://www.racingsportscars.com/about.html#contrib,https://www.racingsportscars.com/make/photo/Mercedes-Benz.html,https://www.racingsportscars.com/type/photo/Mercedes-Benz/190%20E.html,https://www.racingsportscars.com/suffix/photo/Mercedes-Benz/190%20E/2.3-16.html,NA
nurburgring,1988-06-19,32,VW Scirocco 16V - VW,NA,Class 10,AM-Motorsport,-,-,Hans-Günther Müller/Wilfried Becker/Peter Hammer,NA,NA,NA,NA,NA,VW,Scirocco,16V,NA,Result: did not finishGrid:,did not finishGrid:,not_finished,NA,NA,NA,NA,https://www.racingsportscars.com/images/car_no_photo.png,https://www.racingsportscars.com/about.html#contrib,https://www.racingsportscars.com/make/photo/VW.html,https://www.racingsportscars.com/type/photo/VW/Scirocco.html,https://www.racingsportscars.com/suffix/photo/VW/Scirocco/16V.html,NA
nurburgring,1988-06-19,165,VW Golf GTI - VW,NA,Class 16,MSC Ruhrblitz e. V.,-,-,Peter Feischen/Gerd Niehaus (D)/Georg Baumeister (D),NA,NA,NA,NA,NA,VW,Golf,GTI,NA,Result: did not finishGrid:,did not finishGrid:,not_finished,NA,NA,NA,NA,https://www.racingsportscars.com/images/car_no_photo.png,https://www.racingsportscars.com/about.html#contrib,https://www.racingsportscars.com/make/photo/VW.html,https://www.racingsportscars.com/type/photo/VW/Golf.html,https://www.racingsportscars.com/suffix/photo/VW/Golf/GTI.html,NA
nurburgring,1988-06-19,172,Opel Kadett GSi - Opel,NA,Class 16,,Closed bodywork,Front-engined,Udo Piesack (D)/Petro Crassos/Josef Wilhelmy (D),NA,NA,NA,NA,NA,Opel,Kadett,GSi,NA,Result: did not finishGrid:,did not finishGrid:,not_finished,NA,NA,NA,NA,https://www.racingsportscars.com/images/car_no_photo.png,https://www.racingsportscars.com/about.html#contrib,https://www.racingsportscars.com/make/photo/Opel.html,https://www.racingsportscars.com/type/photo/Opel/Kadett.html,https://www.racingsportscars.com/suffix/photo/Opel/Kadett/GSi.html,NA
nurburgring,1988-06-19,122,VW Polo Coupé - VW,NA,Class 5,MSC Sinzig e. V. im ADAC,-,-,Norbert Nolden/Dietmar Simon/Martin Meffert,NA,NA,NA,NA,NA,VW,Polo,Coupé,NA,Result: did not finishGrid:,did not finishGrid:,not_finished,NA,NA,NA,NA,https://www.racingsportscars.com/images/car_no_photo.png,https://www.racingsportscars.com/about.html#contrib,https://www.racingsportscars.com/make/photo/VW.html,https://www.racingsportscars.com/type/photo/VW/Polo.html,https://www.racingsportscars.com/suffix/photo/VW/Polo/Coup%c3%a9.html,NA
nurburgring,1988-06-19,218,VW Golf GTI - VW,NA,Class 20,Scuderia Avus e. V.,-,-,Hardy Wroblewicz/Oliver Freymuth (D)/Martin Hörter (D),NA,NA,NA,NA,NA,VW,Golf,GTI,NA,Result: did not finishGrid:,did not finishGrid:,not_finished,NA,NA,NA,NA,https://www.racingsportscars.com/images/car_no_photo.png,https://www.racingsportscars.com/about.html#contrib,https://www.racingsportscars.com/make/photo/VW.html,https://www.racingsportscars.com/type/photo/VW/Golf.html,https://www.racingsportscars.com/suffix/photo/VW/Golf/GTI.html,NA
nurburgring,1988-06-19,262,Opel Ascona - Opel,NA,Class 23,,Closed bodywork,Front-engined,Meinhard Rittmeier/Axel Kaczmarek (D)/Bernd Viebranz (D),NA,NA,NA,NA,NA,Opel,Ascona,NA,NA,Result: did not finishGrid:,did not finishGrid:,not_finished,NA,NA,NA,NA,https://www.racingsportscars.com/images/car_no_photo.png,https://www.racingsportscars.com/about.html#contrib,https://www.racingsportscars.com/make/photo/Opel.html,https://www.racingsportscars.com/type/photo/Opel/Ascona.html,NA,NA
nurburgring,1988-06-19,142,Ford Sierra Cosworth - Ford,NA,Class 14,ACBL Remscheid e. V.,-,-,Reinhard Schönstein/Winfried Urbinger/Stefan Schlesack (D),NA,NA,NA,NA,NA,Ford,Sierra,Cosworth,NA,Result: did not finishGrid:,did not finishGrid:,not_finished,NA,NA,NA,NA,https://www.racingsportscars.com/images/car_no_photo.png,https://www.racingsportscars.com/about.html#contrib,https://www.racingsportscars.com/make/photo/Ford.html,https://www.racingsportscars.com/type/photo/Ford/Sierra.html,https://www.racingsportscars.com/suffix/photo/Ford/Sierra/Cosworth.html,NA
nurburgring,1988-06-19,212,Honda CRX - Honda,NA,Class 20,Renngemeinschaft Sieglar e. V. im ADAC,-,-,Frank Herold/Jörg Enseler/Dierk Warnemünde,NA,NA,NA,NA,NA,Honda,CRX,NA,NA,Result: did not finishGrid:,did not finishGrid:,not_finished,NA,NA,NA,NA,https://www.racingsportscars.com/images/car_no_photo.png,https://www.racingsportscars.com/about.html#contrib,https://www.racingsportscars.com/make/photo/Honda.html,https://www.racingsportscars.com/type/photo/Honda/CRX.html,NA,NA
nurburgring,1988-06-19,26,BMW 325i - BMW,NA,Class 9,,-,-,"""Mastop""/Franz Dufter (D)/Robert Walterscheid-Müller (D)",NA,NA,NA,NA,NA,BMW,325i,NA,NA,Result: did not finishGrid:,did not finishGrid:,not_finished,NA,NA,NA,NA,https://www.racingsportscars.com/images/car_no_photo.png,https://www.racingsportscars.com/about.html#contrib,https://www.racingsportscars.com/make/photo/BMW.html,https://www.racingsportscars.com/type/photo/BMW/325i.html,NA,NA
nurburgring,1988-06-19,128,Fiat Uno - Fiat,NA,Class 5,,-,-,Wolfgang Wolter/Werner Neugebauer (BR)/Lothar Moll (D),NA,NA,NA,NA,NA,Fiat,Uno,NA,NA,Result: did not finishGrid:,did not finishGrid:,not_finished,NA,NA,NA,NA,https://www.racingsportscars.com/images/car_no_photo.png,https://www.racingsportscars.com/about.html#contrib,https://www.racingsportscars.com/make/photo/Fiat.html,https://www.racingsportscars.com/type/photo/Fiat/Uno.html,NA,NA
nurburgring,1988-06-19,198,Suzuki Swift - Suzuki,NA,Class 18,(D),-,-,Klaus-Dieter Häckel/Martin Tschornia (D),NA,NA,NA,NA,NA,Suzuki,Swift,NA,NA,Result: did not finishGrid:,did not finishGrid:,not_finished,NA,NA,NA,NA,https://www.racingsportscars.com/images/car_no_photo.png,https://www.racingsportscars.com/about.html#contrib,https://www.racingsportscars.com/make/photo/Suzuki.html,https://www.racingsportscars.com/type/photo/Suzuki/Swift.html,NA,NA
nurburgring,1988-06-19,237,BMW 325i - BMW,NA,Class 21,,-,-,Michael Eschmann (D)/Stephan Weber/Peter Schumacher (D),NA,NA,NA,NA,NA,BMW,325i,NA,NA,Result: did not finishGrid:,did not finishGrid:,not_finished,NA,NA,NA,NA,https://www.racingsportscars.com/images/car_no_photo.png,https://www.racingsportscars.com/about.html#contrib,https://www.racingsportscars.com/make/photo/BMW.html,https://www.racingsportscars.com/type/photo/BMW/325i.html,NA,NA
nurburgring,1988-06-19,124,Talbot Samba - Peugeot,NA,Class 5,,-,-,Dieter Radecki/Dieter Jakob/Hartmut Radecki,NA,NA,NA,NA,NA,Talbot,Samba,NA,NA,Result: did not finishGrid:,did not finishGrid:,not_finished,NA,NA,NA,NA,https://www.racingsportscars.com/images/car_no_photo.png,https://www.racingsportscars.com/about.html#contrib,https://www.racingsportscars.com/make/photo/Talbot.html,https://www.racingsportscars.com/type/photo/Talbot/Samba.html,NA,NA
nurburgring,1988-06-19,48,Mercedes-Benz 500 E - Mercedes-Benz,NA,Class 1,Firma Classen Automobile,-,-,Hans-Winand Claassen (D)/Ulli Richter (D)/Manfred Trint (D),NA,NA,NA,NA,NA,Mercedes-Benz,500 E,NA,NA,Result: did not finishGrid:,did not finishGrid:,not_finished,NA,NA,NA,NA,https://www.racingsportscars.com/images/car_no_photo.png,https://www.racingsportscars.com/about.html#contrib,https://www.racingsportscars.com/make/photo/Mercedes-Benz.html,https://www.racingsportscars.com/type/photo/Mercedes-Benz/500%20E.html,NA,NA
nurburgring,1988-06-19,133,VW Polo Coupé - VW,NA,Class 5,,-,-,Bruno Jung/Wolfgang Bänfer/Eberhard Judt,NA,NA,NA,NA,NA,VW,Polo,Coupé,NA,Result: did not finishGrid:,did not finishGrid:,not_finished,NA,NA,NA,NA,https://www.racingsportscars.com/images/car_no_photo.png,https://www.racingsportscars.com/about.html#contrib,https://www.racingsportscars.com/make/photo/VW.html,https://www.racingsportscars.com/type/photo/VW/Polo.html,https://www.racingsportscars.com/suffix/photo/VW/Polo/Coup%c3%a9.html,NA
nurburgring,1988-06-19,116,Škoda 130 RS # - Škoda N/A,NA,Class 5,Škoda Team ČSSR (D),Closed bodywork,Rear-engined,Axel Irek/Willi Obermann (D)/Florian Kögel,NA,NA,NA,NA,NA,Škoda,130 RS,NA,#,Result: did not finishGrid:,did not finishGrid:,not_finished,NA,NA,NA,NA,https://www.racingsportscars.com/images/car_no_photo.png,https://www.racingsportscars.com/about.html#contrib,https://www.racingsportscars.com/make/photo/%c5%a0koda.html,https://www.racingsportscars.com/type/photo/%c5%a0koda/130%20RS.html,NA,https://www.racingsportscars.com/chassis/photo/S130RS-Kogel%23.html
nurburgring,1988-06-19,4,BMW 635 CSi - BMW M30 L6 2v SOHC 3475 cc N/A,NA,Class 8,RG Bergisch-Gladbach e. V. im ADAC,Closed bodywork,Front-engined,Werner Felder (D)/Norbert Philipps (D)/Fritz Möller (D),NA,NA,NA,NA,NA,BMW,635 CSi,NA,NA,Result: did not finishGrid:,did not finishGrid:,not_finished,NA,NA,NA,NA,https://www.racingsportscars.com/images/car_no_photo.png,https://www.racingsportscars.com/about.html#contrib,https://www.racingsportscars.com/make/photo/BMW.html,https://www.racingsportscars.com/type/photo/BMW/635%20CSi.html,NA,NA
nurburgring,1988-06-19,94,VW Golf GTI - VW,NA,Class 4,MSC Dhünn e. V.,-,-,Meinhard Rittmeier/Bernd Viebranz (D)/Rolf John,NA,NA,NA,NA,NA,VW,Golf,GTI,NA,Result: did not finishGrid:,did not finishGrid:,not_finished,NA,NA,NA,NA,https://www.racingsportscars.com/images/car_no_photo.png,https://www.racingsportscars.com/about.html#contrib,https://www.racingsportscars.com/make/photo/VW.html,https://www.racingsportscars.com/type/photo/VW/Golf.html,https://www.racingsportscars.com/suffix/photo/VW/Golf/GTI.html,NA
nurburgring,1988-06-19,100,VW Scirocco - VW,NA,Class 4,,-,-,Günter Classen/Heinz-Jürgen Kalinowski/Reinhard Grüttner,NA,NA,NA,NA,NA,VW,Scirocco,NA,NA,Result: did not finishGrid:,did not finishGrid:,not_finished,NA,NA,NA,NA,https://www.racingsportscars.com/images/car_no_photo.png,https://www.racingsportscars.com/about.html#contrib,https://www.racingsportscars.com/make/photo/VW.html,https://www.racingsportscars.com/type/photo/VW/Scirocco.html,NA,NA
nurburgring,1988-06-19,158,BMW M3 - BMW,NA,Class 15,MSC Adenau e. V. im ADAC,Closed bodywork,Front-engined,"Reinhard Sesterheim/Hans-Günter Stoffel, Jr. (D)/Jürgen Kremerskothen (D)",NA,NA,NA,NA,NA,BMW,M3,NA,NA,Result: did not finishGrid:,did not finishGrid:,not_finished,NA,NA,NA,NA,https://www.racingsportscars.com/images/car_no_photo.png,https://www.racingsportscars.com/about.html#contrib,https://www.racingsportscars.com/make/photo/BMW.html,https://www.racingsportscars.com/type/photo/BMW/M3.html,NA,NA
nurburgring,1988-06-19,117,Škoda 130 - Škoda,NA,Class 5,Škoda Team ČSSR,-,-,Dirk Obermann (D)/Berthold Bassfeld/Konrad Bungart,NA,NA,NA,NA,NA,Škoda,130,NA,NA,Result: did not finishGrid:,did not finishGrid:,not_finished,NA,NA,NA,NA,https://www.racingsportscars.com/images/car_no_photo.png,https://www.racingsportscars.com/about.html#contrib,https://www.racingsportscars.com/make/photo/%c5%a0koda.html,https://www.racingsportscars.com/type/photo/%c5%a0koda/130.html,NA,NA
nurburgring,1988-06-19,148,Ford Sierra Cosworth - Ford,NA,Class 14,Team Sonax Autopflege (D),-,-,Brigitte Briel/Andreas Buhk/Horst von Saurma-Jeltsch (D),NA,NA,NA,NA,NA,Ford,Sierra,Cosworth,NA,Result: did not finishGrid:,did not finishGrid:,not_finished,NA,NA,NA,NA,https://www.racingsportscars.com/images/car_no_photo.png,https://www.racingsportscars.com/about.html#contrib,https://www.racingsportscars.com/make/photo/Ford.html,https://www.racingsportscars.com/type/photo/Ford/Sierra.html,https://www.racingsportscars.com/suffix/photo/Ford/Sierra/Cosworth.html,NA
nurburgring,1988-06-19,127,VW Polo Coupé - VW,NA,Class 5,,-,-,Peter Simmel/Heinrich Borsbach,NA,NA,NA,NA,NA,VW,Polo,Coupé,NA,Result: did not finishGrid:,did not finishGrid:,not_finished,NA,NA,NA,NA,https://www.racingsportscars.com/images/car_no_photo.png,https://www.racingsportscars.com/about.html#contrib,https://www.racingsportscars.com/make/photo/VW.html,https://www.racingsportscars.com/type/photo/VW/Polo.html,https://www.racingsportscars.com/suffix/photo/VW/Polo/Coup%c3%a9.html,NA
nurburgring,1988-06-19,60,Opel Manta 400 - Opel,NA,Class 2,Mantzel Opel Tuning,Closed bodywork,Front-engined,Heinz-Otto Fritzsche (D)/Jürgen Fritzsche (D)/Kris Nissen (DK),NA,NA,NA,NA,NA,Opel,Manta,400,NA,Result: did not finishGrid:,did not finishGrid:,not_finished,NA,NA,NA,NA,https://www.racingsportscars.com/images/car_no_photo.png,https://www.racingsportscars.com/about.html#contrib,https://www.racingsportscars.com/make/photo/Opel.html,https://www.racingsportscars.com/type/photo/Opel/Manta.html,https://www.racingsportscars.com/suffix/photo/Opel/Manta/400.html,NA
nurburgring,1988-06-19,21,BMW M3 - BMW,NA,Class 9,BMW Motorsport GmbH,Closed bodywork,Front-engined,/Eddy Joosen (B)/Marc Duez (B)/Eric van de Poele (B),NA,NA,NA,NA,NA,BMW,M3,NA,NA,Result: did not finishGrid:,did not finishGrid:,not_finished,NA,NA,NA,NA,https://www.racingsportscars.com/images/car_no_photo.png,https://www.racingsportscars.com/about.html#contrib,https://www.racingsportscars.com/make/photo/BMW.html,https://www.racingsportscars.com/type/photo/BMW/M3.html,NA,NA
nurburgring,1988-06-19,252,BMW 320i Kat. - BMW,NA,Class 22,MSC Adenau e. V. im ADAC,Closed bodywork,Front-engined,Karl Jacobs (B)/Ahmad Khodkar (CDN)/Des Hockley,NA,NA,NA,NA,NA,BMW,320i,Kat.,NA,Result: did not finishGrid:,did not finishGrid:,not_finished,NA,NA,NA,NA,https://www.racingsportscars.com/images/car_no_photo.png,https://www.racingsportscars.com/about.html#contrib,https://www.racingsportscars.com/make/photo/BMW.html,https://www.racingsportscars.com/type/photo/BMW/320i.html,https://www.racingsportscars.com/suffix/photo/BMW/320i/Kat._.html,NA
nurburgring,1988-06-19,88,Opel Manta - Opel,NA,Class 3,,Closed bodywork,Front-engined,Hartmut Bauer (D)/Karl-Heinz Sauer (D)/Reinhold Mölig (D),NA,NA,NA,NA,NA,Opel,Manta,NA,NA,Result: did not finishGrid:,did not finishGrid:,not_finished,NA,NA,NA,NA,https://www.racingsportscars.com/images/car_no_photo.png,https://www.racingsportscars.com/about.html#contrib,https://www.racingsportscars.com/make/photo/Opel.html,https://www.racingsportscars.com/type/photo/Opel/Manta.html,NA,NA
nurburgring,1988-06-19,141,Ford Sierra Cosworth - Ford,NA,Class 14,Ford Mohag Motorsport,-,-,Traudl Klink/Antonio Palmato/Gianni Giudici (I),NA,NA,NA,NA,NA,Ford,Sierra,Cosworth,NA,Result: did not finishGrid:,did not finishGrid:,not_finished,NA,NA,NA,NA,https://www.racingsportscars.com/images/car_no_photo.png,https://www.racingsportscars.com/about.html#contrib,https://www.racingsportscars.com/make/photo/Ford.html,https://www.racingsportscars.com/type/photo/Ford/Sierra.html,https://www.racingsportscars.com/suffix/photo/Ford/Sierra/Cosworth.html,NA
nurburgring,1988-06-19,200,Suzuki Swift - Suzuki,NA,Class 18,ACBL Remscheid e. V.,-,-,Stefan Koch/Thomas Stoltz/Jürgen Hagenkötter,NA,NA,NA,NA,NA,Suzuki,Swift,NA,NA,Result: did not finishGrid:,did not finishGrid:,not_finished,NA,NA,NA,NA,https://www.racingsportscars.com/images/car_no_photo.png,https://www.racingsportscars.com/about.html#contrib,https://www.racingsportscars.com/make/photo/Suzuki.html,https://www.racingsportscars.com/type/photo/Suzuki/Swift.html,NA,NA
nurburgring,1988-06-19,97,VW Jetta - VW,NA,Class 4,AC Niederelbe e. V.,-,-,Thomas Schacht/Manuela Lange,NA,NA,NA,NA,NA,VW,Jetta,NA,NA,Result: did not finishGrid:,did not finishGrid:,not_finished,NA,NA,NA,NA,https://www.racingsportscars.com/images/car_no_photo.png,https://www.racingsportscars.com/about.html#contrib,https://www.racingsportscars.com/make/photo/VW.html,https://www.racingsportscars.com/type/photo/VW/Jetta.html,NA,NA
nurburgring,1988-06-19,86,Opel Manta - Opel,NA,Class 3,ACBL Remscheid e. V.,Closed bodywork,Front-engined,Andreas Becker (D)/Volker Imhof (D)/Wilfried Gollombeck (D),NA,NA,NA,NA,NA,Opel,Manta,NA,NA,Result: did not finishGrid:,did not finishGrid:,not_finished,NA,NA,NA,NA,https://www.racingsportscars.com/images/car_no_photo.png,https://www.racingsportscars.com/about.html#contrib,https://www.racingsportscars.com/make/photo/Opel.html,https://www.racingsportscars.com/type/photo/Opel/Manta.html,NA,NA
nurburgring,1988-06-19,230,Honda Civic CRX - Honda,NA,Class 21,,-,-,Herbert Paidla/Gunter Sotier/Arno Bakaus,NA,NA,NA,NA,NA,Honda,Civic,CRX,NA,Result: did not finishGrid:,did not finishGrid:,not_finished,NA,NA,NA,NA,https://www.racingsportscars.com/images/car_no_photo.png,https://www.racingsportscars.com/about.html#contrib,https://www.racingsportscars.com/make/photo/Honda.html,https://www.racingsportscars.com/type/photo/Honda/Civic.html,https://www.racingsportscars.com/suffix/photo/Honda/Civic/CRX.html,NA
nurburgring,1988-06-19,106,Audi 80 - Audi,NA,Class 4,RG MSC Langenfeld e. V. im ADAC,-,-,Siegbert Matthews/Siegfried Schlacks (D)/Gerhard Hennemann (D),NA,NA,NA,NA,NA,Audi,80,NA,NA,Result: did not finishGrid:,did not finishGrid:,not_finished,NA,NA,NA,NA,https://www.racingsportscars.com/images/car_no_photo.png,https://www.racingsportscars.com/about.html#contrib,https://www.racingsportscars.com/make/photo/Audi.html,https://www.racingsportscars.com/type/photo/Audi/80.html,NA,NA
nurburgring,1988-06-19,16,Mercedes-Benz 190 E 2.3-16 - Mercedes-Benz L4 4v 2323 cc N/A,NA,Class 7,STAR-Marko-RSM,Closed bodywork,Front-engined,Jörg van Ommen (D)/Franz Klammer (A)/Roland Asch (D),NA,NA,NA,NA,NA,Mercedes-Benz,190 E,2.3-16,NA,Result: did not finishGrid:,did not finishGrid:,not_finished,NA,NA,NA,NA,https://www.racingsportscars.com/images/car_no_photo.png,https://www.racingsportscars.com/about.html#contrib,https://www.racingsportscars.com/make/photo/Mercedes-Benz.html,https://www.racingsportscars.com/type/photo/Mercedes-Benz/190%20E.html,https://www.racingsportscars.com/suffix/photo/Mercedes-Benz/190%20E/2.3-16.html,NA
nurburgring,1988-06-19,10,BMW M3 - BMW,NA,Class 7,BMW Motorsport GmbH,Closed bodywork,Front-engined,Roberto Ravaglia (I)/Harald Grohs (D)/Markus Oestreich (D),NA,NA,NA,NA,NA,BMW,M3,NA,NA,Result: did not finishGrid:,did not finishGrid:,not_finished,NA,NA,NA,NA,https://www.racingsportscars.com/images/car_no_photo.png,https://www.racingsportscars.com/about.html#contrib,https://www.racingsportscars.com/make/photo/BMW.html,https://www.racingsportscars.com/type/photo/BMW/M3.html,NA,NA
nurburgring,1988-06-19,98,Audi 80 - Audi,NA,Class 4,,-,-,Manfred Lauderbach (D)/Friedrich Scholl (D)/Heinz Wirth (CH),NA,NA,NA,NA,NA,Audi,80,NA,NA,Result: did not finishGrid:,did not finishGrid:,not_finished,NA,NA,NA,NA,https://www.racingsportscars.com/images/car_no_photo.png,https://www.racingsportscars.com/about.html#contrib,https://www.racingsportscars.com/make/photo/Audi.html,https://www.racingsportscars.com/type/photo/Audi/80.html,NA,NA
nurburgring,1988-06-19,197,Suzuki Swift - Suzuki,NA,Class 18,,-,-,Fritz Haslbeck/Erwin Kalb/Hubert Wirth,NA,NA,NA,NA,NA,Suzuki,Swift,NA,NA,Result: did not finishGrid:,did not finishGrid:,not_finished,NA,NA,NA,NA,https://www.racingsportscars.com/images/car_no_photo.png,https://www.racingsportscars.com/about.html#contrib,https://www.racingsportscars.com/make/photo/Suzuki.html,https://www.racingsportscars.com/type/photo/Suzuki/Swift.html,NA,NA
nurburgring,1988-06-19,18,BMW M3 - BMW,NA,Class 7,Vallier Motorsport,Closed bodywork,Front-engined,Leopold von Bayern (D)/Frank Schmickler (A)/Mario Ketterer (D),NA,NA,NA,NA,NA,BMW,M3,NA,NA,Result: did not finishGrid:,did not finishGrid:,not_finished,NA,NA,NA,NA,https://www.racingsportscars.com/images/car_no_photo.png,https://www.racingsportscars.com/about.html#contrib,https://www.racingsportscars.com/make/photo/BMW.html,https://www.racingsportscars.com/type/photo/BMW/M3.html,NA,NA
nurburgring,1988-06-19,53,Porsche 928 - Porsche,NA,Class 1,Wehmeier & Castrup,-,-,Knuth Mentel (D)/Fritz Müller (D)/Roland Kußmaul (D),NA,NA,NA,NA,NA,Porsche,928,NA,NA,Result: did not finishGrid:,did not finishGrid:,not_finished,NA,NA,NA,NA,https://www.racingsportscars.com/images/car_no_photo.png,https://www.racingsportscars.com/about.html#contrib,https://www.racingsportscars.com/make/photo/Porsche.html,https://www.racingsportscars.com/type/photo/Porsche/928.html,NA,NA
nurburgring,1988-06-19,79,Toyota Celica - Toyota,NA,Class 3,Toyota Autohaus Brune,-,-,Karl-Ernst Brune (D)/Willi Odermatt (D)/Peter Wyss (CH),NA,NA,NA,NA,NA,Toyota,Celica,NA,NA,Result: did not finishGrid:,did not finishGrid:,not_finished,NA,NA,NA,NA,https://www.racingsportscars.com/images/car_no_photo.png,https://www.racingsportscars.com/about.html#contrib,https://www.racingsportscars.com/make/photo/Toyota.html,https://www.racingsportscars.com/type/photo/Toyota/Celica.html,NA,NA
nurburgring,1988-06-19,89,BMW 320 - BMW N/A,NA,Class 3,,Closed bodywork,Front-engined,Friedrich Burgmann (D)/Martin Wagenstetter (D)/Dieter Bergermann (D),NA,NA,NA,NA,NA,BMW,320,NA,NA,Result: did not finishGrid:,did not finishGrid:,not_finished,NA,NA,NA,NA,https://www.racingsportscars.com/images/car_no_photo.png,https://www.racingsportscars.com/about.html#contrib,https://www.racingsportscars.com/make/photo/BMW.html,https://www.racingsportscars.com/type/photo/BMW/320.html,NA,NA
nurburgring,1988-06-19,55,Porsche 911 Carrera SC - Porsche F6 2v SOHC,NA,Class 2,Sportfahrergemeinschaft Köln e. V. im ADAC,Closed bodywork,Rear-engined,Franz Groß (D)/Thomas Spörel/Wilfried Müchen,NA,NA,NA,NA,NA,Porsche,911 Carrera,SC,NA,Result: did not finishGrid:,did not finishGrid:,not_finished,NA,NA,NA,NA,https://www.racingsportscars.com/images/car_no_photo.png,https://www.racingsportscars.com/about.html#contrib,https://www.racingsportscars.com/make/photo/Porsche.html,https://www.racingsportscars.com/type/photo/Porsche/911%20Carrera.html,https://www.racingsportscars.com/suffix/photo/Porsche/911%20Carrera/SC.html,NA
nurburgring,1988-06-19,227,Opel Kadett C - Opel,NA,Class 21,Grenzland Motor-Club Walheim e. V.,Closed bodywork,Front-engined,Wolfgang Savelsbergh (D)/Franz Deutz/Bernd Lenz,NA,NA,NA,NA,NA,Opel,Kadett,C,NA,Result: did not finishGrid:,did not finishGrid:,not_finished,NA,NA,NA,NA,https://www.racingsportscars.com/images/car_no_photo.png,https://www.racingsportscars.com/about.html#contrib,https://www.racingsportscars.com/make/photo/Opel.html,https://www.racingsportscars.com/type/photo/Opel/Kadett.html,https://www.racingsportscars.com/suffix/photo/Opel/Kadett/C.html,NA
nurburgring,1988-06-19,260,Ford Escort - Ford,NA,Class 23,Best Motorsport,Closed bodywork,Front-engined,Gerold Bamberger/Gerd Fisseler/Michael Kirsch,NA,NA,NA,NA,NA,Ford,Escort,NA,NA,Result: did not finishGrid:,did not finishGrid:,not_finished,NA,NA,NA,NA,https://www.racingsportscars.com/images/car_no_photo.png,https://www.racingsportscars.com/about.html#contrib,https://www.racingsportscars.com/make/photo/Ford.html,https://www.racingsportscars.com/type/photo/Ford/Escort.html,NA,NA
nurburgring,1988-06-19,191,Suzuki Swift - Suzuki,NA,Class 18,,-,-,Frank Berenbeck/Bernd Berenbeck/Klaus-Peter Böck,NA,NA,NA,NA,NA,Suzuki,Swift,NA,NA,Result: did not finishGrid:,did not finishGrid:,not_finished,NA,NA,NA,NA,https://www.racingsportscars.com/images/car_no_photo.png,https://www.racingsportscars.com/about.html#contrib,https://www.racingsportscars.com/make/photo/Suzuki.html,https://www.racingsportscars.com/type/photo/Suzuki/Swift.html,NA,NA
nurburgring,1988-06-19,19,Mercedes-Benz 190 E 2.3-16 - Mercedes-Benz L4 4v 2323 cc N/A,NA,Class 7,Team VISA Santander International,Closed bodywork,Front-engined,Harald Becker (D)/Christoph Esser (D),NA,NA,NA,NA,NA,Mercedes-Benz,190 E,2.3-16,NA,Result: did not finishGrid:,did not finishGrid:,not_finished,NA,NA,NA,NA,https://www.racingsportscars.com/images/car_no_photo.png,https://www.racingsportscars.com/about.html#contrib,https://www.racingsportscars.com/make/photo/Mercedes-Benz.html,https://www.racingsportscars.com/type/photo/Mercedes-Benz/190%20E.html,https://www.racingsportscars.com/suffix/photo/Mercedes-Benz/190%20E/2.3-16.html,NA
nurburgring,1988-06-19,75,Opel Kadett - Opel,NA,Class 3,Kissling Motorsport,Closed bodywork,Front-engined,Michael Eschmann (D)/Paul Hulverscheid (D)/Dieter Dick,NA,NA,NA,NA,NA,Opel,Kadett,NA,NA,Result: did not finishGrid:,did not finishGrid:,not_finished,NA,NA,NA,NA,https://www.racingsportscars.com/images/car_no_photo.png,https://www.racingsportscars.com/about.html#contrib,https://www.racingsportscars.com/make/photo/Opel.html,https://www.racingsportscars.com/type/photo/Opel/Kadett.html,NA,NA
nurburgring,1988-06-19,216,Opel Kadett GSi - Opel,NA,Class 21,Automobil Club Mülheim Ruhr e. V. (D),Closed bodywork,Front-engined,Claus-Theo Gärtner/Wolfgang Bartlick (D)/Andreas Praschma,NA,NA,NA,NA,NA,Opel,Kadett,GSi,NA,Result: did not finishGrid:,did not finishGrid:,not_finished,NA,NA,NA,NA,https://www.racingsportscars.com/images/car_no_photo.png,https://www.racingsportscars.com/about.html#contrib,https://www.racingsportscars.com/make/photo/Opel.html,https://www.racingsportscars.com/type/photo/Opel/Kadett.html,https://www.racingsportscars.com/suffix/photo/Opel/Kadett/GSi.html,NA
nurburgring,1988-06-19,1,Ford Sierra Cosworth - Ford,NA,Class 8,Ford Texaco Eggenberger Racing Team,-,-,/Klaus Ludwig (D)/Frank Biela (D)/Steve Soper (GB),NA,NA,NA,NA,NA,Ford,Sierra,Cosworth,NA,Result: did not finishGrid:,did not finishGrid:,not_finished,NA,NA,NA,NA,https://www.racingsportscars.com/images/car_no_photo.png,https://www.racingsportscars.com/about.html#contrib,https://www.racingsportscars.com/make/photo/Ford.html,https://www.racingsportscars.com/type/photo/Ford/Sierra.html,https://www.racingsportscars.com/suffix/photo/Ford/Sierra/Cosworth.html,NA
nurburgring,1988-06-19,83,Ford Escort RS 2000 - Ford,NA,Class 3,,Closed bodywork,Front-engined,Klaus Scheer (D)/Wolfgang Zeitschner/Holger Boemann,NA,NA,NA,NA,NA,Ford,Escort,RS 2000,NA,Result: did not finishGrid:,did not finishGrid:,not_finished,NA,NA,NA,NA,https://www.racingsportscars.com/images/car_no_photo.png,https://www.racingsportscars.com/about.html#contrib,https://www.racingsportscars.com/make/photo/Ford.html,https://www.racingsportscars.com/type/photo/Ford/Escort.html,https://www.racingsportscars.com/suffix/photo/Ford/Escort/RS%202000.html,NA
nurburgring,1988-06-19,5,Saab 900 Turbo - Saab Turbo,NA,Class 8,Sportfahrergemeinschaft Köln e. V. im ADAC,-,-,Norbert Mundorf/Rolf Uhr/Martin Weber (D),NA,NA,NA,NA,NA,Saab,900,Turbo,NA,Result: did not finishGrid:,did not finishGrid:,not_finished,NA,NA,NA,NA,https://www.racingsportscars.com/images/car_no_photo.png,https://www.racingsportscars.com/about.html#contrib,https://www.racingsportscars.com/make/photo/Saab.html,https://www.racingsportscars.com/type/photo/Saab/900.html,https://www.racingsportscars.com/suffix/photo/Saab/900/Turbo.html,NA
nurburgring,1988-06-19,85,Opel Manta - Opel,NA,Class 3,Mich Motorsport GmbH,Closed bodywork,Front-engined,Gerd Hoffmann (D)/Max Janitschek (D)/Hermann Tilke (D),NA,NA,NA,NA,NA,Opel,Manta,NA,NA,Result: did not finishGrid:,did not finishGrid:,not_finished,NA,NA,NA,NA,https://www.racingsportscars.com/images/car_no_photo.png,https://www.racingsportscars.com/about.html#contrib,https://www.racingsportscars.com/make/photo/Opel.html,https://www.racingsportscars.com/type/photo/Opel/Manta.html,NA,NA
nurburgring,1988-06-19,170,VW Golf GTI - VW,NA,Class 16,Grenzland Motor-Club Walheim e. V.,-,-,Wilfried Schmitz (D)/Karl Schlemeier/Ralf Kesseböhmer,NA,NA,NA,NA,NA,VW,Golf,GTI,NA,Result: did not finishGrid:,did not finishGrid:,not_finished,NA,NA,NA,NA,https://www.racingsportscars.com/images/car_no_photo.png,https://www.racingsportscars.com/about.html#contrib,https://www.racingsportscars.com/make/photo/VW.html,https://www.racingsportscars.com/type/photo/VW/Golf.html,https://www.racingsportscars.com/suffix/photo/VW/Golf/GTI.html,NA
nurburgring,1988-06-19,76,Ford Escort RS 2000 - Ford,NA,Class 3,,Closed bodywork,Front-engined,Achim Kreim/Heinz Muntermann/Klaus Müller (D),NA,NA,NA,NA,NA,Ford,Escort,RS 2000,NA,Result: did not finishGrid:,did not finishGrid:,not_finished,NA,NA,NA,NA,https://www.racingsportscars.com/images/car_no_photo.png,https://www.racingsportscars.com/about.html#contrib,https://www.racingsportscars.com/make/photo/Ford.html,https://www.racingsportscars.com/type/photo/Ford/Escort.html,https://www.racingsportscars.com/suffix/photo/Ford/Escort/RS%202000.html,NA
nurburgring,1988-06-19,72,Opel Ascona - Opel,NA,Class 3,AC München e. V.,Closed bodywork,Front-engined,Jürgen Ditzinger (D)/Harald Hötzinger/Peter Maisel,NA,NA,NA,NA,NA,Opel,Ascona,NA,NA,Result: did not finishGrid:,did not finishGrid:,not_finished,NA,NA,NA,NA,https://www.racingsportscars.com/images/car_no_photo.png,https://www.racingsportscars.com/about.html#contrib,https://www.racingsportscars.com/make/photo/Opel.html,https://www.racingsportscars.com/type/photo/Opel/Ascona.html,NA,NA
nurburgring,1988-06-19,23,BMW M3 - BMW,NA,Class 9,Herba Proficrafttools-Racing,Closed bodywork,Front-engined,Miloš Bychl (CS)/Peter Faubel (D)/Kurt Thiim (DK),NA,NA,NA,NA,NA,BMW,M3,NA,NA,Result: did not finishGrid:,did not finishGrid:,not_finished,NA,NA,NA,NA,https://www.racingsportscars.com/images/car_no_photo.png,https://www.racingsportscars.com/about.html#contrib,https://www.racingsportscars.com/make/photo/BMW.html,https://www.racingsportscars.com/type/photo/BMW/M3.html,NA,NA
nurburgring,1988-06-19,64,Ford Capri 3.0 - Ford,NA,Class 2,Kamei Crew,Closed bodywork,Front-engined,Helmut Döring (D)/Dieter Gartmann (D)/Karl-Heinz Brinkmann,NA,NA,NA,NA,NA,Ford,Capri,3.0,NA,Result: did not finishGrid:,did not finishGrid:,not_finished,NA,NA,NA,NA,https://www.racingsportscars.com/images/car_no_photo.png,https://www.racingsportscars.com/about.html#contrib,https://www.racingsportscars.com/make/photo/Ford.html,https://www.racingsportscars.com/type/photo/Ford/Capri.html,https://www.racingsportscars.com/suffix/photo/Ford/Capri/3.0.html,NA
