query,image_url,page_url,title,source,image_score
Sainz Toyota Corolla WRC catalunya 1998,https://i.redd.it/sxn99g2xv2k91.jpg,https://www.reddit.com/r/rally/comments/wycgty/1998_toyota_corolla_wrc_driven_by_carlos_sainz/,"1998 Toyota Corolla WRC. Driven by Carlos Sainz, co-driven by Luis Moya. :  r/rally",Reddit,130
Sainz Toyota Corolla WRC catalunya 1998,https://www.snaplap.net/wp-content/uploads/2016/11/ToyotaCorollaWRC-1998-MonteCarlo-Sainz_1.jpg,https://www.snaplap.net/toyota-corolla-wrc/,Toyota Corolla WRC - Pride and Sorrow in the Same Car,SnapLap,130
Sainz Toyota Corolla WRC catalunya 1998,https://pbs.twimg.com/media/HLHRANRbwAA757M.jpg,https://x.com/kfq02400/status/2067663517059277204,Service for 'El Matador' Carlos Sainz at the 34.Rallye Catalunya - Costa  Brava - Rallye de España 1998 Toyota Corolla WRC #5,x.com,130
Sainz Toyota Corolla WRC catalunya 1998,https://preview.redd.it/during-1998-toyota-ran-with-different-liveries-for-some-v0-mdnamrb42a1e1.png?width=994&format=png&auto=webp&s=4996f711a67875d7841bd99f30ea4d3616b9e2dd,https://www.reddit.com/r/WRC/comments/1gsphve/during_1998_toyota_ran_with_different_liveries/,"During 1998, Toyota ran with different liveries for some events. : r/WRC",Reddit,130
Sainz Toyota Corolla WRC catalunya 1998,https://www.snaplap.net/wp-content/uploads/2016/11/ToyotaCorollaWRC-1998-MonteCarlo-Auriol_1.jpg,https://www.snaplap.net/toyota-corolla-wrc/,Toyota Corolla WRC - Pride and Sorrow in the Same Car,SnapLap,130
Sainz Toyota Corolla WRC catalunya 1998,https://c8.alamy.com/comp/A244C1/1998-toyota-corolla-wrc-carlos-sainz-network-q-rally-A244C1.jpg,https://www.alamy.com/stock-photo/1998-toyota-corolla-wrc.html,1998 toyota corolla wrc hi-res stock photography and images - Alamy,Alamy,90
Sainz Toyota Corolla WRC catalunya 1998,https://c8.alamy.com/comp/3DK1XK2/1998-rally-australia-carlos-sainz-and-co-driver-luis-moya-in-their-toyota-corolla-wrc-on-their-way-to-second-place-8-november-1998-perth-australia-3DK1XK2.jpg,https://www.alamy.com/1998-rally-australia-carlos-sainz-and-co-driver-luis-moya-in-their-toyota-corolla-wrc-on-their-way-to-second-place-8-november-1998-perth-australia-image717346433.html,"1998 Rally Australia. Carlos Sainz and co-driver Luis Moya in their Toyota  Corolla WRC on their way to second place, 8 November, 1998. Perth,  Australia Stock Photo - Alamy",Alamy,90
Sainz Toyota Celica Turbo 4WD (ST185) corsica 1992,"https://static.wixstatic.com/media/b5ed70_a6572ba5dd9448ab989df8384c4e5cdb~mv2.jpg/v1/fill/w_320,h_180,fp_0.81_0.6,q_90,enc_avif,quality_auto/b5ed70_a6572ba5dd9448ab989df8384c4e5cdb~mv2.jpg",https://en.ascottcollection.com/toyota-celica-st185-fr,1992 TOYOTA CELICA ST185 Ex Carlos Sainz,Ascott Collection,130
Sainz Toyota Celica Turbo 4WD (ST185) corsica 1992,https://carakoom.com/data/wall/787/63a8fc40.jpg,https://carakoom.com/blog/15692,In his Sainz - Toyota Celica Rally | carakoom.com,carakoom.com,130
Sainz Toyota Celica Turbo 4WD (ST185) corsica 1992,https://upload.wikimedia.org/wikipedia/commons/b/b5/Sainz%2C_Rallye_Catalunya_1992._-_panoramio.jpg,"https://en.wikipedia.org/wiki/File:Sainz,_Rallye_Catalunya_1992._-_panoramio.jpg","File:Sainz, Rallye Catalunya 1992. - panoramio.jpg - Wikipedia",Wikipedia,130
Sainz Toyota Celica Turbo 4WD (ST185) corsica 1992,http://www.turbocelica.nl/images/tteandthest185/1992drivers.jpg,http://www.turbocelica.nl/tteandthest185.htm,Turbocelica.nl - Your GT-Four Carlos Sainz resource,Turbocelica.nl - Your GT-Four Carlos Sainz resource,130
Sainz Toyota Celica Turbo 4WD (ST185) corsica 1992,https://www.secret-classics.com/wp-content/uploads/2020/09/toyotacelicacarlossainz-8.jpg,https://www.secret-classics.com/en/toyota-celica-turbo-4wd-carlos-sainz/,Toyota Celica Turbo 4WD Carlos Sainz - Secret Classics,Secret Classics,90
Sainz Toyota Celica Turbo 4WD (ST185) corsica 1992,https://c8.alamy.com/comp/3DKKB2J/carlos-sainz-with-co-driver-luis-moya-competing-in-the-1992-rally-australia-driving-a-toyota-celica-turbo-4wd-st185-in-perth-australia-21-september-1992-3DKKB2J.jpg,https://www.alamy.com/carlos-sainz-with-co-driver-luis-moya-competing-in-the-1992-rally-australia-driving-a-toyota-celica-turbo-4wd-st185-in-perth-australia-21-september-1992-image717729338.html,"Carlos Sainz with co-driver Luis Moya competing in the 1992 Rally Australia  driving a Toyota Celica Turbo 4WD (ST185). in Perth, Australia, 21  September, 1992 Stock Photo - Alamy",Alamy,90
Sainz Toyota Celica Turbo 4WD (ST185) corsica 1992,https://gpcars4sale.com/wp-content/uploads/Celica-lightpainting-77-500x375.jpg,https://gpcars4sale.com/car/toyota-celica-st185-carlos-sainz-edition-group-n-4x4-rally-car-2/,WRC Toyota Celica GT4 ST185 AWD Group N wide body - GPCars4Sale.com,GPCars4Sale.com,90
Sainz Toyota Celica Turbo 4WD (ST185) corsica 1992,https://www.secret-classics.com/wp-content/uploads/2020/09/toyotacelicacarlossainz-1.jpg,https://www.secret-classics.com/en/toyota-celica-turbo-4wd-carlos-sainz/,Toyota Celica Turbo 4WD Carlos Sainz - Secret Classics,Secret Classics,90
Sainz Toyota Celica Turbo 4WD (ST185) corsica 1992,https://l450v.alamy.com/450v/3dgpth8/driver-carlos-sainz-and-co-driver-luis-moya-in-their-toyota-celica-turbo-4wd-st185-during-the-1992-rally-australia-in-perth-australia-september-21-1992-3dgpth8.jpg,https://www.alamy.com/stock-photo/carlos-sainz-toyota-celica.html,Carlos sainz toyota celica hi-res stock photography and images - Alamy,Alamy,90
Sainz Toyota Celica Turbo 4WD (ST185) corsica 1992,https://content.scalecar.eu/clipart/image_eu_21439/Y06Y9VtJA2BMaI2C-01.jpg,https://www.scalecar.eu/models/ottomobile-ot780-toyota-celica-turbo-4wd-st185-2-carlos-sainz-luis-moya-toyota-team-europe-rallye-automobile-de-monte-carlo-1992-n22160.html,1:18 Toyota Celica Turbo 4WD ST185 #2 Carlos Sainz Luis Moya Toyota Team  Europe Rallye Automobile de Monte-Carlo 1992,ScaleCar.Eu,50
Sainz Toyota Celica GT-4 (ST165) great britain 1990,https://pbs.twimg.com/media/GePD49bXQAAn0-Y.jpg,https://x.com/RallyingUK/status/1865698585603666001,SAINZ / MOYA Lombard RAC Rally 1990 Toyota Team Europe Toyota Celica GT-4 ( ST165) [K-AM 7878] @CSainz_oficial | @lmoya_oficial,x.com,130
Sainz Toyota Celica GT-4 (ST165) great britain 1990,https://carakoom.com/data/wall/787/63a8fc40_medium.jpg,https://carakoom.com/blog/15692,In his Sainz - Toyota Celica Rally | carakoom.com,carakoom.com,130
Sainz Toyota Celica GT-4 (ST165) great britain 1990,https://www.snaplap.net/wp-content/uploads/2016/12/ToyotaCelica-GTFour-ST165_Sainz1990.jpg,https://www.snaplap.net/toyota-celica-gt-four/,Toyota Celica GT-Four is the Most Successful Japanese Rally Car Ever,SnapLap,130
Sainz Toyota Celica GT-4 (ST165) great britain 1990,https://www.sportscarmarket.com/wp-content/uploads/2018/08/1991-toyota-celica-st165-tc-4-55-front.jpg,https://www.sportscarmarket.com/profile/1991-toyota-celica-st165-tc-4-55,1991 Toyota Celica ST165 TC 4-55 - Sports Car Market,Sports Car Market,130
Sainz Toyota Celica GT-4 (ST165) great britain 1990,https://media.gettyimages.com/id/2201726717/photo/1990-world-rally-championship-lombard-rac-rally-great-britain-25-28-november-1990-carlos.jpg?s=612x612&w=gi&k=20&c=XJK9kk2apXfF0LuLa9LLDBhQITodrqdSuqqSmvoRxGs=,https://www.gettyimages.com/photos/motorsport-toyota-celica-gt,"130 Motorsport Toyota Celica Gt Stock Photos, High-Res Pictures, and Images  - Getty Images",Getty Images,90
Sainz Toyota Celica GT-4 (ST165) monte carlo 1990,https://wrcwings.files.wordpress.com/2017/05/sainz_acropolis_1990_1st.jpg,https://www.wrcwings.tech/2017/05/13/toyota-celica-gt-four-put-japan-at-the-top-of-wrc/,Toyota Celica GT Four put Japan on top of WRC – WRCWings,WRCWings,130
Sainz Toyota Celica GT-4 (ST165) monte carlo 1990,https://racemarket.net/oc-content/uploads/66/96614.jpg,https://racemarket.net/rally/rally-cars-for-sale/historic-group-b/toyota-celica-gt-4-st165-ex-armin-schwarz-juha-kankkunen-carlos-sainz-i6641,"Toyota Celica GT-4 (ST165) ex. Armin Schwarz, Juha Kankkunen, Carlos Sainz  - Racemarket.net | Europe's biggest racing marketplace network",Racemarket.net,90
Auriol Toyota Celica Turbo 4WD (ST185) monte carlo 1993,https://d1.momapix.com/photo4/32000f52fdab6f73362506a46c551c5fcee52cf9b993141fac2ed1d1a8d08802a9f58/Image412987.jpg?v.0.70a32110fff0f26d301e58ebbca9cb9f&w=363&h=242,https://www.girardoarchive.com/item/en/1/412968/Rally+Montecarlo+Monte+Carlo+%28MC%29+21-27+01+1993,Girardo & Co. Archive > Photo 412968: Rally Montecarlo Monte Carlo (MC)  21-27 01 1993,The Girardo Archive,130
Auriol Toyota Celica Turbo 4WD (ST185) monte carlo 1993,https://i.redd.it/gcwkufbwl3k41.png,https://www.reddit.com/r/rally/comments/fbxjqz/didier_auriol_montecarlo93_toyota_celica_st185/,Didier Auriol. Montecarlo'93. Toyota Celica ST185. : r/rally,Reddit,130
Auriol Toyota Celica Turbo 4WD (ST185) monte carlo 1993,https://upload.wikimedia.org/wikipedia/commons/thumb/d/d9/The_frontview_of_No.6_Castrol_Celica.JPG/1280px-The_frontview_of_No.6_Castrol_Celica.JPG,https://en.wikipedia.org/wiki/1993_World_Rally_Championship,1993 World Rally Championship - Wikipedia,Wikipedia,130
Auriol Toyota Celica Turbo 4WD (ST185) monte carlo 1993,https://l450v.alamy.com/450v/2bg7h56/rally-monte-carlo-1993-toyota-celica-didier-auriol-2bg7h56.jpg,https://www.alamy.com/rally-monte-carlo-1993-toyota-celica-didier-auriol-image354208994.html,"Rally Monte Carlo 1993, Toyota Celica, Didier Auriol Stock Photo - Alamy",Alamy,90
Auriol Toyota Celica Turbo 4WD (ST185) monte carlo 1993,https://content.scalecar.eu/clipart/image_eu_20725/A48UdHdm2p5PyMAF-85.jpg,https://www.scalecar.eu/models/ottomobile-ot595-toyota-celica-turbo-4wd-st185-didier-auriol-bernard-occelli-toyota-castrol-team-winner-rallye-automobile-de-monte-carlo-1993-n21437.html,1:18 Toyota Celica Turbo 4WD ST185 Didier Auriol Bernard Occelli Toyota  Castrol Team WINNER Rallye Automobile de Monte-Carlo 1993,ScaleCar.Eu,50
Auriol Toyota Celica Turbo 4WD (ST185) monte carlo 1993,https://modely-auticka.cz/30217-large_default/toyota-celica-gt-4-st185-nr3-winner-rallye-monte-carlo-1993.jpg,https://modely-auticka.cz/en/ixo-models/3439-toyota-celica-gt-4-st185-nr3-winner-rallye-monte-carlo-1993-4895102327386.html,"Toyota Celica GT-4 (ST185) Nr.3 Winner Rallye Monte Carlo 1993, IXO Models  1/18",Modely-auticka.cz,50
Auriol Toyota Celica GT-Four (ST205) monte carlo 1995,https://www.snaplap.net/wp-content/uploads/2016/12/ToyotaCelica-GTFour-ST205-1995-auriol-mc.jpg,https://www.snaplap.net/toyota-celica-gt-four/,Toyota Celica GT-Four is the Most Successful Japanese Rally Car Ever,SnapLap,130
Auriol Toyota Celica GT-Four (ST205) monte carlo 1995,https://wrcwings.files.wordpress.com/2017/05/auriolmonte95ret.jpg,https://www.wrcwings.tech/2017/05/13/toyota-celica-gt-four-put-japan-at-the-top-of-wrc/,Toyota Celica GT Four put Japan on top of WRC – WRCWings,WRCWings,130
Auriol Toyota Celica GT-Four (ST205) monte carlo 1995,https://club.shannons.com.au/image-library/news/W5YLFFYXJ3C30961_large/toyota-celica-gt-four-success-and-scandal-of-japans-greatest-rally-car.jpg,https://club.shannons.com.au/club/news/racing-garage/toyota-celica-gt-four-success-and-scandal-of-japans-greatest-rally-car/,Toyota Celica GT-Four: success and scandal of Japan's greatest rally car -  Shannons Club,Shannons Club - Shannons Insurance,130
Auriol Toyota Celica GT-Four (ST205) monte carlo 1995,https://static.wikia.nocookie.net/gran-turismofanon/images/2/27/Toyota_Celica_GT-FOUR_Rally_Car_29_28GT7%25_29.webp/revision/latest/scale-to-width-down/1200?cb=20240426092551,https://gran-turismofanon.fandom.com/wiki/Toyota_CELICA_GT-FOUR_Rally_Car_(ST205)_%2795,Toyota CELICA GT-FOUR Rally Car (ST205) '95 | Gran Turismo Fanon Wiki |  Fandom,Gran Turismo Fanon Wiki - Fandom,50
Waldegard Toyota Supra 3.0i usa olympus 1987,http://tech-racingcars.wdfiles.com/local--files/toyota-supra-ma70-turbo/waldegaard4_clip_image015.jpg,http://tech-racingcars.wikidot.com/toyota-supra-ma70-turbo,Toyota Supra MA70 Turbo group A (1987) - Racing Cars,Racing Cars - Wikidot,130
Waldegard Toyota Supra 3.0i usa olympus 1987,http://tech-racingcars.wdfiles.com/local--files/toyota-supra-ma70-turbo/waldegaard4_clip_image012.jpg,http://tech-racingcars.wikidot.com/toyota-supra-ma70-turbo,Toyota Supra MA70 Turbo group A (1987) - Racing Cars,Racing Cars - Wikidot,130
Waldegard Toyota Supra 3.0i usa olympus 1987,https://c8.alamy.com/comp/2J286JJ/bjorn-waldegard-swe-fred-gallagher-gbr-toyota-supra-30i-gra-toyota-team-europe-2J286JJ.jpg,https://www.alamy.com/stock-photo/supra.html?page=18,Supra hi-res stock photography and images - Page 18 - Alamy,Alamy,90
Waldegard Toyota Supra 3.0i usa olympus 1987,https://c8.alamy.com/comp/2J286JM/bjorn-waldegard-swe-fred-gallagher-gbr-toyota-supra-30i-gra-toyota-team-europe-2J286JM.jpg,https://www.alamy.com/stock-photo/toyota-team-europe.html?pseudoid=8D6684A2-09D3-469B-82BE-2F5008ABA204,Toyota team europe hi-res stock photography and images - Alamy,Alamy,90
